ISO3,Year,trade_pct_of_gdp,merchandise_exports_current_usd,merchandise_imports_current_usd,merchandise_export_price_index,high_tech_exports_pct_of_manuf_exports,logistics_performance_index_overall,logistics_performance_index_customs,logistics_performance_index_infrastructure,logistics_performance_index_timeliness,container_port_traffic_teu,air_freight_million_ton_km,rail_freight_million_ton_km,gdp_current_usd,gdp_growth_annual_pct,gdp_per_capita_ppp_current_intl,inflation_cpi_annual_pct,official_exchange_rate_lcu_per_usd,Country,Region,Official_Region,Sub_Region,export_cagr_nominal_pct,cagr_start_year,cagr_end_year
AFG,2022,72.8854696086536,615000000.0,4232000000.0,78.2,,1.9,2.1,1.7,2.3,,2.444208,,14497243872.1337,-6.24017199240269,2122.65936199211,13.7121023720065,,Afghanistan,South & Southeast Asia,"Middle East, North Africa, Afghanistan & Pakistan",Southern Asia,5.01072248200265,2013.0,2025.0
AGO,2022,56.5380722280743,51275000000.0,17803000000.0,154.5,22.0635039995781,2.1,1.7,2.1,2.1,678333.0,60.34331,,128233959333.275,3.55749206675667,9373.4083091956,21.3552901320822,460.567511631462,Angola,Africa,Sub-Saharan Africa ,Sub-Saharan Africa,-5.997138653237267,2013.0,2025.0
ALB,2022,84.6980435944865,4309000000.0,8399000000.0,176.0,0.0596409977568037,2.5,2.4,2.7,2.5,132965.0,,,19017247013.8821,4.8268006234359,22138.4966146921,6.72520271530059,113.041666666667,Albania,Europe,Europe & Central Asia,Southern Europe,5.300383174959045,2013.0,2025.0
ARE,2022,185.741660631894,515621000000.0,420493000000.0,170.5,9.2877602243891,4.0,3.7,4.1,4.2,20391675.0,12994.52127,,511403404642.173,7.51452414254605,75059.7702106115,5.29122604376849,3.6725,United Arab Emirates,Middle East,"Middle East, North Africa, Afghanistan & Pakistan",Western Asia,5.440656959789525,2013.0,2025.0
ARG,2022,31.5801792606256,88703000000.0,81740000000.0,156.2,4.75157524338594,2.8,2.7,2.8,3.1,1667161.0,130.623464,,633993756301.08,6.02074537534855,29804.0832363731,72.430757531824,130.61655,Argentina,Latin America,Latin America & Caribbean ,Latin America and the Caribbean,1.1476757376074787,2013.0,2025.0
ARM,2022,103.878629213508,5360000000.0,8769000000.0,361.5,21.8475283435373,2.5,2.5,2.6,2.7,,2.381267,,19513506553.1251,12.5999999997766,19158.3333506542,8.64091108973855,435.6661796523,Armenia,Middle East,Europe & Central Asia,Western Asia,15.56152085119864,2013.0,2025.0
ATG,2022,118.302584056113,22000000.0,820000000.0,32.9,0.0,2.9,2.2,2.7,3.4,28000.0,0.701661,,1857114814.81481,8.49776342254205,29761.8058055292,7.53107834634288,2.7,Antigua and Barbuda,Latin America,Latin America & Caribbean ,Latin America and the Caribbean,-6.202396888352213,2013.0,2025.0
AUS,2022,45.6946418805752,412683000000.0,309189000000.0,219.9,25.8318704116272,3.7,3.7,4.1,3.6,9377619.0,1196.58506186,,1695627535475.8,4.25304559238732,66103.1797066957,6.59409658717841,1.44166445896522,Australia,Oceania,East Asia & Pacific,Australia and New Zealand,2.43324902141957,2013.0,2025.0
AUT,2022,123.579578652902,211929000000.0,233519000000.0,138.8,14.9141702472602,4.0,3.7,3.9,4.3,,205.311831,,473221298968.216,5.33096379400371,72286.6352565355,8.54686993188458,0.949623753156941,Austria,Europe,Europe & Central Asia,Western Europe,1.9957455923031553,2013.0,2025.0
AZE,2014,69.4832251953347,28260000000.0,9188000000.0,171.7,7.72948174405788,2.448376,2.571429,2.714286,2.571429,,385.14865,7371.0,75239785452.1022,2.79758521448559,17563.6122454385,1.37344181533176,0.7843475,Azerbaijan,Middle East,Europe & Central Asia,Western Asia,-1.9459583456954643,2013.0,2025.0
BDI,2018,,180000000.0,793000000.0,150.5,25.9363254766862,2.06,1.69,1.95,2.17,,,,2913411408.44783,5.34224473186408,823.013102241659,-2.81469807668465,1782.876875,Burundi,Africa,Sub-Saharan Africa ,Sub-Saharan Africa,11.088094965214923,2013.0,2025.0
BEL,2022,191.053418131592,638282000000.0,625041000000.0,157.8,22.8179135173265,4.0,3.9,4.1,4.2,12334925.0,1687.38336494,,591474463578.602,4.02460852835887,68878.9167847285,9.597511728725,0.949623753156941,Belgium,Europe,Europe & Central Asia,Western Europe,1.6146920879737126,2013.0,2025.0
BEN,2022,44.3815928877424,3719000000.0,4914000000.0,222.1,4.28715620621521,2.9,2.7,2.5,2.7,,,,17425405090.862,6.25294705373625,3843.54493453525,1.35077863583527,622.912348249567,Benin,Africa,Sub-Saharan Africa ,Sub-Saharan Africa,5.999615915915291,2013.0,2025.0
BFA,2022,67.5202901331655,4518000000.0,5504000000.0,207.8,1.5289989764953,2.3,2.0,2.3,2.4,,0.047313,,18622421394.6133,1.62673258211919,2644.82146127902,14.2902354303358,623.759700911182,Burkina Faso,Africa,Sub-Saharan Africa ,Sub-Saharan Africa,13.767261710000689,2013.0,2025.0
BGD,2022,33.7799672705735,51405000000.0,88234000000.0,158.6,,2.6,2.3,2.3,3.0,3200236.0,933.42104484,,460131689083.083,7.09982877575158,8449.20977931373,7.69695437176898,91.7454544396961,Bangladesh,South & Southeast Asia,South Asia,Southern Asia,4.2847113395812375,2013.0,2025.0
BGR,2022,138.844872770267,49925000000.0,57959000000.0,196.8,10.3826775418569,3.2,3.1,3.1,3.5,254854.0,0.86071,,90510784777.6397,4.08386398118941,36320.2814407535,15.3252589264367,1.86014166666667,Bulgaria,Europe,Europe & Central Asia,Eastern Europe,4.174267444941493,2013.0,2025.0
BHR,2022,167.141241152535,30194000000.0,15537000000.0,183.5,0.569959196315979,3.5,3.3,3.6,4.1,383435.0,899.09347,,46458191489.3617,6.18016125475185,61667.8791526737,3.62574104304482,0.376,Bahrain,Middle East,"Middle East, North Africa, Afghanistan & Pakistan",Western Asia,1.5758493620310565,2013.0,2025.0
BHS,2022,75.9829601059237,586000000.0,3840000000.0,130.4,0.0,2.7,2.7,2.5,3.0,1702995.0,15.83292024,,13896800000.0,10.8779009410268,36785.5703317271,5.60540633583044,1.0,"Bahamas, The",Latin America,Latin America & Caribbean ,Latin America and the Caribbean,-1.0906391335515186,2013.0,2025.0
BIH,2022,110.205283719751,9674000000.0,15376000000.0,189.4,5.22474917760104,3.0,2.7,2.6,3.2,,,,24534663636.1778,4.22681333390325,21651.3043527017,14.0208440826771,1.85932587706093,Bosnia and Herzegovina,Europe,Europe & Central Asia,Southern Europe,4.6509594186156855,2013.0,2025.0
BLR,2022,120.024207576094,38220000000.0,38311000000.0,142.8,,2.7,2.6,2.7,3.1,,5.0069,,73775179924.603,-4.65839591328999,28424.9893656867,15.209675274081,2.6261,Belarus,Europe,Europe & Central Asia,Eastern Europe,0.8139085035905547,2013.0,2025.0
BOL,2022,57.5249335789631,13924000000.0,11896000000.0,159.6,5.51769748718287,2.4,2.1,2.4,2.4,,20.720432,,50959081953.6903,3.74741781241461,12304.7789380156,1.74632872945969,6.91,Bolivia,Latin America,Latin America & Caribbean ,Latin America and the Caribbean,-1.5189941498171877,2013.0,2025.0
BRA,2022,38.8160659763397,334136000000.0,292245000000.0,178.9,9.11134627987528,3.2,2.9,3.2,3.5,11683239.0,1433.9491,,1951923942083.32,3.01669435393015,19873.7032623309,9.28010608956873,5.16397029102111,Brazil,Latin America,Latin America & Caribbean ,Latin America and the Caribbean,3.4233041946088782,2013.0,2025.0
BRN,2018,93.8980617666778,6574000000.0,4164000000.0,103.5,0.04242971199202,2.71,2.62,2.46,3.17,113125.0,129.352,,13566908391.0895,0.0523710418528935,65148.8264035521,1.02505179290212,1.34891856542537,Brunei Darussalam,South & Southeast Asia,East Asia & Pacific,South-eastern Asia,-0.7185966921466336,2013.0,2025.0
BTN,2022,85.5712165226139,724000000.0,1511000000.0,131.7,0.0122179939865199,2.5,2.7,2.2,2.6,,7.33702986,,2898227743.75576,5.21386783786224,15061.4232582306,5.6391667139637,78.6044905829916,Bhutan,South & Southeast Asia,South Asia,Southern Asia,3.2660560259361704,2013.0,2025.0
BWA,2022,86.0696039867252,8327000000.0,8145000000.0,131.9,0.502381294093243,3.1,3.0,3.1,3.3,,0.049842,,20321150599.1523,5.48601706446772,19973.6684436048,11.665567478802,12.3688083333333,Botswana,Africa,Sub-Saharan Africa ,Sub-Saharan Africa,-3.5624551419841555,2013.0,2025.0
CAF,2022,45.23357000162,164000000.0,423000000.0,193.1,37.2974046773952,2.5,2.4,2.6,2.6,,,,2382618615.01694,0.453901876447787,1217.6567661451,5.58316735183247,623.759700911182,Central African Republic,Africa,Sub-Saharan Africa ,Sub-Saharan Africa,6.78416333587768,2013.0,2025.0
CAN,2022,66.9531620692051,601632000000.0,586133000000.0,146.9,15.1489765380468,4.0,4.0,4.3,4.1,7075877.0,3097.628821,,2200562785046.32,4.69541985045903,64217.0443455227,6.80280115341613,1.30155477474355,Canada,North America,North America,Northern America,1.602884662152393,2013.0,2025.0
CHE,2022,136.235871048363,400693000000.0,357115000000.0,138.3,29.9881397976664,4.1,4.1,4.4,4.2,,1313.198,,858479038993.75,3.53430286842426,94629.7224204886,2.83502798644451,0.9548325,Switzerland,Europe,Europe & Central Asia,Western Europe,3.7116739037014845,2013.0,2025.0
CHL,2022,75.2334197533759,98477000000.0,104691000000.0,158.7,6.93672684116693,3.0,3.0,2.8,3.2,4203293.0,2017.92232,,301099244104.003,2.06391864254198,30918.9258262719,11.643866711056,873.314189543014,Chile,Latin America,Latin America & Caribbean ,Latin America and the Caribbean,2.80582223521606,2013.0,2025.0
CHN,2022,37.512555678171,3544434000000.0,2706507000000.0,155.9,27.7650612563156,3.7,3.3,4.0,3.7,268790000.0,18964.4442,,18316765021690.2,3.13385438394069,23028.4517927066,1.97357555739051,6.73715811237119,China,East Asia,East Asia & Pacific,Eastern Asia,4.559396067223309,2013.0,2025.0
CIV,2018,46.0375087102874,11912000000.0,10970000000.0,101.9,6.55999280073843,3.08,2.78,2.89,3.23,924596.0,4.16026898442412,,58522477786.6889,4.84314605889178,4945.62520575915,0.401297817263547,555.446458398226,Cote d'Ivoire,Africa,Sub-Saharan Africa ,Sub-Saharan Africa,7.428862287770355,2013.0,2025.0
CMR,2022,41.2866025594679,5584000000.0,7874000000.0,137.9,3.28864706003967,2.1,2.1,2.1,2.1,338412.0,0.020147,,44347206072.5513,3.7367840056412,5188.15515765322,6.24767713343861,623.759700911182,Cameroon,Africa,Sub-Saharan Africa ,Sub-Saharan Africa,1.0204662103924012,2013.0,2025.0
COD,2022,85.8221691879958,15672000000.0,11407000000.0,181.3,0.723158681595087,2.5,2.3,2.3,2.8,,1.0971708,,70422346142.2023,9.31116944064918,1589.91203243059,,2006.70821944055,"Congo, Dem. Rep.",Africa,Sub-Saharan Africa ,Sub-Saharan Africa,14.685746355089924,2013.0,2025.0
COG,2022,98.1613366922001,8870000000.0,3632000000.0,102.9,4.32722654163177,2.6,2.3,2.1,2.9,1000000.0,,,15817030154.6941,1.47535613247133,6646.44331964568,3.04344334698478,623.759700911182,"Congo, Rep.",Africa,Sub-Saharan Africa ,Sub-Saharan Africa,-2.728631472215748,2013.0,2025.0
COL,2022,48.2826551123359,56999000000.0,77413000000.0,159.7,8.40182637186439,2.9,2.5,2.9,3.2,4480670.0,1730.409,,345632492851.448,7.32827729427979,20854.002999162,10.1772313546166,4256.19416666667,Colombia,Latin America,Latin America & Caribbean ,Latin America and the Caribbean,-1.331131093309268,2013.0,2025.0
COM,2018,42.996153341343,41000000.0,243000000.0,244.5,0.172607880378736,2.56,2.62,2.25,2.8,55032.5,,,1188797449.38584,3.64245114733689,3304.54845189026,2.15155084413033,416.584843798676,Comoros,Africa,Sub-Saharan Africa ,Sub-Saharan Africa,7.131823026615947,2013.0,2025.0
CRI,2022,79.0523903153884,16597000000.0,22685000000.0,176.2,21.9748960011818,2.9,2.8,2.7,3.2,1594323.0,7.23739652,,71001226360.8008,5.46119455235068,26891.9730070246,8.27477490232654,647.135817631363,Costa Rica,Latin America,Latin America & Caribbean ,Latin America and the Caribbean,7.19659128195993,2013.0,2025.0
CUB,2022,93.8607755890525,2170000000.0,9833000000.0,64.8,7.87558913182664,2.2,2.0,2.2,2.6,261080.0,3.2208822,,,1.77465227724316,,,,Cuba,Latin America,Latin America & Caribbean ,Latin America and the Caribbean,-9.380944013442171,2013.0,2025.0
CYP,2022,205.753530252705,4512000000.0,12213000000.0,136.9,17.6595981229011,3.2,2.9,2.8,3.5,371740.0,0.166,,31218047043.8386,8.73854684881674,55876.3828125,8.39548297993334,0.949623753156941,Cyprus,Middle East,Europe & Central Asia,Western Asia,9.779892135058565,2013.0,2025.0
CZE,2022,144.011494109397,242015000000.0,236663000000.0,153.3,21.8353618959526,3.3,3.0,3.0,3.7,,0.08832,,301831228325.556,2.8471706583814,52946.9660854462,15.1001651468371,23.357,Czechia,Europe,Europe & Central Asia,Eastern Europe,4.762762802987575,2013.0,2025.0
DEU,2022,88.7857542130501,1676472000000.0,1583619000000.0,126.4,17.4981505573659,4.1,3.9,4.3,4.1,13733867.0,12857.217948,,4201021706478.62,1.8092581243061,69669.6495435563,6.87257438551097,0.949623753156941,Germany,Europe,Europe & Central Asia,Western Europe,1.6766916398124998,2013.0,2025.0
DJI,2022,302.285409231545,4608000000.0,5091000000.0,3650.1,3.02417742085029,2.7,2.6,2.3,3.6,635000.0,,,3562814908.76149,5.16653702854374,6620.28103140186,5.17222088647606,177.721,Djibouti,Africa,"Middle East, North Africa, Afghanistan & Pakistan",Sub-Saharan Africa,38.71380043415118,2013.0,2025.0
DNK,2022,131.995824909071,131702000000.0,129201000000.0,138.0,15.988289228272,4.1,4.1,4.1,4.1,1079406.0,,,400114306337.077,0.443832614908331,78554.1217617983,7.6965669988926,7.0761518625,Denmark,Europe,Europe & Central Asia,Northern Europe,2.452073870707805,2013.0,2025.0
DOM,2022,54.3781976712844,13750000000.0,30913000000.0,145.6,6.01879055876862,2.6,2.6,2.7,3.1,2043326.0,,,113478103598.499,5.23795652902595,24621.9061494267,8.81109209279587,55.1409916666667,Dominican Republic,Latin America,Latin America & Caribbean ,Latin America and the Caribbean,4.071210277526083,2013.0,2025.0
DZA,2022,51.1900893683897,65715000000.0,38868000000.0,189.6,,2.5,2.3,2.1,2.6,1530969.0,9.763907999,,225581644702.568,3.60000000094915,15833.5847271335,9.26551551551553,141.994975,Algeria,Africa,"Middle East, North Africa, Afghanistan & Pakistan",Northern Africa,-2.943113802237618,2013.0,2025.0
ECU,2018,48.0093476154836,21628000000.0,23177000000.0,118.0,5.29990873788448,2.88,2.8,2.72,3.19,2212486.0,64.20469,,107478961000.0,1.04429460679607,12186.8846084388,-0.224103246005552,1.0,Ecuador,Latin America,Latin America & Caribbean ,Latin America and the Caribbean,3.4088154504363644,2013.0,2025.0
EGY,2022,36.9831048772713,51280000000.0,95670000000.0,239.4,3.40204987508041,3.1,2.8,3.0,3.6,7646643.0,512.368573,,476747720364.742,6.58784560870467,17524.0240491999,13.8956609775178,19.1604397412204,"Egypt, Arab Rep.",Africa,"Middle East, North Africa, Afghanistan & Pakistan",Northern Africa,4.8801780148535645,2013.0,2025.0
ERI,2018,,669000000.0,1065000000.0,134.2,,2.09,2.13,1.86,2.08,37259.65,0.0,,,,,,15.075,Eritrea,Africa,Sub-Saharan Africa ,Sub-Saharan Africa,5.93232958088965,2013.0,2025.0
ESP,2022,78.4657338703054,415462000000.0,494259000000.0,147.2,12.5837187911388,3.9,3.6,3.8,4.2,17161676.0,956.252026,,1448850658406.62,6.37031712129601,51482.523634807,8.39057634118637,0.949623753156941,Spain,Europe,Europe & Central Asia,Southern Europe,2.8463078122398455,2013.0,2025.0
EST,2022,175.68711950524,22859000000.0,26763000000.0,178.1,18.0186438315616,3.6,3.2,3.5,4.1,288208.0,,,38226641740.29,-1.22616966587796,48029.83322897,19.3982634080616,0.949623753156941,Estonia,Europe,Europe & Central Asia,Northern Europe,2.115212188891946,2013.0,2025.0
ETH,2016,34.8990210816111,2789000000.0,16429000000.0,98.3,6.82740269371127,2.376767,2.598943,2.117674,2.370804,,1500.14753,,68475871209.607,9.43348265981905,1857.54946515224,6.62813337230924,21.7315472222222,Ethiopia,Africa,Sub-Saharan Africa ,Sub-Saharan Africa,8.117681244985953,2013.0,2025.0
FIN,2022,94.5625340522667,86069000000.0,97329000000.0,143.9,9.62392843667484,4.2,4.0,4.2,4.3,1446004.0,788.58557,,280253099309.34,0.763041912763526,62133.1375219912,7.12350773301412,0.949623753156941,Finland,Europe,Europe & Central Asia,Northern Europe,1.016794913667618,2013.0,2025.0
FJI,2022,119.213746657784,1055000000.0,2997000000.0,118.4,2.24124587754453,2.3,2.3,2.2,2.3,,106.19618976,,4977861885.60316,17.7451269773594,12980.234013809,6.07882431529725,2.2014069869585,Fiji,Oceania,East Asia & Pacific,Melanesia,0.13438138925012666,2013.0,2025.0
FRA,2022,75.9630077981996,620461000000.0,823216000000.0,122.6,21.9264611257156,3.9,3.7,3.8,4.1,5593633.0,4090.1,,2794788137066.94,2.71676264185913,57012.0586826676,5.22236748369725,0.949623753156941,France,Europe,Europe & Central Asia,Western Europe,1.3587048835904225,2013.0,2025.0
GAB,2022,92.0630888496921,10470000000.0,4060000000.0,98.3,3.90758494231998,2.4,2.0,2.2,3.0,180878.0,,,20440655695.229,3.03761449525692,19989.3886367516,4.23124798274579,623.759700911182,Gabon,Africa,Sub-Saharan Africa ,Sub-Saharan Africa,-0.969765223280139,2013.0,2025.0
GBR,2022,69.1989264413981,546151000000.0,823592000000.0,117.2,27.1597708192348,3.7,3.5,3.7,3.7,9749676.0,4019.826,,3181244350465.41,5.14970388522993,60266.7467325014,7.92204883147902,0.811301715827773,United Kingdom,Europe,Europe & Central Asia,Northern Europe,0.13725985294814613,2013.0,2025.0
GEO,2022,114.695437688718,5583000000.0,13540000000.0,252.9,2.94920090255456,2.7,2.6,2.3,3.1,477357.0,5.059349,,24984568959.605,10.9585321385624,22457.7729614408,11.8981654203198,2.9162,Georgia,Middle East,Europe & Central Asia,Western Asia,7.954605766723621,2013.0,2025.0
GHA,2022,70.1154557937915,17276000000.0,14621000000.0,166.7,1.95740716852014,2.5,2.7,2.4,2.7,1244245.0,,,73919003212.1998,3.80484978178042,7207.01563645025,31.2558951049016,8.2724,Ghana,Africa,Sub-Saharan Africa ,Sub-Saharan Africa,7.038748365956904,2013.0,2025.0
GIN,2022,94.1652726931221,8753000000.0,4843000000.0,492.3,,2.5,2.4,2.4,2.5,,,,19910452541.9219,3.97240784200721,4061.71755990026,10.4930409984424,,Guinea,Africa,Sub-Saharan Africa ,Sub-Saharan Africa,18.93121547258636,2013.0,2025.0
GMB,2022,44.7219215369466,52000000.0,915000000.0,35.2,3.21248823002167,2.3,1.8,2.3,2.6,,,,2204734527.88096,5.49299823010114,3066.82429529872,11.5131198380505,54.9234673586679,"Gambia, The",Africa,Sub-Saharan Africa ,Sub-Saharan Africa,11.854860380764688,2013.0,2025.0
GNB,2022,45.9934723683125,245000000.0,469000000.0,97.2,,2.6,2.7,2.4,2.4,,,,1856239954.81555,5.45776090019501,2785.7846268362,9.39075933985203,623.759700911182,Guinea-Bissau,Africa,Sub-Saharan Africa ,Sub-Saharan Africa,6.146189665649637,2013.0,2025.0
GNQ,2018,103.645681622953,6052000000.0,2944000000.0,110.3,,2.32,1.91,1.88,2.75,14716.0,0.0,,13097012133.6159,-6.23654406734575,18413.1294204577,1.06007410662171,555.446458398226,Equatorial Guinea,Africa,Sub-Saharan Africa ,Sub-Saharan Africa,-13.11206929195281,2013.0,2025.0
GRC,2022,108.121843229922,58524000000.0,99285000000.0,205.0,14.4708651762207,3.7,3.2,3.7,3.9,5707876.0,18.188,,217990189600.69,5.52198580589408,39447.813910406,9.64525981280632,0.949623753156941,Greece,Europe,Europe & Central Asia,Southern Europe,3.524760307958985,2013.0,2025.0
GRD,2022,,37000000.0,589000000.0,114.5,2.17718748959197,2.5,2.6,2.5,3.1,20299.0,,,1224007407.40741,7.31023806981959,17541.2011831673,2.5805392590792,2.7,Grenada,Latin America,Latin America & Caribbean ,Latin America and the Caribbean,-0.4620115210125175,2013.0,2025.0
GTM,2022,54.4490964612191,15695000000.0,32116000000.0,147.0,4.97162403170951,2.6,2.3,2.4,2.6,1660504.0,,,95609727055.5754,4.15492196609047,13008.2565459863,6.88512823344287,7.74824375,Guatemala,Latin America,Latin America & Caribbean ,Latin America and the Caribbean,3.7303354039267322,2013.0,2025.0
GUY,2022,,11281000000.0,3624000000.0,986.2,0.123954109320186,2.4,2.3,2.4,2.6,,,,14718388489.2086,63.3346343654855,39704.6761521236,6.93346066500816,208.5,Guyana,Latin America,Latin America & Caribbean ,Latin America and the Caribbean,24.293387838170343,2013.0,2025.0
HKG,2022,384.885909968308,609925000000.0,667554000000.0,119.5,72.6367726437239,4.0,3.8,4.0,4.1,16573000.0,1.42667215,,358673532516.529,-3.68528359281325,68590.1858741565,1.88136707196853,7.83141666666666,"Hong Kong SAR, China",East Asia,East Asia & Pacific,Eastern Asia,2.8871517493194165,2013.0,2025.0
HND,2022,112.698524913966,12281000000.0,18321000000.0,149.3,,2.9,2.8,2.7,3.2,923321.0,0.677137,,31426041806.7985,4.14356194013767,6804.41504589356,9.08963911525032,24.4858737291131,Honduras,Latin America,Latin America & Caribbean ,Latin America and the Caribbean,3.6214873411582804,2013.0,2025.0
HRV,2022,125.410793782261,25467000000.0,44623000000.0,197.0,12.0638540428638,3.3,3.0,3.0,3.2,544015.0,0.19011,,71196460236.6301,7.29479114889533,42125.1926231817,10.7805806758686,7.1597415,Croatia,Europe,Europe & Central Asia,Southern Europe,6.960986528318358,2013.0,2025.0
HTI,2022,29.7746074753724,1254000000.0,4744000000.0,145.4,,2.1,2.1,1.8,2.5,200297.0,0.014374,,20113007125.93,-1.68198396897978,3245.27176023069,33.98393194707,115.630715521746,Haiti,Latin America,Latin America & Caribbean ,Latin America and the Caribbean,-3.828318862350011,2013.0,2025.0
HUN,2022,184.969952581351,153580000000.0,163974000000.0,153.9,18.4048917258431,3.2,2.7,3.1,3.6,,133.284359,,177002580544.155,4.15238057779229,44232.4363539167,14.6081439492433,372.595833333333,Hungary,Europe,Europe & Central Asia,Eastern Europe,3.833647660265993,2013.0,2025.0
IDN,2022,45.4646701959453,291979000000.0,237447000000.0,194.2,8.30819306709832,3.0,2.8,2.9,3.3,13281232.0,580.672088,,1319101183380.15,5.30719722664799,14282.6654124401,4.20946463714784,14849.8539362105,Indonesia,South & Southeast Asia,East Asia & Pacific,South-eastern Asia,3.71821024931549,2013.0,2025.0
IND,2022,50.6979382758042,453415000000.0,720441000000.0,169.2,12.6822794807287,3.4,3.0,3.2,3.6,19717168.0,1462.126148332,,3249938492013.47,7.6093649776932,8941.09277447514,6.69903414079858,78.6044905829916,India,South & Southeast Asia,South Asia,Southern Asia,2.9305258786367805,2013.0,2025.0
IRL,2022,237.755419559378,214156000000.0,147269000000.0,173.6,46.7867801497714,3.6,3.4,3.5,3.7,1154803.0,128.63663,,548341794599.09,7.51113888415304,138464.829172919,7.82945736434105,0.949623753156941,Ireland,Europe,Europe & Central Asia,Northern Europe,7.990992924706997,2013.0,2025.0
IRN,2022,48.9183508223052,97852000000.0,58784000000.0,153.2,0.814007923197325,2.3,2.2,2.4,2.7,,214.042499,,422662261525.665,4.35281087521344,17542.844026084,43.4884641742179,42000.0,"Iran, Islamic Rep.",Middle East,"Middle East, North Africa, Afghanistan & Pakistan",Southern Asia,1.8596062700939164,2013.0,2025.0
IRQ,2022,68.75879409409,118045000000.0,55194000000.0,229.9,,2.4,2.1,2.2,3.0,,,,287372232137.931,7.95904804990212,14388.8485236797,4.9947659638103,1450.0,Iraq,Middle East,"Middle East, North Africa, Afghanistan & Pakistan",Western Asia,0.2114072651666854,2013.0,2025.0
ISL,2022,93.0164295134303,7389000000.0,9591000000.0,156.2,33.3116292542581,3.6,3.7,3.6,3.6,360000.0,147.39200384,,29176227825.4736,8.85729897856851,76592.3392429534,8.30875511558912,135.27990200138,Iceland,Europe,Europe & Central Asia,Northern Europe,3.049311872341409,2013.0,2025.0
ISR,2022,60.6358428266501,72572000000.0,107754000000.0,114.9,29.1090540410523,3.6,3.4,3.7,3.8,3118000.0,670.67179,,525157951212.871,6.36407234798706,53616.7140829107,4.41162725488371,3.35961440158189,Israel,Middle East,"Middle East, North Africa, Afghanistan & Pakistan",Western Asia,-1.004114402493017,2013.0,2025.0
ITA,2022,72.0165023032697,658557000000.0,694305000000.0,144.1,9.15916231271025,3.7,3.4,3.8,3.9,11577612.0,1587.2563751,,2104067630319.46,4.82117669913565,57260.8945372493,8.20128991161718,0.949623753156941,Italy,Europe,Europe & Central Asia,Southern Europe,2.854520890234169,2013.0,2025.0
JAM,2022,,1901000000.0,7731000000.0,156.7,1.47098475516758,2.5,2.2,2.4,2.9,2137500.0,,,18813516805.214,6.43930323656186,11885.8863913319,10.3495688391272,153.426816475659,Jamaica,Latin America,Latin America & Caribbean ,Latin America and the Caribbean,0.6160411435141677,2013.0,2025.0
JOR,2018,,7750000000.0,20310000000.0,98.9,1.50858480712756,2.69,2.49,2.72,3.18,815345.0,175.8386,,47435850422.5352,1.85383415616927,9889.90818777299,4.46231108475481,0.71,Jordan,Middle East,"Middle East, North Africa, Afghanistan & Pakistan",Western Asia,5.415220055341652,2013.0,2025.0
JPN,2022,44.86063102004,746824000000.0,899941000000.0,119.5,18.2592615351902,3.9,3.9,4.2,4.0,22462583.0,9688.6,,4447976207314.78,1.33164750653741,49245.964174373,2.49770278172255,131.498140443764,Japan,East Asia,East Asia & Pacific,Eastern Asia,0.2668734925887595,2013.0,2025.0
KAZ,2022,68.3343147415612,84593000000.0,50934000000.0,184.1,32.2666497110269,2.7,2.6,2.5,2.9,,177.24428106,,225496328925.494,3.19999999970734,35889.3953214448,15.0278644440851,460.165,Kazakhstan,Europe,Europe & Central Asia,Central Asia,-0.6006177137526603,2013.0,2025.0
KEN,2018,34.4147531767425,6052000000.0,17378000000.0,102.2,3.61296275113367,2.81,2.65,2.55,3.18,1306283.0,295.047760350297,,92202979985.2863,5.64794640709219,4411.56104120886,4.6898064677633,101.301574049018,Kenya,Africa,Sub-Saharan Africa ,Sub-Saharan Africa,3.255292977377655,2013.0,2025.0
KGZ,2022,133.786718048766,2255000000.0,9803000000.0,167.9,10.5540520111457,2.3,2.2,2.4,2.4,,0.177188,,12134931017.9465,8.96750520041391,6576.46977080639,13.9229093174176,84.1162225704045,Kyrgyz Republic,Europe,Europe & Central Asia,Central Asia,2.7563523424731784,2013.0,2025.0
KHM,2022,145.873632761406,22472000000.0,29805000000.0,263.2,6.56222598236463,2.4,2.2,2.1,2.7,750148.0,4.0637916,,39994532959.6074,5.12990110773977,6917.7197730003,5.34370264895437,4102.03786482335,Cambodia,South & Southeast Asia,East Asia & Pacific,South-eastern Asia,13.747844831586908,2013.0,2025.0
KOR,2022,90.5851475278549,683585000000.0,731370000000.0,129.8,36.118278931217,3.8,3.9,4.1,3.8,28502044.0,13741.013239,,1799363116866.52,2.72756456708991,55509.3368761174,5.08951365062842,1291.44666666667,"Korea, Rep.",East Asia,East Asia & Pacific,Eastern Asia,1.9949843593499939,2013.0,2025.0
KWT,2022,90.9188102023425,99985000000.0,34568000000.0,185.4,0.716354808280746,3.2,3.2,3.6,2.8,,261.901728,,183502046693.878,6.75866711966617,55034.2790289403,3.98064961990313,0.306250154417753,Kuwait,Middle East,"Middle East, North Africa, Afghanistan & Pakistan",Western Asia,-3.8261839474335035,2013.0,2025.0
LAO,2022,,8198000000.0,7244000000.0,226.1,9.51767783297326,2.4,2.3,2.3,2.8,,11.7217866,,15468785203.7532,2.70742652643155,8765.05131747163,22.9562225132056,14035.2266926511,Lao PDR,South & Southeast Asia,East Asia & Pacific,South-eastern Asia,15.20683544053638,2013.0,2025.0
LBN,2018,68.2573073043718,3830000000.0,20396000000.0,96.5,2.35831810809947,2.72,2.38,2.64,3.18,1332990.0,56.569,,54901519155.5556,-1.88470575631651,21985.4884702241,6.07698907889607,1507.5,Lebanon,Middle East,"Middle East, North Africa, Afghanistan & Pakistan",Western Asia,-0.9723357990108705,2013.0,2025.0
LBR,2022,,1027000000.0,1720000000.0,359.6,10.2679978403201,2.4,2.1,2.4,2.3,,,,4001047000.0,4.80810517290655,1691.30467616419,7.59298486560313,152.933756840022,Liberia,Africa,Sub-Saharan Africa ,Sub-Saharan Africa,11.51797992813699,2013.0,2025.0
LBY,2022,156.321684682347,39196000000.0,16127000000.0,169.1,,1.9,1.9,1.7,2.2,428760.0,47.36534442,,43246297921.8499,-8.29981811198795,12264.4456986569,4.51030149235695,4.813175,Libya,Africa,"Middle East, North Africa, Afghanistan & Pakistan",Northern Africa,-4.072705397336785,2013.0,2025.0
LKA,2022,46.6826080179359,13107000000.0,18291000000.0,124.3,1.0863745770214,2.8,2.5,2.4,3.3,6860000.0,314.752588,,74143020303.663,-7.34919311146656,14191.4051912109,49.7211021114327,322.632674256475,Sri Lanka,South & Southeast Asia,South Asia,Southern Asia,2.40769489058994,2013.0,2025.0
LSO,2018,144.434955465602,1221000000.0,2185000000.0,131.7,0.0577924172043064,2.28,2.36,1.96,2.7,,,,2556247291.99785,-1.48063315848241,2632.28775223004,4.7518030162474,13.2339264715833,Lesotho,Africa,Sub-Saharan Africa ,Sub-Saharan Africa,-0.7589523516205898,2013.0,2025.0
LTU,2022,176.631817072239,46485000000.0,55095000000.0,183.1,12.9963941333635,3.4,3.2,3.5,3.6,1047941.0,1.01307936,,70639687325.6326,2.46532013155011,50653.3394443751,19.7050461518394,0.949623753156941,Lithuania,Europe,Europe & Central Asia,Northern Europe,2.0581779005220735,2013.0,2025.0
LUX,2022,412.177169924175,17377000000.0,27020000000.0,101.4,5.9904603893658,3.6,3.6,3.6,3.5,,7988.843824,,80801680397.0139,-1.09741256293819,146919.145398495,6.33600807777919,0.949623753156941,Luxembourg,Europe,Europe & Central Asia,Western Europe,-0.023075736948430237,2013.0,2025.0
LVA,2022,159.892778190649,24101000000.0,28802000000.0,196.1,17.5505893709401,3.5,3.3,3.3,4.0,471684.0,25.26366546,,38003198508.9107,1.90853419029801,40546.4638799692,17.3102830198815,0.949623753156941,Latvia,Europe,Europe & Central Asia,Northern Europe,3.602561272171756,2013.0,2025.0
MAR,2018,77.2548875243989,28609000000.0,51038000000.0,128.1,4.01860219205577,2.54,2.33,2.43,2.88,4715747.0,97.71152,3485.0,127341147581.818,3.06564133025955,7801.0986328125,1.80391671141896,9.38610242091972,Morocco,Africa,"Middle East, North Africa, Afghanistan & Pakistan",Northern Africa,7.05244581628508,2013.0,2025.0
MDA,2022,112.117671579766,4332000000.0,9219000000.0,220.3,2.1401803935369,2.5,1.9,1.9,3.0,,0.57196,,14525337523.7271,-4.64785101037361,16442.1034354056,28.7372976766236,18.8971896198157,Moldova,Europe,Europe & Central Asia,Eastern Europe,3.764541538078392,2013.0,2025.0
MDG,2022,70.4708546790091,3609000000.0,5471000000.0,178.6,0.34862498459426,2.3,1.8,1.8,2.6,,6.34363,,15342178598.2475,4.13753534956307,1716.40079421689,8.16059031991844,4096.11618374535,Madagascar,Africa,Sub-Saharan Africa ,Sub-Saharan Africa,2.203969216079016,2013.0,2025.0
MDV,2018,142.491128546618,339000000.0,2960000000.0,142.4,,2.67,2.4,2.72,3.32,82252.5,0.0,,5404344162.69888,8.5689555834747,21899.4292993843,-0.133373386117595,15.3908372695852,Maldives,South & Southeast Asia,South Asia,Southern Asia,2.4777499725442853,2013.0,2025.0
MEX,2022,88.7984855897261,577697000000.0,627544000000.0,151.8,20.5343692257849,2.9,2.5,2.8,3.5,8307884.0,1076.254915,,1466934724243.38,3.70975708309098,23135.4931593441,7.8962761916855,20.12735,Mexico,Latin America,Latin America & Caribbean ,Latin America and the Caribbean,4.771429663473614,2013.0,2025.0
MKD,2022,166.147357379878,8727000000.0,12755000000.0,190.4,4.01498490595955,3.1,3.1,3.0,3.5,,,,13932436550.0883,2.75888415332967,24212.3733096953,14.2047173195833,58.5743916666667,North Macedonia,Europe,Europe & Central Asia,Southern Europe,6.405500959361099,2013.0,2025.0
MLI,2022,61.5613274861987,5376000000.0,7141000000.0,197.7,10.2578668284987,2.6,2.6,2.0,3.1,,,,22539987718.7642,3.70319027585386,3013.94334673825,9.62147608489064,623.759700911182,Mali,Africa,Sub-Saharan Africa ,Sub-Saharan Africa,6.274707346153918,2013.0,2025.0
MLT,2022,244.581535518883,3253000000.0,8519000000.0,124.8,38.9615851886187,3.3,3.4,3.7,3.2,2993799.0,8.676285,,18938869147.0818,2.59276776884379,60623.0076694404,6.15375621933037,0.949623753156941,Malta,Europe,"Middle East, North Africa, Afghanistan & Pakistan",Southern Europe,0.4077410296761119,2013.0,2025.0
MMR,2018,,16614000000.0,19334000000.0,148.2,4.51638176248917,2.3,2.17,1.99,2.91,1104101.0,4.74216559835534,,67860515989.517,6.26886221471075,5581.2769545815,6.87232865662935,1429.80797520107,Myanmar,South & Southeast Asia,East Asia & Pacific,South-eastern Asia,2.6072956773280698,2013.0,2025.0
MNE,2022,125.455937754994,742000000.0,3704000000.0,,8.2101950697073,2.8,2.6,2.5,3.2,,,,6259721790.0652,7.73954689516201,28049.7293227735,13.0403036347004,0.950915533962108,Montenegro,Europe,Europe & Central Asia,Southern Europe,2.1920076370149255,2013.0,2025.0
MNG,2022,136.327929944516,12539000000.0,8704000000.0,268.5,30.8141690897359,2.5,2.5,2.3,2.7,,12.727824,,17146471713.748,5.0327096366527,16399.3900820069,15.1509728200805,3140.67788364809,Mongolia,East Asia,East Asia & Pacific,Eastern Asia,11.499127213682158,2013.0,2025.0
MOZ,2016,110.394358201481,3328000000.0,5206000000.0,97.6,1.62085804316688,2.684105,2.491724,2.238017,3.035055,,4.37,,12069051237.1711,4.69699024225795,1379.10740028691,17.4180418197597,63.0562327310371,Mozambique,Africa,Sub-Saharan Africa ,Sub-Saharan Africa,6.003186508534841,2013.0,2025.0
MRT,2022,102.025899125696,3778000000.0,5120000000.0,206.6,3.97949338201203,2.3,2.1,2.0,2.8,,,,9562497460.55394,6.7960049994761,6483.80020315347,9.52526628622843,36.935,Mauritania,Africa,Sub-Saharan Africa ,Sub-Saharan Africa,5.170194598422406,2013.0,2025.0
MUS,2022,147.663795034012,2388000000.0,6609000000.0,89.7,2.0670796252868,2.5,2.4,2.5,3.1,407825.0,155.636583,,12936444123.3037,8.3424438025047,26783.5527116445,10.7737512242899,44.182775,Mauritius,Africa,Sub-Saharan Africa ,Sub-Saharan Africa,-1.6770964287315282,2013.0,2025.0
MWI,2018,43.578773489,838000000.0,2686000000.0,78.2,2.14917014000118,2.59,2.43,2.18,2.97,,0.0108797367,,9879220354.29186,4.35356471619211,1363.79445595088,12.420178108921,732.333333333333,Malawi,Africa,Sub-Saharan Africa ,Sub-Saharan Africa,-1.953808698221171,2013.0,2025.0
MYS,2022,146.424604753908,352094000000.0,293797000000.0,176.1,58.2818244031486,3.6,3.3,3.6,3.7,27293935.0,1125.17036572,,407830525989.553,9.03173723044451,34414.4136245222,3.37869862549928,4.40107634540072,Malaysia,South & Southeast Asia,East Asia & Pacific,South-eastern Asia,4.245150343250259,2013.0,2025.0
NAM,2022,99.2625547814064,5828000000.0,7796000000.0,142.1,0.0563656557154242,2.9,2.8,2.8,2.9,168278.0,,,12569449123.3661,5.3987247803654,10661.0118776397,6.08128114112413,16.3558583333333,Namibia,Africa,Sub-Saharan Africa ,Sub-Saharan Africa,3.53601454993111,2013.0,2025.0
NER,2018,38.2929695977016,1202000000.0,2875000000.0,108.5,8.5620541870854,2.07,1.77,2.0,2.33,,,,12800907985.9863,6.89458420864513,1272.37841849427,2.96760366004456,555.446458398226,Niger,Africa,Sub-Saharan Africa ,Sub-Saharan Africa,1.5060493554604593,2013.0,2025.0
NGA,2022,,63075000000.0,60351000000.0,125.0,2.38488302901383,2.6,2.4,2.4,3.1,1566109.0,2.665398934,,646950257575.455,4.31882949157136,8303.64193191685,18.8471877843274,425.979158066857,Nigeria,Africa,Sub-Saharan Africa ,Sub-Saharan Africa,-4.002297482762307,2013.0,2025.0
NIC,2022,115.454670931919,7360000000.0,11247000000.0,152.1,1.25539321315719,2.5,2.0,1.9,2.9,153390.0,,,15634573555.9049,3.55027477135765,7795.45560731699,10.4674244465991,35.874421141967,Nicaragua,Latin America,Latin America & Caribbean ,Latin America and the Caribbean,5.28403524336567,2013.0,2025.0
NLD,2022,184.107484252682,963492000000.0,896716000000.0,168.9,21.9578380124342,4.1,3.9,4.2,4.0,14929333.0,3366.76174,,1046540797548.64,5.00723453395074,78630.3599072098,10.0012078753473,0.949623753156941,Netherlands,Europe,Europe & Central Asia,Western Europe,3.2804630778963784,2013.0,2025.0
NOR,2022,79.9216011363033,250518000000.0,105733000000.0,241.1,23.8849460450338,3.7,3.8,3.9,4.0,933300.0,,,617321834098.986,4.08039770659241,129914.042717786,5.76412317852272,9.61416666666667,Norway,Europe,Europe & Central Asia,Northern Europe,0.7455249556568955,2013.0,2025.0
NPL,2018,48.4473869463778,786000000.0,12712000000.0,110.5,0.63057636781078,2.51,2.29,2.19,3.1,,8.84572,,33111525237.149,7.62237610397933,3956.12461094443,4.40659410175714,108.930134109273,Nepal,South & Southeast Asia,South Asia,Southern Asia,8.3887619992014,2013.0,2025.0
NZL,2022,53.2091433736439,45102000000.0,54219000000.0,131.3,12.0543415422888,3.6,3.4,3.8,3.8,3426030.0,812.680929527,,249723029451.237,3.34521847792682,54080.0485491723,7.17222476016441,1.57718333333333,New Zealand,Oceania,East Asia & Pacific,Australia and New Zealand,1.4167373886325496,2013.0,2025.0
OMN,2022,105.745009280655,66063000000.0,38573000000.0,206.9,7.61986953322478,3.3,3.0,3.2,3.1,5228483.0,281.59516,,109852795838.752,7.98570728354278,42609.5810436221,2.5061425061425,0.3845,Oman,Middle East,"Middle East, North Africa, Afghanistan & Pakistan",Western Asia,-0.033245699859740796,2013.0,2025.0
PAK,2018,27.6260570796337,23425000000.0,60078000000.0,106.0,2.16975284245381,2.42,2.12,2.2,2.66,3249000.0,217.534134,8080.0,356128166704.921,6.15170261099519,4979.3734961655,5.07805725868917,121.824068875756,Pakistan,South & Southeast Asia,"Middle East, North Africa, Afghanistan & Pakistan",Southern Asia,1.6424833226207358,2013.0,2025.0
PAN,2022,93.4752688552496,15278000000.0,29249000000.0,134.6,0.233624548388428,3.1,3.0,3.3,3.4,8518425.0,183.354662,,76479304500.0,11.0386022908773,36327.3867449699,2.85965128834711,1.0,Panama,Latin America,Latin America & Caribbean ,Latin America and the Caribbean,-1.761235117304305,2013.0,2025.0
PER,2022,57.2727003111939,62911000000.0,60979000000.0,187.5,4.58946616439539,3.0,2.6,2.5,3.4,2865239.0,324.268085,,246169867862.821,2.81819976419922,16673.6937563476,8.33370630096231,3.83518137473542,Peru,Latin America,Latin America & Caribbean ,Latin America and the Caribbean,5.687807021569924,2013.0,2025.0
PHL,2022,72.4296836107599,78930000000.0,145867000000.0,134.2,66.6110921963778,3.3,2.8,3.2,3.9,9258516.0,629.794582,,404353369604.631,7.58098212785563,10129.7407504053,5.82115811213955,54.477785837205,Philippines,South & Southeast Asia,East Asia & Pacific,South-eastern Asia,3.301450620012991,2013.0,2025.0
PNG,2022,,14614000000.0,5879000000.0,173.0,11.9718029373386,2.7,2.4,2.4,3.3,200000.0,32.722021,,31653230962.4549,5.70701964996525,4419.49434920144,5.25323922215241,3.51922970506745,Papua New Guinea,Oceania,East Asia & Pacific,Melanesia,8.328006427114708,2013.0,2025.0
POL,2022,123.021332860345,360542000000.0,381187000000.0,181.1,11.6325877772755,3.6,3.4,3.5,3.9,3061848.0,308.34517,,695607470875.276,5.25545697386036,46777.5524519162,14.4294507575758,4.45775833333333,Poland,Europe,Europe & Central Asia,Eastern Europe,6.030510250826082,2013.0,2025.0
PRT,2022,101.364146479435,82463000000.0,115160000000.0,149.8,6.99049160072585,3.4,3.2,3.6,3.6,3153877.0,567.233466666,,256898677175.024,6.98584137580278,45250.0152469537,7.83269124233323,0.949623753156941,Portugal,Europe,Europe & Central Asia,Southern Europe,2.985271583983029,2013.0,2025.0
PRY,2022,73.8736311444119,9957000000.0,15853000000.0,119.2,10.5619939338891,2.7,2.4,2.5,3.0,,0.87,,41841201626.7253,-0.0280771723899278,16305.6206649067,9.76556667164402,6982.75237776692,Paraguay,Latin America,Latin America & Caribbean ,Latin America and the Caribbean,1.3310532642484718,2013.0,2025.0
QAT,2022,100.213647199618,130964000000.0,33479000000.0,164.8,2.85969941273396,3.5,3.1,3.8,3.5,1408804.0,14087.18535,,235709325714.286,4.18500970982862,122901.018274888,4.99527553740761,3.64,Qatar,Middle East,"Middle East, North Africa, Afghanistan & Pakistan",Western Asia,-3.5428993424398314,2013.0,2025.0
ROU,2022,93.9496509383447,96699000000.0,132468000000.0,159.6,11.85733755602,3.2,2.7,2.9,3.6,772046.0,2.7223,,295317862855.924,4.18771305104109,41979.4260140907,13.7954887432521,4.688475,Romania,Europe,Europe & Central Asia,Eastern Europe,4.301831880044005,2013.0,2025.0
RUS,2022,42.7663082313349,592075000000.0,276511000000.0,173.4,,2.6,2.4,2.7,2.9,3914304.0,1006.42855,,2292495097681.47,-1.43537063467896,40932.71484375,13.7436797398232,68.4849416666667,Russian Federation,Europe,Europe & Central Asia,Eastern Europe,-1.8046264612841756,2013.0,2025.0
RWA,2022,60.9591709408266,2111000000.0,4466000000.0,322.2,4.78472979585672,2.8,2.5,2.9,3.1,,,,13747404814.2677,9.82497394651698,3195.28136566525,17.6892095588153,1030.30829974206,Rwanda,Africa,Sub-Saharan Africa ,Sub-Saharan Africa,10.964543271671378,2013.0,2025.0
SAU,2022,56.8241647749332,411184000000.0,189877000000.0,202.0,0.29527343068195,3.4,3.0,3.6,3.6,10469213.0,1438.61450068,,1239075200000.0,12.0005874752929,71956.6694296826,2.47407371925372,3.75,Saudi Arabia,Middle East,"Middle East, North Africa, Afghanistan & Pakistan",Western Asia,-1.5750555834400215,2013.0,2025.0
SDN,2022,2.69883443585856,4357000000.0,11095000000.0,98.2,,2.4,2.1,2.3,2.7,,27.43780747,,51666875363.0963,-0.957816591119183,3354.84643554688,138.80846024176,546.75885,Sudan,Africa,Sub-Saharan Africa ,Northern Africa,-4.375639634640949,2013.0,2025.0
SEN,2018,61.7898394793183,3623000000.0,8071000000.0,142.5,2.80905964473892,2.25,2.17,2.22,2.52,674000.0,0.0,,23116701556.1381,6.20924103388887,3380.21596529445,0.460985642464188,555.446458398226,Senegal,Africa,Sub-Saharan Africa ,Sub-Saharan Africa,11.887574208954476,2013.0,2025.0
SGP,2022,330.246917062891,515802000000.0,475578000000.0,146.7,56.8269189876243,4.3,4.2,4.6,4.3,37289600.0,4695.577396,,514252535238.749,4.01027884472296,144417.646950009,6.13095418919732,1.37866666666667,Singapore,South & Southeast Asia,East Asia & Pacific,South-eastern Asia,2.7313593309170603,2013.0,2025.0
SLB,2022,74.8355405899571,340000000.0,613000000.0,100.4,,2.8,2.4,2.6,3.2,,6.187182,,1466670929.62333,-2.58448361755723,2496.15153066833,5.51812928576938,8.1555286976263,Solomon Islands,Oceania,East Asia & Pacific,Melanesia,2.7830834712429864,2013.0,2025.0
SLE,2018,37.3774603119412,554000000.0,1354000000.0,109.6,0.736114020377876,2.08,1.82,1.82,2.34,83621.0,,,6390514688.52816,2.8938564123677,2640.47566787646,16.0295447693699,7.93163174973728,Sierra Leone,Africa,Sub-Saharan Africa ,Sub-Saharan Africa,-1.8402137766497462,2013.0,2025.0
SLV,2022,88.7011372097555,7115000000.0,17108000000.0,129.2,7.8500188873406,2.7,2.4,2.2,3.2,242307.0,12.21965,,31870110000.0,2.9546041089332,11874.0814242931,7.19861615609867,1.0,El Salvador,Latin America,Latin America & Caribbean ,Latin America and the Caribbean,1.3229125453626978,2013.0,2025.0
SOM,2022,90.7576203077526,733000000.0,4156000000.0,109.9,,2.0,1.5,1.9,2.3,,,,10203000000.0,2.71821202053759,1486.23689665021,,,"Somalia, Fed. Rep.",Africa,Sub-Saharan Africa ,Sub-Saharan Africa,6.180549901416876,2013.0,2025.0
SRB,2022,131.913292283516,29058000000.0,41148000000.0,219.0,,2.8,2.2,2.4,3.4,,14.211,,66809895701.2152,2.70347705543654,26142.9143111159,11.9815117344703,111.662183333333,Serbia,Europe,Europe & Central Asia,Southern Europe,8.12477714391251,2013.0,2025.0
STP,2018,79.2002901440524,16000000.0,148000000.0,144.5,45.9673386504362,2.65,2.71,2.33,3.01,47989.86,0.561943,,383717327.830508,4.37812808264972,3941.03280858409,7.86859628873909,20.7508592370914,Sao Tome and Principe,Africa,Sub-Saharan Africa ,Sub-Saharan Africa,9.350310451001276,2013.0,2025.0
SVK,2022,204.056318531151,108386000000.0,112466000000.0,144.2,8.49041601420597,3.3,3.2,3.3,3.5,,,,115792972358.209,0.544591632137454,41529.408474315,12.7741463637611,0.949623753156941,Slovak Republic,Europe,Europe & Central Asia,Eastern Europe,3.225828801812236,2013.0,2025.0
SVN,2022,186.647076274632,69716000000.0,69761000000.0,218.3,8.56978643924213,3.3,3.4,3.6,3.3,1017798.0,,,59899117741.0022,2.66850555542486,52322.1405997493,8.83369886749452,0.949623753156941,Slovenia,Europe,Europe & Central Asia,Southern Europe,9.086196615934572,2013.0,2025.0
SWE,2022,107.111751826512,197736000000.0,203086000000.0,141.2,17.2566541363702,4.0,4.0,4.2,4.2,1631248.0,320.525,,575071237640.921,1.25543620445816,66517.6358713011,8.36929098869189,10.114251277564,Sweden,Europe,Europe & Central Asia,Northern Europe,1.832005260505376,2013.0,2025.0
SYR,2022,35.4372421451582,1936000000.0,6708000000.0,86.4,,2.3,2.2,2.2,2.5,,2.079571,,23737634644.3994,-0.20247264200475,4905.15252202552,,2505.74691085873,Syrian Arab Republic,Middle East,"Middle East, North Africa, Afghanistan & Pakistan",Western Asia,5.860689300193056,2013.0,2025.0
TCD,2018,46.7384317860183,2670000000.0,1971000000.0,110.7,,2.42,2.15,2.37,2.62,,,,15327000248.8701,5.74111580758154,2227.81335372611,4.27462198610545,555.446458398226,Chad,Africa,Sub-Saharan Africa ,Sub-Saharan Africa,0.4283589652942732,2013.0,2025.0
TGO,2022,61.575092396894,1442000000.0,2996000000.0,142.7,0.301071945203147,2.5,2.3,2.3,2.8,1952879.0,33.491199,,8646453099.4124,6.29443692019429,3305.92970304109,7.96757361617945,623.759700911182,Togo,Africa,Sub-Saharan Africa ,Sub-Saharan Africa,1.4078295942886898,2013.0,2025.0
THA,2022,132.813458288082,287425000000.0,301030000000.0,134.1,25.8377488104933,3.5,3.3,3.7,3.5,10497112.0,1366.382137,,495691837308.033,2.63784213566305,22245.6387597542,6.07589952842433,35.0613502144776,Thailand,South & Southeast Asia,East Asia & Pacific,South-eastern Asia,3.357753417861331,2013.0,2025.0
TJK,2022,65.4355115893577,2142000000.0,5168000000.0,248.5,1.62712759033372,2.5,2.2,2.5,2.9,,93.12250344,,10713525200.3998,8.00000033846364,4513.4597158968,,11.031075,Tajikistan,Europe,Europe & Central Asia,Central Asia,6.553625374612815,2013.0,2025.0
TKM,2018,41.6378669600992,9706000000.0,2379000000.0,97.0,,2.41,2.35,2.23,2.72,,16.916,,26036313868.6131,6.20602363832646,14368.4621432532,,,Turkmenistan,Europe,Europe & Central Asia,Central Asia,-0.6363922452433557,2013.0,2025.0
TTO,2022,,13286000000.0,6217000000.0,124.2,0.0822278998582187,2.5,2.2,2.4,2.9,498544.0,37.40396,,28341164301.126,0.86126082651883,32973.632075038,5.82838638517959,6.75412896099475,Trinidad and Tobago,Latin America,Latin America & Caribbean ,Latin America and the Caribbean,-8.084868806729894,2013.0,2025.0
TUN,2018,103.871824260635,15535000000.0,22698000000.0,110.4,6.76449990449832,2.57,2.38,2.1,3.24,493366.0,13.234265,535.0,42686504459.801,2.60696965356362,11841.4061980603,7.30759176031652,2.64686666666667,Tunisia,Africa,"Middle East, North Africa, Afghanistan & Pakistan",Northern Africa,1.8636805873808227,2013.0,2025.0
TUR,2022,79.8982722314341,254170000000.0,363711000000.0,168.3,3.66403554879462,3.4,3.0,3.4,3.6,12366172.0,8421.527714636,,926097476913.818,5.44122511322401,39919.1608756567,72.3088359891207,16.5488604173067,Turkiye,Middle East,Europe & Central Asia,Western Asia,4.4843536226951475,2013.0,2025.0
TZA,2016,35.4204704002636,4500000000.0,9300000000.0,93.0,2.31952756480127,2.990185,2.775661,2.811586,3.443588,630290.0,0.536721,,49774409374.4538,6.86711619644551,2434.69995117188,5.17476629301493,2177.08666666667,Tanzania,Africa,Sub-Saharan Africa ,Sub-Saharan Africa,6.725436892158143,2013.0,2025.0
UGA,2018,36.6384055999567,3087000000.0,6729000000.0,140.4,3.47828668335427,2.58,2.61,2.19,2.9,,0.0,,32927025619.6795,6.30392378262997,2312.05752813495,2.61601190952274,3727.06899484612,Uganda,Africa,Sub-Saharan Africa ,Sub-Saharan Africa,14.710840227067878,2013.0,2025.0
UKR,2022,87.3965139907244,44134000000.0,55294000000.0,115.8,5.73613565623019,2.7,2.4,2.4,3.1,,3.127453466,,161989520721.19,-28.7585842155085,14767.73046875,20.1836366617478,32.3423016,Ukraine,Europe,Europe & Central Asia,Eastern Europe,-3.8098047235573973,2013.0,2025.0
URY,2022,60.2026828336525,11184000000.0,12973000000.0,145.5,9.55160023287408,3.0,2.9,2.7,3.2,1080445.0,,,71240669088.0587,4.60623000920732,33033.5719368346,9.10437983075437,41.1710833333333,Uruguay,Latin America,Latin America & Caribbean ,Latin America and the Caribbean,1.7988827727331458,2013.0,2025.0
USA,2022,26.9078981557739,2065157000000.0,3371751000000.0,137.4,20.5789833007379,3.8,3.7,3.9,3.8,61191458.0,45972.789122,,26054614000000.0,2.52421385073222,78008.6895811877,8.00279982052121,1.0,United States,North America,North America,Northern America,2.7414830835513104,2013.0,2025.0
UZB,2022,60.0483582576289,15276000000.0,28220000000.0,165.4,1.41210240735451,2.6,2.6,2.4,2.8,,83.1522172153872,,94286355836.1594,6.08592335737373,10809.1380396181,11.4466436998836,11050.145422363,Uzbekistan,Europe,Europe & Central Asia,Central Asia,5.8181778498402,2013.0,2025.0
VEN,2022,27.8980542310307,4765000000.0,10130000000.0,12.7,,2.3,2.1,2.4,2.5,,0.437345,,89013251020.9831,8.07453416149069,,,,"Venezuela, RB",Latin America,Latin America & Caribbean ,Latin America and the Caribbean,-17.67603409589852,2013.0,2025.0
VNM,2022,183.153619147836,371288000000.0,359148000000.0,229.1,42.689178907016,3.3,3.1,3.2,3.3,20519284.0,766.321198,,413445230668.578,8.53750041218142,13902.9499867089,3.15650749963112,23271.2125,Viet Nam,South & Southeast Asia,East Asia & Pacific,South-eastern Asia,11.218266380280827,2013.0,2025.0
YEM,2022,,689000000.0,5413000000.0,132.5,,2.2,1.7,1.9,2.8,368498.0,2.46569616,,,,,,1115.00238710662,"Yemen, Rep.",Middle East,"Middle East, North Africa, Afghanistan & Pakistan",Western Asia,-25.880830382256015,2013.0,2025.0
ZAF,2022,64.94713440234,122901000000.0,136207000000.0,151.7,5.52196923336353,3.7,3.3,3.6,3.8,4053350.0,143.30777732,,407596043067.885,2.05813661692193,14746.7103701698,7.03987272546482,16.3558534845,South Africa,Africa,Sub-Saharan Africa ,Sub-Saharan Africa,1.6051062185429066,2013.0,2025.0
ZMB,2018,74.8883695274665,9034000000.0,9466000000.0,136.8,2.14275391250791,2.53,2.18,2.3,3.05,,75.077397732,,26311507273.6735,4.03449389667165,3442.27307196302,7.4945719272852,10.4583333333333,Zambia,Africa,Sub-Saharan Africa ,Sub-Saharan Africa,1.9122363921429297,2013.0,2025.0
ZWE,2022,43.6150764298492,6586000000.0,8653000000.0,200.7,1.47693113776014,2.5,2.2,2.4,2.8,,3.93361248,,40757585308.5016,6.13926327570213,5395.02452868174,104.705170628667,374.954362604663,Zimbabwe,Africa,Sub-Saharan Africa ,Sub-Saharan Africa,7.8789725490833185,2013.0,2025.0
