year,section,exports,imports
2001,0,6581269030.0,12276954275.0
2001,1,1307659250.0,923962987.0
2001,2,7564822881.0,6890908241.0
2001,3,32288332286.0,14705887635.0
2001,4,12342468580.0,793293655.0
2001,5,14318421416.0,20703534319.0
2001,6,24114496507.0,29297369237.0
2001,7,202827816965.0,169608995403.0
2001,8,29171426582.0,15730324633.0
2001,9,3767101141.0,9297862640.0
2001,overall,334283814638.0,280229093025.0
2002,0,7476995225.0,12439379472.0
2002,1,1294625513.0,1137326664.0
2002,2,8418134951.0,6821704642.0
2002,3,30645257053.0,14368253077.0
2002,4,17925608098.0,1265734867.0
2002,5,16669499767.0,21761343057.0
2002,6,24844886874.0,30319318399.0
2002,7,215291952391.0,187969238634.0
2002,8,30452836690.0,17186793270.0
2002,9,4410220413.0,9821373410.0
2002,overall,357430016975.0,303090465492.0
2003,0,8423958906.0,12727647205.0
2003,1,1492166789.0,1142506222.0
2003,2,10152859524.0,7380269855.0
2003,3,40231566198.0,17519544430.0
2003,4,24226163223.0,1358691091.0
2003,5,20549927345.0,22764010516.0
2003,6,27981507627.0,30480035836.0
2003,7,226077625123.0,195328532586.0
2003,8,33636970228.0,18127455594.0
2003,9,5111646265.0,9709159839.0
2003,overall,397884391228.0,316537853174.0
2004,0,10026423129.0,16482073046.0
2004,1,1642793489.0,1390834759.0
2004,2,12599552400.0,10475840490.0
2004,3,55817474537.0,25118275078.0
2004,4,26535655447.0,2911031221.0
2004,5,27081361756.0,31785890449.0
2004,6,37069442747.0,43317206520.0
2004,7,262488317412.0,232491296972.0
2004,8,41356371665.0,23745859025.0
2004,9,6635599847.0,11913863368.0
2004,overall,481252992429.0,399632170928.0
2005,0,10754946448.0,17780169254.0
2005,1,1710595854.0,1463272945.0
2005,2,14096057720.0,10496277833.0
2005,3,71886259511.0,34938158156.0
2005,4,24692805661.0,2094566418.0
2005,5,31111702485.0,33895614284.0
2005,6,39097740937.0,47964007264.0
2005,7,289566611725.0,248767525563.0
2005,8,45233928695.0,22601514292.0
2005,9,8083011546.0,12869691654.0
2005,overall,536233660582.0,432870797663.0
2006,0,11481539489.0,19967942449.0
2006,1,1929680295.0,1539150442.0
2006,2,16948972839.0,12826704750.0
2006,3,80653364172.0,41545613072.0
2006,4,27944478938.0,2692760482.0
2006,5,32928917908.0,36813222757.0
2006,6,47935578074.0,55651371184.0
2006,7,309343448264.0,266662988413.0
2006,8,49933514521.0,26216058785.0
2006,9,10140850000.0,14232110230.0
2006,overall,589240344500.0,478147922564.0
2007,0,13850492179.0,23415854995.0
2007,1,2203939308.0,1704379963.0
2007,2,16251301022.0,16412468161.0
2007,3,86986724113.0,44248066788.0
2007,4,39576093303.0,3160238762.0
2007,5,36167119258.0,40796333351.0
2007,6,52658329479.0,63508030013.0
2007,7,295905965546.0,267349682519.0
2007,8,51937732766.0,24696586331.0
2007,9,8761935445.0,16752983459.0
2007,overall,604299632419.0,502044624342.0
2008,0,17851711924.0,27969260687.0
2008,1,2431364710.0,2115289239.0
2008,2,17694427595.0,18641764848.0
2008,3,121651941016.0,56804320686.0
2008,4,56833136308.0,5219044842.0
2008,5,39486147667.0,45621596851.0
2008,6,59150831552.0,67154910937.0
2008,7,286099325270.0,254282970999.0
2008,8,55846085898.0,28628856415.0
2008,9,5968542666.0,13366278213.0
2008,overall,663013514606.0,519804293717.0
2009,0,15790997245.0,26732120532.0
2009,1,2476621137.0,2097008940.0
2009,2,13157144492.0,14881167435.0
2009,3,79508148462.0,35688215207.0
2009,4,43640998877.0,4977572714.0
2009,5,33263369106.0,39405598343.0
2009,6,49356397855.0,52801226653.0
2009,7,258628013994.0,222364139903.0
2009,8,52202197043.0,25817644865.0
2009,9,4494218443.0,9905107691.0
2009,overall,552518106654.0,434669802283.0
2010,0,18167969393.0,30252760010.0
2010,1,2815111022.0,2355242242.0
2010,2,19128782344.0,19444276331.0
2010,3,101958433862.0,52690552803.0
2010,4,54139430386.0,7208741668.0
2010,5,40618346872.0,47859950672.0
2010,6,56391171131.0,65553227194.0
2010,7,280415983238.0,261591113086.0
2010,8,61406685110.0,32075168314.0
2010,9,3780574685.0,9797151017.0
2010,overall,638822488043.0,528828183337.0
2011,0,20555219045.0,34492518429.0
2011,1,3136393097.0,3096529473.0
2011,2,25026457428.0,24758515642.0
2011,3,125752326084.0,67635034331.0
2011,4,73118570512.0,11513667630.0
2011,5,46210691152.0,53902206387.0
2011,6,65399574888.0,75038879921.0
2011,7,269762803576.0,255279744508.0
2011,8,64707345742.0,36011967749.0
2011,9,4192555786.0,11897262282.0
2011,overall,697861937310.0,573626326352.0
2012,0,20691900471.0,36090506784.0
2012,1,3725855216.0,3780088928.0
2012,2,20609659478.0,24886888732.0
2012,3,143388124510.0,86047025105.0
2012,4,63393744364.0,9748660984.0
2012,5,46101569979.0,54547492462.0
2012,6,63623976837.0,75196456372.0
2012,7,266684762419.0,266469850124.0
2012,8,68704395384.0,37414226719.0
2012,9,5717259129.0,12495753596.0
2012,overall,702641247787.0,606676949806.0
2013,0,22100540319.0,38857360034.0
2013,1,3883908298.0,4069289044.0
2013,2,19491586781.0,23888244455.0
2013,3,160347718815.0,105022363182.0
2013,4,49019223328.0,4117144985.0
2013,5,51761405081.0,59415570777.0
2013,6,67700466620.0,85373845591.0
2013,7,273675868526.0,276277976465.0
2013,8,67318653631.0,37085868235.0
2013,9,4693027043.0,14587210539.0
2013,overall,719992398442.0,648694873307.0
2014,0,25646664403.0,42642630298.0
2014,1,4079360794.0,4049325472.0
2014,2,17164324069.0,21991581290.0
2014,3,168624096763.0,114876466886.0
2014,4,50490598284.0,4521130823.0
2014,5,56574561277.0,65992521922.0
2014,6,67819018126.0,87418868162.0
2014,7,296735358563.0,285547578125.0
2014,8,73716947544.0,41774030625.0
2014,9,4565953573.0,14123013704.0
2014,overall,765416883396.0,682937147307.0
2015,0,27369901296.0,45343474865.0
2015,1,4606364593.0,4547662308.0
2015,2,21210044260.0,22487634913.0
2015,3,125875513492.0,85148117288.0
2015,4,47863478449.0,6970915174.0
2015,5,60673881212.0,69736025978.0
2015,6,75145276839.0,89629327376.0
2015,7,326094789877.0,297067382903.0
2015,8,84485285881.0,50447301129.0
2015,9,4030547039.0,14400595560.0
2015,overall,777355082938.0,685778437494.0
2016,0,30217998728.0,46765812371.0
2016,1,4906444422.0,4534132964.0
2016,2,22513559134.0,24881865450.0
2016,3,111163181868.0,72183853152.0
2016,4,50637086130.0,5469000098.0
2016,5,64668718552.0,73570853644.0
2016,6,70014910871.0,87921665890.0
2016,7,338784586743.0,316347705639.0
2016,8,89029446648.0,54558821733.0
2016,9,5028225351.0,12584956679.0
2016,overall,786964158447.0,698818667620.0
2017,0,31841825084.0,51288219950.0
2017,1,4421868633.0,3685782201.0
2017,2,28566176768.0,33687323255.0
2017,3,144012594169.0,106807608966.0
2017,4,56397963414.0,6772834854.0
2017,5,75088415413.0,86217257358.0
2017,6,82821316414.0,98036500034.0
2017,7,398808620949.0,372858014129.0
2017,8,104645563686.0,59905576106.0
2017,9,8322474874.0,17163065338.0
2017,overall,934926819404.0,836422182191.0
2018,0,31575251046.0,50173298897.0
2018,1,3570702139.0,3818381918.0
2018,2,25525905284.0,36590262061.0
2018,3,157269302327.0,126499826348.0
2018,4,47064170169.0,6656149153.0
2018,5,84859315629.0,95377583178.0
2018,6,92698730832.0,103044573830.0
2018,7,440245435242.0,381572034007.0
2018,8,112084184884.0,59774812053.0
2018,9,8693870339.0,16297094197.0
2018,overall,1003586867891.0,879804015642.0
2019,0,34094391461.0,51463239772.0
2019,1,3452652445.0,3726728678.0
2019,2,27037977702.0,41777753876.0
2019,3,143680984270.0,123544278852.0
2019,4,46796084887.0,6564533032.0
2019,5,84956989496.0,93237789436.0
2019,6,95840706938.0,99008189636.0
2019,7,433859893555.0,355962844019.0
2019,8,119268409422.0,59330864365.0
2019,9,6083825903.0,14794590014.0
2019,overall,995071916079.0,849410811680.0
2020,0,33780476620.0,55475002717.0
2020,1,2594935457.0,2627278832.0
2020,2,24750801541.0,41112454434.0
2020,3,112015298093.0,95148985016.0
2020,4,54980132531.0,8913760043.0
2020,5,74959955405.0,85580403986.0
2020,6,88472913535.0,91045442250.0
2020,7,444197861832.0,349647546596.0
2020,8,144649873420.0,55888620439.0
2020,9,3424517485.0,15041825430.0
2020,overall,983826765919.0,800481319743.0
2021,0,38694558466.0,63650626656.0
2021,1,2497802704.0,2630412222.0
2021,2,28919842737.0,58732534736.0
2021,3,154806106050.0,123644774841.0
2021,4,79146709739.0,14562110402.0
2021,5,107515877249.0,111681266608.0
2021,6,127468692921.0,106424352576.0
2021,7,521788685334.0,416772377920.0
2021,8,176055469266.0,65281147487.0
2021,9,4128348365.0,23964370665.0
2021,overall,1241022092831.0,987343974113.0
2022,0,44610210833.0,75621407314.0
2022,1,2756650246.0,3645082775.0
2022,2,31262920541.0,53209181724.0
2022,3,264757937327.0,241667518075.0
2022,4,100658316648.0,18248041690.0
2022,5,125677068690.0,134305133335.0
2022,6,138745710010.0,126842772489.0
2022,7,672352328155.0,533777515615.0
2022,8,162735124065.0,82795644954.0
2022,9,6453008119.0,23699094185.0
2022,overall,1550009274634.0,1293811392156.0
2023,0,46461745570.0,78786622385.0
2023,1,3105335041.0,3615721975.0
2023,2,29661867940.0,43711211326.0
2023,3,236033988963.0,231552049141.0
2023,4,74888362420.0,11225736552.0
2023,5,106155122165.0,120955537268.0
2023,6,127578447484.0,125495107406.0
2023,7,650205651441.0,500554994573.0
2023,8,143781056105.0,78335874122.0
2023,9,8327127229.0,16811185901.0
2023,overall,1426198704358.0,1211044040649.0
2024,0,54455932051.0,85888579175.0
2024,1,3016575265.0,3428229636.0
2024,2,30670459060.0,44514367626.0
2024,3,217110208034.0,210078328986.0
2024,4,82841849019.0,22543866765.0
2024,5,112637888409.0,118462516278.0
2024,6,138008862499.0,133729973575.0
2024,7,688909474957.0,601671353629.0
2024,8,170347398664.0,98974730142.0
2024,9,9714490943.0,20542993077.0
2024,overall,1507713138901.0,1339834938889.0
2025,0,58867400813.0,92770403799.0
2025,1,2851504615.0,3365561170.0
2025,2,33946838678.0,51705418981.0
2025,3,179284785270.0,174844734023.0
2025,4,88419766927.0,13365311433.0
2025,5,108922395457.0,116269296340.0
2025,6,133309058983.0,123653108319.0
2025,7,808119591182.0,746943735973.0
2025,8,179206780162.0,101432991367.0
2025,9,13544918688.0,27529193131.0
2025,overall,1606473040775.0,1451879754536.0
