Country,ISO3,Project_007_Region,Official_Region,Sub_Region,Source,Notes
Algeria,DZA,Africa,"Middle East, North Africa, Afghanistan & Pakistan",Northern Africa,"World Bank (country list, Official_Region) + UN M49 via ISO-3166-Countries-with-Regional-Codes (Sub_Region, base geography)",
Angola,AGO,Africa,Sub-Saharan Africa ,Sub-Saharan Africa,"World Bank (country list, Official_Region) + UN M49 via ISO-3166-Countries-with-Regional-Codes (Sub_Region, base geography)",
Benin,BEN,Africa,Sub-Saharan Africa ,Sub-Saharan Africa,"World Bank (country list, Official_Region) + UN M49 via ISO-3166-Countries-with-Regional-Codes (Sub_Region, base geography)",
Botswana,BWA,Africa,Sub-Saharan Africa ,Sub-Saharan Africa,"World Bank (country list, Official_Region) + UN M49 via ISO-3166-Countries-with-Regional-Codes (Sub_Region, base geography)",
Burkina Faso,BFA,Africa,Sub-Saharan Africa ,Sub-Saharan Africa,"World Bank (country list, Official_Region) + UN M49 via ISO-3166-Countries-with-Regional-Codes (Sub_Region, base geography)",
Burundi,BDI,Africa,Sub-Saharan Africa ,Sub-Saharan Africa,"World Bank (country list, Official_Region) + UN M49 via ISO-3166-Countries-with-Regional-Codes (Sub_Region, base geography)",
Cabo Verde,CPV,Africa,Sub-Saharan Africa ,Sub-Saharan Africa,"World Bank (country list, Official_Region) + UN M49 via ISO-3166-Countries-with-Regional-Codes (Sub_Region, base geography)",
Cameroon,CMR,Africa,Sub-Saharan Africa ,Sub-Saharan Africa,"World Bank (country list, Official_Region) + UN M49 via ISO-3166-Countries-with-Regional-Codes (Sub_Region, base geography)",
Central African Republic,CAF,Africa,Sub-Saharan Africa ,Sub-Saharan Africa,"World Bank (country list, Official_Region) + UN M49 via ISO-3166-Countries-with-Regional-Codes (Sub_Region, base geography)",
Chad,TCD,Africa,Sub-Saharan Africa ,Sub-Saharan Africa,"World Bank (country list, Official_Region) + UN M49 via ISO-3166-Countries-with-Regional-Codes (Sub_Region, base geography)",
Comoros,COM,Africa,Sub-Saharan Africa ,Sub-Saharan Africa,"World Bank (country list, Official_Region) + UN M49 via ISO-3166-Countries-with-Regional-Codes (Sub_Region, base geography)",
"Congo, Dem. Rep.",COD,Africa,Sub-Saharan Africa ,Sub-Saharan Africa,"World Bank (country list, Official_Region) + UN M49 via ISO-3166-Countries-with-Regional-Codes (Sub_Region, base geography)",
"Congo, Rep.",COG,Africa,Sub-Saharan Africa ,Sub-Saharan Africa,"World Bank (country list, Official_Region) + UN M49 via ISO-3166-Countries-with-Regional-Codes (Sub_Region, base geography)",
Cote d'Ivoire,CIV,Africa,Sub-Saharan Africa ,Sub-Saharan Africa,"World Bank (country list, Official_Region) + UN M49 via ISO-3166-Countries-with-Regional-Codes (Sub_Region, base geography)",
Djibouti,DJI,Africa,"Middle East, North Africa, Afghanistan & Pakistan",Sub-Saharan Africa,"World Bank (country list, Official_Region) + UN M49 via ISO-3166-Countries-with-Regional-Codes (Sub_Region, base geography)",
"Egypt, Arab Rep.",EGY,Africa,"Middle East, North Africa, Afghanistan & Pakistan",Northern Africa,"World Bank (country list, Official_Region) + UN M49 via ISO-3166-Countries-with-Regional-Codes (Sub_Region, base geography)",
Equatorial Guinea,GNQ,Africa,Sub-Saharan Africa ,Sub-Saharan Africa,"World Bank (country list, Official_Region) + UN M49 via ISO-3166-Countries-with-Regional-Codes (Sub_Region, base geography)",
Eritrea,ERI,Africa,Sub-Saharan Africa ,Sub-Saharan Africa,"World Bank (country list, Official_Region) + UN M49 via ISO-3166-Countries-with-Regional-Codes (Sub_Region, base geography)",
Eswatini,SWZ,Africa,Sub-Saharan Africa ,Sub-Saharan Africa,"World Bank (country list, Official_Region) + UN M49 via ISO-3166-Countries-with-Regional-Codes (Sub_Region, base geography)",
Ethiopia,ETH,Africa,Sub-Saharan Africa ,Sub-Saharan Africa,"World Bank (country list, Official_Region) + UN M49 via ISO-3166-Countries-with-Regional-Codes (Sub_Region, base geography)",
Gabon,GAB,Africa,Sub-Saharan Africa ,Sub-Saharan Africa,"World Bank (country list, Official_Region) + UN M49 via ISO-3166-Countries-with-Regional-Codes (Sub_Region, base geography)",
"Gambia, The",GMB,Africa,Sub-Saharan Africa ,Sub-Saharan Africa,"World Bank (country list, Official_Region) + UN M49 via ISO-3166-Countries-with-Regional-Codes (Sub_Region, base geography)",
Ghana,GHA,Africa,Sub-Saharan Africa ,Sub-Saharan Africa,"World Bank (country list, Official_Region) + UN M49 via ISO-3166-Countries-with-Regional-Codes (Sub_Region, base geography)",
Guinea,GIN,Africa,Sub-Saharan Africa ,Sub-Saharan Africa,"World Bank (country list, Official_Region) + UN M49 via ISO-3166-Countries-with-Regional-Codes (Sub_Region, base geography)",
Guinea-Bissau,GNB,Africa,Sub-Saharan Africa ,Sub-Saharan Africa,"World Bank (country list, Official_Region) + UN M49 via ISO-3166-Countries-with-Regional-Codes (Sub_Region, base geography)",
Kenya,KEN,Africa,Sub-Saharan Africa ,Sub-Saharan Africa,"World Bank (country list, Official_Region) + UN M49 via ISO-3166-Countries-with-Regional-Codes (Sub_Region, base geography)",
Lesotho,LSO,Africa,Sub-Saharan Africa ,Sub-Saharan Africa,"World Bank (country list, Official_Region) + UN M49 via ISO-3166-Countries-with-Regional-Codes (Sub_Region, base geography)",
Liberia,LBR,Africa,Sub-Saharan Africa ,Sub-Saharan Africa,"World Bank (country list, Official_Region) + UN M49 via ISO-3166-Countries-with-Regional-Codes (Sub_Region, base geography)",
Libya,LBY,Africa,"Middle East, North Africa, Afghanistan & Pakistan",Northern Africa,"World Bank (country list, Official_Region) + UN M49 via ISO-3166-Countries-with-Regional-Codes (Sub_Region, base geography)",
Madagascar,MDG,Africa,Sub-Saharan Africa ,Sub-Saharan Africa,"World Bank (country list, Official_Region) + UN M49 via ISO-3166-Countries-with-Regional-Codes (Sub_Region, base geography)",
Malawi,MWI,Africa,Sub-Saharan Africa ,Sub-Saharan Africa,"World Bank (country list, Official_Region) + UN M49 via ISO-3166-Countries-with-Regional-Codes (Sub_Region, base geography)",
Mali,MLI,Africa,Sub-Saharan Africa ,Sub-Saharan Africa,"World Bank (country list, Official_Region) + UN M49 via ISO-3166-Countries-with-Regional-Codes (Sub_Region, base geography)",
Mauritania,MRT,Africa,Sub-Saharan Africa ,Sub-Saharan Africa,"World Bank (country list, Official_Region) + UN M49 via ISO-3166-Countries-with-Regional-Codes (Sub_Region, base geography)",
Mauritius,MUS,Africa,Sub-Saharan Africa ,Sub-Saharan Africa,"World Bank (country list, Official_Region) + UN M49 via ISO-3166-Countries-with-Regional-Codes (Sub_Region, base geography)",
Morocco,MAR,Africa,"Middle East, North Africa, Afghanistan & Pakistan",Northern Africa,"World Bank (country list, Official_Region) + UN M49 via ISO-3166-Countries-with-Regional-Codes (Sub_Region, base geography)",
Mozambique,MOZ,Africa,Sub-Saharan Africa ,Sub-Saharan Africa,"World Bank (country list, Official_Region) + UN M49 via ISO-3166-Countries-with-Regional-Codes (Sub_Region, base geography)",
Namibia,NAM,Africa,Sub-Saharan Africa ,Sub-Saharan Africa,"World Bank (country list, Official_Region) + UN M49 via ISO-3166-Countries-with-Regional-Codes (Sub_Region, base geography)",
Niger,NER,Africa,Sub-Saharan Africa ,Sub-Saharan Africa,"World Bank (country list, Official_Region) + UN M49 via ISO-3166-Countries-with-Regional-Codes (Sub_Region, base geography)",
Nigeria,NGA,Africa,Sub-Saharan Africa ,Sub-Saharan Africa,"World Bank (country list, Official_Region) + UN M49 via ISO-3166-Countries-with-Regional-Codes (Sub_Region, base geography)",
Rwanda,RWA,Africa,Sub-Saharan Africa ,Sub-Saharan Africa,"World Bank (country list, Official_Region) + UN M49 via ISO-3166-Countries-with-Regional-Codes (Sub_Region, base geography)",
Sao Tome and Principe,STP,Africa,Sub-Saharan Africa ,Sub-Saharan Africa,"World Bank (country list, Official_Region) + UN M49 via ISO-3166-Countries-with-Regional-Codes (Sub_Region, base geography)",
Senegal,SEN,Africa,Sub-Saharan Africa ,Sub-Saharan Africa,"World Bank (country list, Official_Region) + UN M49 via ISO-3166-Countries-with-Regional-Codes (Sub_Region, base geography)",
Seychelles,SYC,Africa,Sub-Saharan Africa ,Sub-Saharan Africa,"World Bank (country list, Official_Region) + UN M49 via ISO-3166-Countries-with-Regional-Codes (Sub_Region, base geography)",
Sierra Leone,SLE,Africa,Sub-Saharan Africa ,Sub-Saharan Africa,"World Bank (country list, Official_Region) + UN M49 via ISO-3166-Countries-with-Regional-Codes (Sub_Region, base geography)",
"Somalia, Fed. Rep.",SOM,Africa,Sub-Saharan Africa ,Sub-Saharan Africa,"World Bank (country list, Official_Region) + UN M49 via ISO-3166-Countries-with-Regional-Codes (Sub_Region, base geography)",
South Africa,ZAF,Africa,Sub-Saharan Africa ,Sub-Saharan Africa,"World Bank (country list, Official_Region) + UN M49 via ISO-3166-Countries-with-Regional-Codes (Sub_Region, base geography)",
South Sudan,SSD,Africa,Sub-Saharan Africa ,Sub-Saharan Africa,"World Bank (country list, Official_Region) + UN M49 via ISO-3166-Countries-with-Regional-Codes (Sub_Region, base geography)",
Sudan,SDN,Africa,Sub-Saharan Africa ,Northern Africa,"World Bank (country list, Official_Region) + UN M49 via ISO-3166-Countries-with-Regional-Codes (Sub_Region, base geography)",
Tanzania,TZA,Africa,Sub-Saharan Africa ,Sub-Saharan Africa,"World Bank (country list, Official_Region) + UN M49 via ISO-3166-Countries-with-Regional-Codes (Sub_Region, base geography)",
Togo,TGO,Africa,Sub-Saharan Africa ,Sub-Saharan Africa,"World Bank (country list, Official_Region) + UN M49 via ISO-3166-Countries-with-Regional-Codes (Sub_Region, base geography)",
Tunisia,TUN,Africa,"Middle East, North Africa, Afghanistan & Pakistan",Northern Africa,"World Bank (country list, Official_Region) + UN M49 via ISO-3166-Countries-with-Regional-Codes (Sub_Region, base geography)",
Uganda,UGA,Africa,Sub-Saharan Africa ,Sub-Saharan Africa,"World Bank (country list, Official_Region) + UN M49 via ISO-3166-Countries-with-Regional-Codes (Sub_Region, base geography)",
Zambia,ZMB,Africa,Sub-Saharan Africa ,Sub-Saharan Africa,"World Bank (country list, Official_Region) + UN M49 via ISO-3166-Countries-with-Regional-Codes (Sub_Region, base geography)",
Zimbabwe,ZWE,Africa,Sub-Saharan Africa ,Sub-Saharan Africa,"World Bank (country list, Official_Region) + UN M49 via ISO-3166-Countries-with-Regional-Codes (Sub_Region, base geography)",
China,CHN,East Asia,East Asia & Pacific,Eastern Asia,"World Bank (country list, Official_Region) + UN M49 via ISO-3166-Countries-with-Regional-Codes (Sub_Region, base geography)",
"Hong Kong SAR, China",HKG,East Asia,East Asia & Pacific,Eastern Asia,"World Bank (country list, Official_Region) + UN M49 via ISO-3166-Countries-with-Regional-Codes (Sub_Region, base geography)",
Japan,JPN,East Asia,East Asia & Pacific,Eastern Asia,"World Bank (country list, Official_Region) + UN M49 via ISO-3166-Countries-with-Regional-Codes (Sub_Region, base geography)",
"Korea, Dem. People's Rep.",PRK,East Asia,East Asia & Pacific,Eastern Asia,"World Bank (country list, Official_Region) + UN M49 via ISO-3166-Countries-with-Regional-Codes (Sub_Region, base geography)",
"Korea, Rep.",KOR,East Asia,East Asia & Pacific,Eastern Asia,"World Bank (country list, Official_Region) + UN M49 via ISO-3166-Countries-with-Regional-Codes (Sub_Region, base geography)",
"Macao SAR, China",MAC,East Asia,East Asia & Pacific,Eastern Asia,"World Bank (country list, Official_Region) + UN M49 via ISO-3166-Countries-with-Regional-Codes (Sub_Region, base geography)",
Mongolia,MNG,East Asia,East Asia & Pacific,Eastern Asia,"World Bank (country list, Official_Region) + UN M49 via ISO-3166-Countries-with-Regional-Codes (Sub_Region, base geography)",
Albania,ALB,Europe,Europe & Central Asia,Southern Europe,"World Bank (country list, Official_Region) + UN M49 via ISO-3166-Countries-with-Regional-Codes (Sub_Region, base geography)",
Andorra,AND,Europe,Europe & Central Asia,Southern Europe,"World Bank (country list, Official_Region) + UN M49 via ISO-3166-Countries-with-Regional-Codes (Sub_Region, base geography)",
Austria,AUT,Europe,Europe & Central Asia,Western Europe,"World Bank (country list, Official_Region) + UN M49 via ISO-3166-Countries-with-Regional-Codes (Sub_Region, base geography)",
Belarus,BLR,Europe,Europe & Central Asia,Eastern Europe,"World Bank (country list, Official_Region) + UN M49 via ISO-3166-Countries-with-Regional-Codes (Sub_Region, base geography)",
Belgium,BEL,Europe,Europe & Central Asia,Western Europe,"World Bank (country list, Official_Region) + UN M49 via ISO-3166-Countries-with-Regional-Codes (Sub_Region, base geography)",
Bosnia and Herzegovina,BIH,Europe,Europe & Central Asia,Southern Europe,"World Bank (country list, Official_Region) + UN M49 via ISO-3166-Countries-with-Regional-Codes (Sub_Region, base geography)",
Bulgaria,BGR,Europe,Europe & Central Asia,Eastern Europe,"World Bank (country list, Official_Region) + UN M49 via ISO-3166-Countries-with-Regional-Codes (Sub_Region, base geography)",
Channel Islands,CHI,Europe,Europe & Central Asia,,"World Bank (country list, Official_Region) + UN M49 via ISO-3166-Countries-with-Regional-Codes (Sub_Region, base geography)","Channel Islands (Jersey/Guernsey, UK Crown Dependencies) have no UN M49 sub-region; assigned Europe by geography."
Croatia,HRV,Europe,Europe & Central Asia,Southern Europe,"World Bank (country list, Official_Region) + UN M49 via ISO-3166-Countries-with-Regional-Codes (Sub_Region, base geography)",
Czechia,CZE,Europe,Europe & Central Asia,Eastern Europe,"World Bank (country list, Official_Region) + UN M49 via ISO-3166-Countries-with-Regional-Codes (Sub_Region, base geography)",
Denmark,DNK,Europe,Europe & Central Asia,Northern Europe,"World Bank (country list, Official_Region) + UN M49 via ISO-3166-Countries-with-Regional-Codes (Sub_Region, base geography)",
Estonia,EST,Europe,Europe & Central Asia,Northern Europe,"World Bank (country list, Official_Region) + UN M49 via ISO-3166-Countries-with-Regional-Codes (Sub_Region, base geography)",
Faroe Islands,FRO,Europe,Europe & Central Asia,Northern Europe,"World Bank (country list, Official_Region) + UN M49 via ISO-3166-Countries-with-Regional-Codes (Sub_Region, base geography)",
Finland,FIN,Europe,Europe & Central Asia,Northern Europe,"World Bank (country list, Official_Region) + UN M49 via ISO-3166-Countries-with-Regional-Codes (Sub_Region, base geography)",
France,FRA,Europe,Europe & Central Asia,Western Europe,"World Bank (country list, Official_Region) + UN M49 via ISO-3166-Countries-with-Regional-Codes (Sub_Region, base geography)",
Germany,DEU,Europe,Europe & Central Asia,Western Europe,"World Bank (country list, Official_Region) + UN M49 via ISO-3166-Countries-with-Regional-Codes (Sub_Region, base geography)",
Gibraltar,GIB,Europe,Europe & Central Asia,Southern Europe,"World Bank (country list, Official_Region) + UN M49 via ISO-3166-Countries-with-Regional-Codes (Sub_Region, base geography)",
Greece,GRC,Europe,Europe & Central Asia,Southern Europe,"World Bank (country list, Official_Region) + UN M49 via ISO-3166-Countries-with-Regional-Codes (Sub_Region, base geography)",
Hungary,HUN,Europe,Europe & Central Asia,Eastern Europe,"World Bank (country list, Official_Region) + UN M49 via ISO-3166-Countries-with-Regional-Codes (Sub_Region, base geography)",
Iceland,ISL,Europe,Europe & Central Asia,Northern Europe,"World Bank (country list, Official_Region) + UN M49 via ISO-3166-Countries-with-Regional-Codes (Sub_Region, base geography)",
Ireland,IRL,Europe,Europe & Central Asia,Northern Europe,"World Bank (country list, Official_Region) + UN M49 via ISO-3166-Countries-with-Regional-Codes (Sub_Region, base geography)",
Isle of Man,IMN,Europe,Europe & Central Asia,Northern Europe,"World Bank (country list, Official_Region) + UN M49 via ISO-3166-Countries-with-Regional-Codes (Sub_Region, base geography)",
Italy,ITA,Europe,Europe & Central Asia,Southern Europe,"World Bank (country list, Official_Region) + UN M49 via ISO-3166-Countries-with-Regional-Codes (Sub_Region, base geography)",
Kazakhstan,KAZ,Europe,Europe & Central Asia,Central Asia,"World Bank (country list, Official_Region) + UN M49 via ISO-3166-Countries-with-Regional-Codes (Sub_Region, base geography)",
Kosovo,XKX,Europe,Europe & Central Asia,,"World Bank (country list, Official_Region) + UN M49 via ISO-3166-Countries-with-Regional-Codes (Sub_Region, base geography)",Kosovo has a non-standard/provisional ISO code (XKX) not present in the UN M49 reference table used; assigned Europe (Balkans) by geography.
Kyrgyz Republic,KGZ,Europe,Europe & Central Asia,Central Asia,"World Bank (country list, Official_Region) + UN M49 via ISO-3166-Countries-with-Regional-Codes (Sub_Region, base geography)",
Latvia,LVA,Europe,Europe & Central Asia,Northern Europe,"World Bank (country list, Official_Region) + UN M49 via ISO-3166-Countries-with-Regional-Codes (Sub_Region, base geography)",
Liechtenstein,LIE,Europe,Europe & Central Asia,Western Europe,"World Bank (country list, Official_Region) + UN M49 via ISO-3166-Countries-with-Regional-Codes (Sub_Region, base geography)",
Lithuania,LTU,Europe,Europe & Central Asia,Northern Europe,"World Bank (country list, Official_Region) + UN M49 via ISO-3166-Countries-with-Regional-Codes (Sub_Region, base geography)",
Luxembourg,LUX,Europe,Europe & Central Asia,Western Europe,"World Bank (country list, Official_Region) + UN M49 via ISO-3166-Countries-with-Regional-Codes (Sub_Region, base geography)",
Malta,MLT,Europe,"Middle East, North Africa, Afghanistan & Pakistan",Southern Europe,"World Bank (country list, Official_Region) + UN M49 via ISO-3166-Countries-with-Regional-Codes (Sub_Region, base geography)",
Moldova,MDA,Europe,Europe & Central Asia,Eastern Europe,"World Bank (country list, Official_Region) + UN M49 via ISO-3166-Countries-with-Regional-Codes (Sub_Region, base geography)",
Monaco,MCO,Europe,Europe & Central Asia,Western Europe,"World Bank (country list, Official_Region) + UN M49 via ISO-3166-Countries-with-Regional-Codes (Sub_Region, base geography)",
Montenegro,MNE,Europe,Europe & Central Asia,Southern Europe,"World Bank (country list, Official_Region) + UN M49 via ISO-3166-Countries-with-Regional-Codes (Sub_Region, base geography)",
Netherlands,NLD,Europe,Europe & Central Asia,Western Europe,"World Bank (country list, Official_Region) + UN M49 via ISO-3166-Countries-with-Regional-Codes (Sub_Region, base geography)",
North Macedonia,MKD,Europe,Europe & Central Asia,Southern Europe,"World Bank (country list, Official_Region) + UN M49 via ISO-3166-Countries-with-Regional-Codes (Sub_Region, base geography)",
Norway,NOR,Europe,Europe & Central Asia,Northern Europe,"World Bank (country list, Official_Region) + UN M49 via ISO-3166-Countries-with-Regional-Codes (Sub_Region, base geography)",
Poland,POL,Europe,Europe & Central Asia,Eastern Europe,"World Bank (country list, Official_Region) + UN M49 via ISO-3166-Countries-with-Regional-Codes (Sub_Region, base geography)",
Portugal,PRT,Europe,Europe & Central Asia,Southern Europe,"World Bank (country list, Official_Region) + UN M49 via ISO-3166-Countries-with-Regional-Codes (Sub_Region, base geography)",
Romania,ROU,Europe,Europe & Central Asia,Eastern Europe,"World Bank (country list, Official_Region) + UN M49 via ISO-3166-Countries-with-Regional-Codes (Sub_Region, base geography)",
Russian Federation,RUS,Europe,Europe & Central Asia,Eastern Europe,"World Bank (country list, Official_Region) + UN M49 via ISO-3166-Countries-with-Regional-Codes (Sub_Region, base geography)",
San Marino,SMR,Europe,Europe & Central Asia,Southern Europe,"World Bank (country list, Official_Region) + UN M49 via ISO-3166-Countries-with-Regional-Codes (Sub_Region, base geography)",
Serbia,SRB,Europe,Europe & Central Asia,Southern Europe,"World Bank (country list, Official_Region) + UN M49 via ISO-3166-Countries-with-Regional-Codes (Sub_Region, base geography)",
Slovak Republic,SVK,Europe,Europe & Central Asia,Eastern Europe,"World Bank (country list, Official_Region) + UN M49 via ISO-3166-Countries-with-Regional-Codes (Sub_Region, base geography)",
Slovenia,SVN,Europe,Europe & Central Asia,Southern Europe,"World Bank (country list, Official_Region) + UN M49 via ISO-3166-Countries-with-Regional-Codes (Sub_Region, base geography)",
Spain,ESP,Europe,Europe & Central Asia,Southern Europe,"World Bank (country list, Official_Region) + UN M49 via ISO-3166-Countries-with-Regional-Codes (Sub_Region, base geography)",
Sweden,SWE,Europe,Europe & Central Asia,Northern Europe,"World Bank (country list, Official_Region) + UN M49 via ISO-3166-Countries-with-Regional-Codes (Sub_Region, base geography)",
Switzerland,CHE,Europe,Europe & Central Asia,Western Europe,"World Bank (country list, Official_Region) + UN M49 via ISO-3166-Countries-with-Regional-Codes (Sub_Region, base geography)",
Tajikistan,TJK,Europe,Europe & Central Asia,Central Asia,"World Bank (country list, Official_Region) + UN M49 via ISO-3166-Countries-with-Regional-Codes (Sub_Region, base geography)",
Turkmenistan,TKM,Europe,Europe & Central Asia,Central Asia,"World Bank (country list, Official_Region) + UN M49 via ISO-3166-Countries-with-Regional-Codes (Sub_Region, base geography)",
Ukraine,UKR,Europe,Europe & Central Asia,Eastern Europe,"World Bank (country list, Official_Region) + UN M49 via ISO-3166-Countries-with-Regional-Codes (Sub_Region, base geography)",
United Kingdom,GBR,Europe,Europe & Central Asia,Northern Europe,"World Bank (country list, Official_Region) + UN M49 via ISO-3166-Countries-with-Regional-Codes (Sub_Region, base geography)",
Uzbekistan,UZB,Europe,Europe & Central Asia,Central Asia,"World Bank (country list, Official_Region) + UN M49 via ISO-3166-Countries-with-Regional-Codes (Sub_Region, base geography)",
Antigua and Barbuda,ATG,Latin America,Latin America & Caribbean ,Latin America and the Caribbean,"World Bank (country list, Official_Region) + UN M49 via ISO-3166-Countries-with-Regional-Codes (Sub_Region, base geography)",
Argentina,ARG,Latin America,Latin America & Caribbean ,Latin America and the Caribbean,"World Bank (country list, Official_Region) + UN M49 via ISO-3166-Countries-with-Regional-Codes (Sub_Region, base geography)",
Aruba,ABW,Latin America,Latin America & Caribbean ,Latin America and the Caribbean,"World Bank (country list, Official_Region) + UN M49 via ISO-3166-Countries-with-Regional-Codes (Sub_Region, base geography)",
"Bahamas, The",BHS,Latin America,Latin America & Caribbean ,Latin America and the Caribbean,"World Bank (country list, Official_Region) + UN M49 via ISO-3166-Countries-with-Regional-Codes (Sub_Region, base geography)",
Barbados,BRB,Latin America,Latin America & Caribbean ,Latin America and the Caribbean,"World Bank (country list, Official_Region) + UN M49 via ISO-3166-Countries-with-Regional-Codes (Sub_Region, base geography)",
Belize,BLZ,Latin America,Latin America & Caribbean ,Latin America and the Caribbean,"World Bank (country list, Official_Region) + UN M49 via ISO-3166-Countries-with-Regional-Codes (Sub_Region, base geography)",
Bolivia,BOL,Latin America,Latin America & Caribbean ,Latin America and the Caribbean,"World Bank (country list, Official_Region) + UN M49 via ISO-3166-Countries-with-Regional-Codes (Sub_Region, base geography)",
Brazil,BRA,Latin America,Latin America & Caribbean ,Latin America and the Caribbean,"World Bank (country list, Official_Region) + UN M49 via ISO-3166-Countries-with-Regional-Codes (Sub_Region, base geography)",
British Virgin Islands,VGB,Latin America,Latin America & Caribbean ,Latin America and the Caribbean,"World Bank (country list, Official_Region) + UN M49 via ISO-3166-Countries-with-Regional-Codes (Sub_Region, base geography)",
Cayman Islands,CYM,Latin America,Latin America & Caribbean ,Latin America and the Caribbean,"World Bank (country list, Official_Region) + UN M49 via ISO-3166-Countries-with-Regional-Codes (Sub_Region, base geography)",
Chile,CHL,Latin America,Latin America & Caribbean ,Latin America and the Caribbean,"World Bank (country list, Official_Region) + UN M49 via ISO-3166-Countries-with-Regional-Codes (Sub_Region, base geography)",
Colombia,COL,Latin America,Latin America & Caribbean ,Latin America and the Caribbean,"World Bank (country list, Official_Region) + UN M49 via ISO-3166-Countries-with-Regional-Codes (Sub_Region, base geography)",
Costa Rica,CRI,Latin America,Latin America & Caribbean ,Latin America and the Caribbean,"World Bank (country list, Official_Region) + UN M49 via ISO-3166-Countries-with-Regional-Codes (Sub_Region, base geography)",
Cuba,CUB,Latin America,Latin America & Caribbean ,Latin America and the Caribbean,"World Bank (country list, Official_Region) + UN M49 via ISO-3166-Countries-with-Regional-Codes (Sub_Region, base geography)",
Curacao,CUW,Latin America,Latin America & Caribbean ,Latin America and the Caribbean,"World Bank (country list, Official_Region) + UN M49 via ISO-3166-Countries-with-Regional-Codes (Sub_Region, base geography)",
Dominica,DMA,Latin America,Latin America & Caribbean ,Latin America and the Caribbean,"World Bank (country list, Official_Region) + UN M49 via ISO-3166-Countries-with-Regional-Codes (Sub_Region, base geography)",
Dominican Republic,DOM,Latin America,Latin America & Caribbean ,Latin America and the Caribbean,"World Bank (country list, Official_Region) + UN M49 via ISO-3166-Countries-with-Regional-Codes (Sub_Region, base geography)",
Ecuador,ECU,Latin America,Latin America & Caribbean ,Latin America and the Caribbean,"World Bank (country list, Official_Region) + UN M49 via ISO-3166-Countries-with-Regional-Codes (Sub_Region, base geography)",
El Salvador,SLV,Latin America,Latin America & Caribbean ,Latin America and the Caribbean,"World Bank (country list, Official_Region) + UN M49 via ISO-3166-Countries-with-Regional-Codes (Sub_Region, base geography)",
Grenada,GRD,Latin America,Latin America & Caribbean ,Latin America and the Caribbean,"World Bank (country list, Official_Region) + UN M49 via ISO-3166-Countries-with-Regional-Codes (Sub_Region, base geography)",
Guatemala,GTM,Latin America,Latin America & Caribbean ,Latin America and the Caribbean,"World Bank (country list, Official_Region) + UN M49 via ISO-3166-Countries-with-Regional-Codes (Sub_Region, base geography)",
Guyana,GUY,Latin America,Latin America & Caribbean ,Latin America and the Caribbean,"World Bank (country list, Official_Region) + UN M49 via ISO-3166-Countries-with-Regional-Codes (Sub_Region, base geography)",
Haiti,HTI,Latin America,Latin America & Caribbean ,Latin America and the Caribbean,"World Bank (country list, Official_Region) + UN M49 via ISO-3166-Countries-with-Regional-Codes (Sub_Region, base geography)",
Honduras,HND,Latin America,Latin America & Caribbean ,Latin America and the Caribbean,"World Bank (country list, Official_Region) + UN M49 via ISO-3166-Countries-with-Regional-Codes (Sub_Region, base geography)",
Jamaica,JAM,Latin America,Latin America & Caribbean ,Latin America and the Caribbean,"World Bank (country list, Official_Region) + UN M49 via ISO-3166-Countries-with-Regional-Codes (Sub_Region, base geography)",
Mexico,MEX,Latin America,Latin America & Caribbean ,Latin America and the Caribbean,"World Bank (country list, Official_Region) + UN M49 via ISO-3166-Countries-with-Regional-Codes (Sub_Region, base geography)",
Nicaragua,NIC,Latin America,Latin America & Caribbean ,Latin America and the Caribbean,"World Bank (country list, Official_Region) + UN M49 via ISO-3166-Countries-with-Regional-Codes (Sub_Region, base geography)",
Panama,PAN,Latin America,Latin America & Caribbean ,Latin America and the Caribbean,"World Bank (country list, Official_Region) + UN M49 via ISO-3166-Countries-with-Regional-Codes (Sub_Region, base geography)",
Paraguay,PRY,Latin America,Latin America & Caribbean ,Latin America and the Caribbean,"World Bank (country list, Official_Region) + UN M49 via ISO-3166-Countries-with-Regional-Codes (Sub_Region, base geography)",
Peru,PER,Latin America,Latin America & Caribbean ,Latin America and the Caribbean,"World Bank (country list, Official_Region) + UN M49 via ISO-3166-Countries-with-Regional-Codes (Sub_Region, base geography)",
Puerto Rico (US),PRI,Latin America,Latin America & Caribbean ,Latin America and the Caribbean,"World Bank (country list, Official_Region) + UN M49 via ISO-3166-Countries-with-Regional-Codes (Sub_Region, base geography)",
Sint Maarten (Dutch part),SXM,Latin America,Latin America & Caribbean ,Latin America and the Caribbean,"World Bank (country list, Official_Region) + UN M49 via ISO-3166-Countries-with-Regional-Codes (Sub_Region, base geography)",
St. Kitts and Nevis,KNA,Latin America,Latin America & Caribbean ,Latin America and the Caribbean,"World Bank (country list, Official_Region) + UN M49 via ISO-3166-Countries-with-Regional-Codes (Sub_Region, base geography)",
St. Lucia,LCA,Latin America,Latin America & Caribbean ,Latin America and the Caribbean,"World Bank (country list, Official_Region) + UN M49 via ISO-3166-Countries-with-Regional-Codes (Sub_Region, base geography)",
St. Martin (French part),MAF,Latin America,Latin America & Caribbean ,Latin America and the Caribbean,"World Bank (country list, Official_Region) + UN M49 via ISO-3166-Countries-with-Regional-Codes (Sub_Region, base geography)",
St. Vincent and the Grenadines,VCT,Latin America,Latin America & Caribbean ,Latin America and the Caribbean,"World Bank (country list, Official_Region) + UN M49 via ISO-3166-Countries-with-Regional-Codes (Sub_Region, base geography)",
Suriname,SUR,Latin America,Latin America & Caribbean ,Latin America and the Caribbean,"World Bank (country list, Official_Region) + UN M49 via ISO-3166-Countries-with-Regional-Codes (Sub_Region, base geography)",
Trinidad and Tobago,TTO,Latin America,Latin America & Caribbean ,Latin America and the Caribbean,"World Bank (country list, Official_Region) + UN M49 via ISO-3166-Countries-with-Regional-Codes (Sub_Region, base geography)",
Turks and Caicos Islands,TCA,Latin America,Latin America & Caribbean ,Latin America and the Caribbean,"World Bank (country list, Official_Region) + UN M49 via ISO-3166-Countries-with-Regional-Codes (Sub_Region, base geography)",
Uruguay,URY,Latin America,Latin America & Caribbean ,Latin America and the Caribbean,"World Bank (country list, Official_Region) + UN M49 via ISO-3166-Countries-with-Regional-Codes (Sub_Region, base geography)",
"Venezuela, RB",VEN,Latin America,Latin America & Caribbean ,Latin America and the Caribbean,"World Bank (country list, Official_Region) + UN M49 via ISO-3166-Countries-with-Regional-Codes (Sub_Region, base geography)",
Virgin Islands (U.S.),VIR,Latin America,Latin America & Caribbean ,Latin America and the Caribbean,"World Bank (country list, Official_Region) + UN M49 via ISO-3166-Countries-with-Regional-Codes (Sub_Region, base geography)",
Armenia,ARM,Middle East,Europe & Central Asia,Western Asia,"World Bank (country list, Official_Region) + UN M49 via ISO-3166-Countries-with-Regional-Codes (Sub_Region, base geography)",
Azerbaijan,AZE,Middle East,Europe & Central Asia,Western Asia,"World Bank (country list, Official_Region) + UN M49 via ISO-3166-Countries-with-Regional-Codes (Sub_Region, base geography)",
Bahrain,BHR,Middle East,"Middle East, North Africa, Afghanistan & Pakistan",Western Asia,"World Bank (country list, Official_Region) + UN M49 via ISO-3166-Countries-with-Regional-Codes (Sub_Region, base geography)",
Cyprus,CYP,Middle East,Europe & Central Asia,Western Asia,"World Bank (country list, Official_Region) + UN M49 via ISO-3166-Countries-with-Regional-Codes (Sub_Region, base geography)",
Georgia,GEO,Middle East,Europe & Central Asia,Western Asia,"World Bank (country list, Official_Region) + UN M49 via ISO-3166-Countries-with-Regional-Codes (Sub_Region, base geography)",
"Iran, Islamic Rep.",IRN,Middle East,"Middle East, North Africa, Afghanistan & Pakistan",Southern Asia,"World Bank (country list, Official_Region) + UN M49 via ISO-3166-Countries-with-Regional-Codes (Sub_Region, base geography)",UN M49 classifies Iran as Southern Asia; overridden to Middle East to match standard market-research/IMF regional convention.
Iraq,IRQ,Middle East,"Middle East, North Africa, Afghanistan & Pakistan",Western Asia,"World Bank (country list, Official_Region) + UN M49 via ISO-3166-Countries-with-Regional-Codes (Sub_Region, base geography)",
Israel,ISR,Middle East,"Middle East, North Africa, Afghanistan & Pakistan",Western Asia,"World Bank (country list, Official_Region) + UN M49 via ISO-3166-Countries-with-Regional-Codes (Sub_Region, base geography)",
Jordan,JOR,Middle East,"Middle East, North Africa, Afghanistan & Pakistan",Western Asia,"World Bank (country list, Official_Region) + UN M49 via ISO-3166-Countries-with-Regional-Codes (Sub_Region, base geography)",
Kuwait,KWT,Middle East,"Middle East, North Africa, Afghanistan & Pakistan",Western Asia,"World Bank (country list, Official_Region) + UN M49 via ISO-3166-Countries-with-Regional-Codes (Sub_Region, base geography)",
Lebanon,LBN,Middle East,"Middle East, North Africa, Afghanistan & Pakistan",Western Asia,"World Bank (country list, Official_Region) + UN M49 via ISO-3166-Countries-with-Regional-Codes (Sub_Region, base geography)",
Oman,OMN,Middle East,"Middle East, North Africa, Afghanistan & Pakistan",Western Asia,"World Bank (country list, Official_Region) + UN M49 via ISO-3166-Countries-with-Regional-Codes (Sub_Region, base geography)",
Qatar,QAT,Middle East,"Middle East, North Africa, Afghanistan & Pakistan",Western Asia,"World Bank (country list, Official_Region) + UN M49 via ISO-3166-Countries-with-Regional-Codes (Sub_Region, base geography)",
Saudi Arabia,SAU,Middle East,"Middle East, North Africa, Afghanistan & Pakistan",Western Asia,"World Bank (country list, Official_Region) + UN M49 via ISO-3166-Countries-with-Regional-Codes (Sub_Region, base geography)",
Syrian Arab Republic,SYR,Middle East,"Middle East, North Africa, Afghanistan & Pakistan",Western Asia,"World Bank (country list, Official_Region) + UN M49 via ISO-3166-Countries-with-Regional-Codes (Sub_Region, base geography)",
Turkiye,TUR,Middle East,Europe & Central Asia,Western Asia,"World Bank (country list, Official_Region) + UN M49 via ISO-3166-Countries-with-Regional-Codes (Sub_Region, base geography)",
United Arab Emirates,ARE,Middle East,"Middle East, North Africa, Afghanistan & Pakistan",Western Asia,"World Bank (country list, Official_Region) + UN M49 via ISO-3166-Countries-with-Regional-Codes (Sub_Region, base geography)",
West Bank and Gaza,PSE,Middle East,"Middle East, North Africa, Afghanistan & Pakistan",Western Asia,"World Bank (country list, Official_Region) + UN M49 via ISO-3166-Countries-with-Regional-Codes (Sub_Region, base geography)",
"Yemen, Rep.",YEM,Middle East,"Middle East, North Africa, Afghanistan & Pakistan",Western Asia,"World Bank (country list, Official_Region) + UN M49 via ISO-3166-Countries-with-Regional-Codes (Sub_Region, base geography)",
Bermuda,BMU,North America,North America,Northern America,"World Bank (country list, Official_Region) + UN M49 via ISO-3166-Countries-with-Regional-Codes (Sub_Region, base geography)",
Canada,CAN,North America,North America,Northern America,"World Bank (country list, Official_Region) + UN M49 via ISO-3166-Countries-with-Regional-Codes (Sub_Region, base geography)",
Greenland,GRL,North America,Europe & Central Asia,Northern America,"World Bank (country list, Official_Region) + UN M49 via ISO-3166-Countries-with-Regional-Codes (Sub_Region, base geography)",
United States,USA,North America,North America,Northern America,"World Bank (country list, Official_Region) + UN M49 via ISO-3166-Countries-with-Regional-Codes (Sub_Region, base geography)",
American Samoa,ASM,Oceania,East Asia & Pacific,Polynesia,"World Bank (country list, Official_Region) + UN M49 via ISO-3166-Countries-with-Regional-Codes (Sub_Region, base geography)",
Australia,AUS,Oceania,East Asia & Pacific,Australia and New Zealand,"World Bank (country list, Official_Region) + UN M49 via ISO-3166-Countries-with-Regional-Codes (Sub_Region, base geography)",
Fiji,FJI,Oceania,East Asia & Pacific,Melanesia,"World Bank (country list, Official_Region) + UN M49 via ISO-3166-Countries-with-Regional-Codes (Sub_Region, base geography)",
French Polynesia,PYF,Oceania,East Asia & Pacific,Polynesia,"World Bank (country list, Official_Region) + UN M49 via ISO-3166-Countries-with-Regional-Codes (Sub_Region, base geography)",
Guam,GUM,Oceania,East Asia & Pacific,Micronesia,"World Bank (country list, Official_Region) + UN M49 via ISO-3166-Countries-with-Regional-Codes (Sub_Region, base geography)",
Kiribati,KIR,Oceania,East Asia & Pacific,Micronesia,"World Bank (country list, Official_Region) + UN M49 via ISO-3166-Countries-with-Regional-Codes (Sub_Region, base geography)",
Marshall Islands,MHL,Oceania,East Asia & Pacific,Micronesia,"World Bank (country list, Official_Region) + UN M49 via ISO-3166-Countries-with-Regional-Codes (Sub_Region, base geography)",
"Micronesia, Fed. Sts.",FSM,Oceania,East Asia & Pacific,Micronesia,"World Bank (country list, Official_Region) + UN M49 via ISO-3166-Countries-with-Regional-Codes (Sub_Region, base geography)",
Naoero,NRU,Oceania,East Asia & Pacific,Micronesia,"World Bank (country list, Official_Region) + UN M49 via ISO-3166-Countries-with-Regional-Codes (Sub_Region, base geography)",
New Caledonia,NCL,Oceania,East Asia & Pacific,Melanesia,"World Bank (country list, Official_Region) + UN M49 via ISO-3166-Countries-with-Regional-Codes (Sub_Region, base geography)",
New Zealand,NZL,Oceania,East Asia & Pacific,Australia and New Zealand,"World Bank (country list, Official_Region) + UN M49 via ISO-3166-Countries-with-Regional-Codes (Sub_Region, base geography)",
Northern Mariana Islands,MNP,Oceania,East Asia & Pacific,Micronesia,"World Bank (country list, Official_Region) + UN M49 via ISO-3166-Countries-with-Regional-Codes (Sub_Region, base geography)",
Palau,PLW,Oceania,East Asia & Pacific,Micronesia,"World Bank (country list, Official_Region) + UN M49 via ISO-3166-Countries-with-Regional-Codes (Sub_Region, base geography)",
Papua New Guinea,PNG,Oceania,East Asia & Pacific,Melanesia,"World Bank (country list, Official_Region) + UN M49 via ISO-3166-Countries-with-Regional-Codes (Sub_Region, base geography)",
Samoa,WSM,Oceania,East Asia & Pacific,Polynesia,"World Bank (country list, Official_Region) + UN M49 via ISO-3166-Countries-with-Regional-Codes (Sub_Region, base geography)",
Solomon Islands,SLB,Oceania,East Asia & Pacific,Melanesia,"World Bank (country list, Official_Region) + UN M49 via ISO-3166-Countries-with-Regional-Codes (Sub_Region, base geography)",
Tonga,TON,Oceania,East Asia & Pacific,Polynesia,"World Bank (country list, Official_Region) + UN M49 via ISO-3166-Countries-with-Regional-Codes (Sub_Region, base geography)",
Tuvalu,TUV,Oceania,East Asia & Pacific,Polynesia,"World Bank (country list, Official_Region) + UN M49 via ISO-3166-Countries-with-Regional-Codes (Sub_Region, base geography)",
Vanuatu,VUT,Oceania,East Asia & Pacific,Melanesia,"World Bank (country list, Official_Region) + UN M49 via ISO-3166-Countries-with-Regional-Codes (Sub_Region, base geography)",
Afghanistan,AFG,South & Southeast Asia,"Middle East, North Africa, Afghanistan & Pakistan",Southern Asia,"World Bank (country list, Official_Region) + UN M49 via ISO-3166-Countries-with-Regional-Codes (Sub_Region, base geography)",UN M49 Southern Asia; kept in South & Southeast Asia bucket (not Middle East) consistent with South Asian regional economic groupings (e.g. SAARC).
Bangladesh,BGD,South & Southeast Asia,South Asia,Southern Asia,"World Bank (country list, Official_Region) + UN M49 via ISO-3166-Countries-with-Regional-Codes (Sub_Region, base geography)",
Bhutan,BTN,South & Southeast Asia,South Asia,Southern Asia,"World Bank (country list, Official_Region) + UN M49 via ISO-3166-Countries-with-Regional-Codes (Sub_Region, base geography)",
Brunei Darussalam,BRN,South & Southeast Asia,East Asia & Pacific,South-eastern Asia,"World Bank (country list, Official_Region) + UN M49 via ISO-3166-Countries-with-Regional-Codes (Sub_Region, base geography)",
Cambodia,KHM,South & Southeast Asia,East Asia & Pacific,South-eastern Asia,"World Bank (country list, Official_Region) + UN M49 via ISO-3166-Countries-with-Regional-Codes (Sub_Region, base geography)",
India,IND,South & Southeast Asia,South Asia,Southern Asia,"World Bank (country list, Official_Region) + UN M49 via ISO-3166-Countries-with-Regional-Codes (Sub_Region, base geography)",
Indonesia,IDN,South & Southeast Asia,East Asia & Pacific,South-eastern Asia,"World Bank (country list, Official_Region) + UN M49 via ISO-3166-Countries-with-Regional-Codes (Sub_Region, base geography)",
Lao PDR,LAO,South & Southeast Asia,East Asia & Pacific,South-eastern Asia,"World Bank (country list, Official_Region) + UN M49 via ISO-3166-Countries-with-Regional-Codes (Sub_Region, base geography)",
Malaysia,MYS,South & Southeast Asia,East Asia & Pacific,South-eastern Asia,"World Bank (country list, Official_Region) + UN M49 via ISO-3166-Countries-with-Regional-Codes (Sub_Region, base geography)",
Maldives,MDV,South & Southeast Asia,South Asia,Southern Asia,"World Bank (country list, Official_Region) + UN M49 via ISO-3166-Countries-with-Regional-Codes (Sub_Region, base geography)",
Myanmar,MMR,South & Southeast Asia,East Asia & Pacific,South-eastern Asia,"World Bank (country list, Official_Region) + UN M49 via ISO-3166-Countries-with-Regional-Codes (Sub_Region, base geography)",
Nepal,NPL,South & Southeast Asia,South Asia,Southern Asia,"World Bank (country list, Official_Region) + UN M49 via ISO-3166-Countries-with-Regional-Codes (Sub_Region, base geography)",
Pakistan,PAK,South & Southeast Asia,"Middle East, North Africa, Afghanistan & Pakistan",Southern Asia,"World Bank (country list, Official_Region) + UN M49 via ISO-3166-Countries-with-Regional-Codes (Sub_Region, base geography)",
Philippines,PHL,South & Southeast Asia,East Asia & Pacific,South-eastern Asia,"World Bank (country list, Official_Region) + UN M49 via ISO-3166-Countries-with-Regional-Codes (Sub_Region, base geography)",
Singapore,SGP,South & Southeast Asia,East Asia & Pacific,South-eastern Asia,"World Bank (country list, Official_Region) + UN M49 via ISO-3166-Countries-with-Regional-Codes (Sub_Region, base geography)",
Sri Lanka,LKA,South & Southeast Asia,South Asia,Southern Asia,"World Bank (country list, Official_Region) + UN M49 via ISO-3166-Countries-with-Regional-Codes (Sub_Region, base geography)",
Thailand,THA,South & Southeast Asia,East Asia & Pacific,South-eastern Asia,"World Bank (country list, Official_Region) + UN M49 via ISO-3166-Countries-with-Regional-Codes (Sub_Region, base geography)",
Timor-Leste,TLS,South & Southeast Asia,East Asia & Pacific,South-eastern Asia,"World Bank (country list, Official_Region) + UN M49 via ISO-3166-Countries-with-Regional-Codes (Sub_Region, base geography)",
Viet Nam,VNM,South & Southeast Asia,East Asia & Pacific,South-eastern Asia,"World Bank (country list, Official_Region) + UN M49 via ISO-3166-Countries-with-Regional-Codes (Sub_Region, base geography)",
