country_name,iso3,year,container_port_traffic_teu
Africa Eastern and Southern,AFE,2025,
Africa Eastern and Southern,AFE,2024,
Africa Eastern and Southern,AFE,2023,
Africa Eastern and Southern,AFE,2022,
Africa Eastern and Southern,AFE,2021,
Africa Eastern and Southern,AFE,2020,
Africa Eastern and Southern,AFE,2019,
Africa Eastern and Southern,AFE,2018,
Africa Eastern and Southern,AFE,2017,
Africa Eastern and Southern,AFE,2016,
Africa Eastern and Southern,AFE,2015,
Africa Eastern and Southern,AFE,2014,
Africa Eastern and Southern,AFE,2013,
Africa Western and Central,AFW,2025,
Africa Western and Central,AFW,2024,
Africa Western and Central,AFW,2023,8917517.0
Africa Western and Central,AFW,2022,8186999.0
Africa Western and Central,AFW,2021,8567214.0
Africa Western and Central,AFW,2020,8100808.0
Africa Western and Central,AFW,2019,8562750.13
Africa Western and Central,AFW,2018,7919906.59
Africa Western and Central,AFW,2017,7328156.16
Africa Western and Central,AFW,2016,6464269.34
Africa Western and Central,AFW,2015,6722792.36
Africa Western and Central,AFW,2014,6567432.71
Africa Western and Central,AFW,2013,6257040.55
Arab World,ARB,2025,
Arab World,ARB,2024,63523118.0
Arab World,ARB,2023,
Arab World,ARB,2022,59050012.0
Arab World,ARB,2021,55703156.0
Arab World,ARB,2020,56449299.0
Arab World,ARB,2019,56681948.755
Arab World,ARB,2018,53256790.65
Arab World,ARB,2017,52487666.3
Arab World,ARB,2016,51001164.79
Arab World,ARB,2015,50742570.79
Arab World,ARB,2014,49757928.71
Arab World,ARB,2013,47103819.89
Caribbean small states,CSS,2025,
Caribbean small states,CSS,2024,
Caribbean small states,CSS,2023,2327876.0
Caribbean small states,CSS,2022,2560779.0
Caribbean small states,CSS,2021,2581532.0
Caribbean small states,CSS,2020,2254742.375
Caribbean small states,CSS,2019,2409594.25
Caribbean small states,CSS,2018,2063791.5
Caribbean small states,CSS,2017,1764394.0
Caribbean small states,CSS,2016,2102717.0
Caribbean small states,CSS,2015,2397450.0
Caribbean small states,CSS,2014,2447464.0
Caribbean small states,CSS,2013,2411647.0
Central Europe and the Baltics,CEB,2025,
Central Europe and the Baltics,CEB,2024,8044284.0
Central Europe and the Baltics,CEB,2023,7470068.0
Central Europe and the Baltics,CEB,2022,7458394.0
Central Europe and the Baltics,CEB,2021,6769300.0
Central Europe and the Baltics,CEB,2020,6445797.0
Central Europe and the Baltics,CEB,2019,6676099.0
Central Europe and the Baltics,CEB,2018,6497688.0
Central Europe and the Baltics,CEB,2017,5661145.0
Central Europe and the Baltics,CEB,2016,5076244.0
Central Europe and the Baltics,CEB,2015,4732259.0
Central Europe and the Baltics,CEB,2014,4965671.0
Central Europe and the Baltics,CEB,2013,4639965.0
Early-demographic dividend,EAR,2025,
Early-demographic dividend,EAR,2024,135788454.0
Early-demographic dividend,EAR,2023,127271389.0
Early-demographic dividend,EAR,2022,123298415.0
Early-demographic dividend,EAR,2021,120691035.0
Early-demographic dividend,EAR,2020,113573009.25
Early-demographic dividend,EAR,2019,116353409.16
Early-demographic dividend,EAR,2018,116163856.01
Early-demographic dividend,EAR,2017,108839494.63
Early-demographic dividend,EAR,2016,99968509.703
Early-demographic dividend,EAR,2015,96478254.333
Early-demographic dividend,EAR,2014,94481339.628
Early-demographic dividend,EAR,2013,91971548.918
East Asia & Pacific,EAS,2025,
East Asia & Pacific,EAS,2024,527447343.0
East Asia & Pacific,EAS,2023,493553514.0
East Asia & Pacific,EAS,2022,483991467.0
East Asia & Pacific,EAS,2021,474255609.0
East Asia & Pacific,EAS,2020,446808797.0
East Asia & Pacific,EAS,2019,449604952.96
East Asia & Pacific,EAS,2018,438609764.494
East Asia & Pacific,EAS,2017,418291954.142
East Asia & Pacific,EAS,2016,392804715.259
East Asia & Pacific,EAS,2015,381849327.243
East Asia & Pacific,EAS,2014,375417614.341
East Asia & Pacific,EAS,2013,356807781.973
East Asia & Pacific (excluding high income),EAP,2025,
East Asia & Pacific (excluding high income),EAP,2024,392011819.0
East Asia & Pacific (excluding high income),EAP,2023,362532718.0
East Asia & Pacific (excluding high income),EAP,2022,351482333.0
East Asia & Pacific (excluding high income),EAP,2021,338516581.0
East Asia & Pacific (excluding high income),EAP,2020,314886452.0
East Asia & Pacific (excluding high income),EAP,2019,313654908.08
East Asia & Pacific (excluding high income),EAP,2018,302049237.711
East Asia & Pacific (excluding high income),EAP,2017,286917882.91
East Asia & Pacific (excluding high income),EAP,2016,268455477.763
East Asia & Pacific (excluding high income),EAP,2015,258493471.943
East Asia & Pacific (excluding high income),EAP,2014,246961684.738
East Asia & Pacific (excluding high income),EAP,2013,232446228.498
East Asia & Pacific (IDA & IBRD countries),TEA,2025,
East Asia & Pacific (IDA & IBRD countries),TEA,2024,392011819.0
East Asia & Pacific (IDA & IBRD countries),TEA,2023,362532718.0
East Asia & Pacific (IDA & IBRD countries),TEA,2022,351482333.0
East Asia & Pacific (IDA & IBRD countries),TEA,2021,338516581.0
East Asia & Pacific (IDA & IBRD countries),TEA,2020,314886452.0
East Asia & Pacific (IDA & IBRD countries),TEA,2019,313676634.14
East Asia & Pacific (IDA & IBRD countries),TEA,2018,302076903.814
East Asia & Pacific (IDA & IBRD countries),TEA,2017,286943428.372
East Asia & Pacific (IDA & IBRD countries),TEA,2016,268485000.749
East Asia & Pacific (IDA & IBRD countries),TEA,2015,258526800.723
East Asia & Pacific (IDA & IBRD countries),TEA,2014,246994174.811
East Asia & Pacific (IDA & IBRD countries),TEA,2013,232475339.873
Euro area,EMU,2025,
Euro area,EMU,2024,94517241.0
Euro area,EMU,2023,89280869.0
Euro area,EMU,2022,93783645.0
Euro area,EMU,2021,96394219.0
Euro area,EMU,2020,90824769.0
Euro area,EMU,2019,93774272.0
Euro area,EMU,2018,92252084.0
Euro area,EMU,2017,88274181.0
Euro area,EMU,2016,83752902.0
Euro area,EMU,2015,81058798.0
Euro area,EMU,2014,81618629.0
Euro area,EMU,2013,78432588.0
Europe & Central Asia,ECS,2025,
Europe & Central Asia,ECS,2024,128218609.0
Europe & Central Asia,ECS,2023,121182892.0
Europe & Central Asia,ECS,2022,125268168.0
Europe & Central Asia,ECS,2021,130817664.0
Europe & Central Asia,ECS,2020,123618427.0
Europe & Central Asia,ECS,2019,127352149.316
Europe & Central Asia,ECS,2018,123295871.7492
Europe & Central Asia,ECS,2017,117198531.5142
Europe & Central Asia,ECS,2016,110285661.0132
Europe & Central Asia,ECS,2015,106329490.6132
Europe & Central Asia,ECS,2014,108979977.631
Europe & Central Asia,ECS,2013,104196751.813
Europe & Central Asia (excluding high income),ECA,2025,
Europe & Central Asia (excluding high income),ECA,2024,
Europe & Central Asia (excluding high income),ECA,2023,
Europe & Central Asia (excluding high income),ECA,2022,
Europe & Central Asia (excluding high income),ECA,2021,
Europe & Central Asia (excluding high income),ECA,2020,
Europe & Central Asia (excluding high income),ECA,2019,
Europe & Central Asia (excluding high income),ECA,2018,
Europe & Central Asia (excluding high income),ECA,2017,
Europe & Central Asia (excluding high income),ECA,2016,
Europe & Central Asia (excluding high income),ECA,2015,
Europe & Central Asia (excluding high income),ECA,2014,
Europe & Central Asia (excluding high income),ECA,2013,
Europe & Central Asia (IDA & IBRD countries),TEC,2025,
Europe & Central Asia (IDA & IBRD countries),TEC,2024,
Europe & Central Asia (IDA & IBRD countries),TEC,2023,
Europe & Central Asia (IDA & IBRD countries),TEC,2022,
Europe & Central Asia (IDA & IBRD countries),TEC,2021,23902992.0
Europe & Central Asia (IDA & IBRD countries),TEC,2020,22416249.0
Europe & Central Asia (IDA & IBRD countries),TEC,2019,22652523.0
Europe & Central Asia (IDA & IBRD countries),TEC,2018,20918836.0142
Europe & Central Asia (IDA & IBRD countries),TEC,2017,18789609.0142
Europe & Central Asia (IDA & IBRD countries),TEC,2016,16511367.0142
Europe & Central Asia (IDA & IBRD countries),TEC,2015,15673228.0142
Europe & Central Asia (IDA & IBRD countries),TEC,2014,17815833.614
Europe & Central Asia (IDA & IBRD countries),TEC,2013,17375583.614
European Union,EUU,2025,
European Union,EUU,2024,101354155.0
European Union,EUU,2023,95631045.0
European Union,EUU,2022,100328193.0
European Union,EUU,2021,102903861.0
European Union,EUU,2020,96930306.0
European Union,EUU,2019,99990193.0
European Union,EUU,2018,98188428.0
European Union,EUU,2017,93732821.0
European Union,EUU,2016,88721964.0
European Union,EUU,2015,85820040.0
European Union,EUU,2014,86647962.0
European Union,EUU,2013,83271268.0
Heavily indebted poor countries (HIPC),HPC,2025,
Heavily indebted poor countries (HIPC),HPC,2024,
Heavily indebted poor countries (HIPC),HPC,2023,
Heavily indebted poor countries (HIPC),HPC,2022,
Heavily indebted poor countries (HIPC),HPC,2021,
Heavily indebted poor countries (HIPC),HPC,2020,
Heavily indebted poor countries (HIPC),HPC,2019,
Heavily indebted poor countries (HIPC),HPC,2018,
Heavily indebted poor countries (HIPC),HPC,2017,
Heavily indebted poor countries (HIPC),HPC,2016,
Heavily indebted poor countries (HIPC),HPC,2015,
Heavily indebted poor countries (HIPC),HPC,2014,
Heavily indebted poor countries (HIPC),HPC,2013,
IBRD only,IBD,2025,
IBRD only,IBD,2024,531024714.0
IBRD only,IBD,2023,487005049.0
IBRD only,IBD,2022,469975508.0
IBRD only,IBD,2021,458278119.0
IBRD only,IBD,2020,425134116.625
IBRD only,IBD,2019,425651544.81
IBRD only,IBD,2018,411521455.9172
IBRD only,IBD,2017,389499997.8762
IBRD only,IBD,2016,361593717.3002
IBRD only,IBD,2015,350721017.8942
IBRD only,IBD,2014,341591075.787
IBRD only,IBD,2013,324012698.029
IDA & IBRD total,IBT,2025,
IDA & IBRD total,IBT,2024,561309690.0
IDA & IBRD total,IBT,2023,514875197.0
IDA & IBRD total,IBT,2022,498332945.0
IDA & IBRD total,IBT,2021,487715877.0
IDA & IBRD total,IBT,2020,453737978.625
IDA & IBRD total,IBT,2019,456680951.92
IDA & IBRD total,IBT,2018,441652849.5282
IDA & IBRD total,IBT,2017,417240791.9162
IDA & IBRD total,IBT,2016,386959636.7532
IDA & IBRD total,IBT,2015,375193769.6372
IDA & IBRD total,IBT,2014,364569149.495
IDA & IBRD total,IBT,2013,345143990.467
IDA blend,IDB,2025,
IDA blend,IDB,2024,
IDA blend,IDB,2023,9190825.0
IDA blend,IDB,2022,9318817.0
IDA blend,IDB,2021,9264213.0
IDA blend,IDB,2020,8904238.0
IDA blend,IDB,2019,9007836.4
IDA blend,IDB,2018,8979543.5
IDA blend,IDB,2017,8646882.9
IDA blend,IDB,2016,7839758.4
IDA blend,IDB,2015,7997308.0
IDA blend,IDB,2014,7941653.8
IDA blend,IDB,2013,7407521.9
IDA only,IDX,2025,
IDA only,IDX,2024,
IDA only,IDX,2023,
IDA only,IDX,2022,
IDA only,IDX,2021,
IDA only,IDX,2020,
IDA only,IDX,2019,
IDA only,IDX,2018,
IDA only,IDX,2017,
IDA only,IDX,2016,
IDA only,IDX,2015,
IDA only,IDX,2014,
IDA only,IDX,2013,
IDA total,IDA,2025,
IDA total,IDA,2024,
IDA total,IDA,2023,
IDA total,IDA,2022,
IDA total,IDA,2021,
IDA total,IDA,2020,
IDA total,IDA,2019,31029407.11
IDA total,IDA,2018,30131393.611
IDA total,IDA,2017,27740794.04
IDA total,IDA,2016,25365919.453
IDA total,IDA,2015,24472751.743
IDA total,IDA,2014,22978073.708
IDA total,IDA,2013,21131292.438
Late-demographic dividend,LTE,2025,
Late-demographic dividend,LTE,2024,460766564.0
Late-demographic dividend,LTE,2023,424378890.0
Late-demographic dividend,LTE,2022,411204006.0
Late-demographic dividend,LTE,2021,400524483.0
Late-demographic dividend,LTE,2020,372905989.0
Late-demographic dividend,LTE,2019,370408579.425
Late-demographic dividend,LTE,2018,355397953.4642
Late-demographic dividend,LTE,2017,338366276.1142
Late-demographic dividend,LTE,2016,318794804.0142
Late-demographic dividend,LTE,2015,309739375.1142
Late-demographic dividend,LTE,2014,299141043.214
Late-demographic dividend,LTE,2013,281549396.614
Latin America & Caribbean,LCN,2025,
Latin America & Caribbean,LCN,2024,63967895.0
Latin America & Caribbean,LCN,2023,58606519.0
Latin America & Caribbean,LCN,2022,58521490.0
Latin America & Caribbean,LCN,2021,59129924.0
Latin America & Caribbean,LCN,2020,52894527.625
Latin America & Caribbean,LCN,2019,54038532.72
Latin America & Caribbean,LCN,2018,53572052.86
Latin America & Caribbean,LCN,2017,49946626.42
Latin America & Caribbean,LCN,2016,46771094.78
Latin America & Caribbean,LCN,2015,47907364.88
Latin America & Caribbean,LCN,2014,47014004.4
Latin America & Caribbean,LCN,2013,46701397.4
Latin America & Caribbean (excluding high income),LAC,2025,
Latin America & Caribbean (excluding high income),LAC,2024,44012266.0
Latin America & Caribbean (excluding high income),LAC,2023,39525478.0
Latin America & Caribbean (excluding high income),LAC,2022,39193430.0
Latin America & Caribbean (excluding high income),LAC,2021,39676095.0
Latin America & Caribbean (excluding high income),LAC,2020,35003318.25
Latin America & Caribbean (excluding high income),LAC,2019,36159924.5
Latin America & Caribbean (excluding high income),LAC,2018,36164557.0
Latin America & Caribbean (excluding high income),LAC,2017,33025609.0
Latin America & Caribbean (excluding high income),LAC,2016,30686072.0
Latin America & Caribbean (excluding high income),LAC,2015,31231612.0
Latin America & Caribbean (excluding high income),LAC,2014,30399760.0
Latin America & Caribbean (excluding high income),LAC,2013,30514240.0
Latin America & the Caribbean (IDA & IBRD countries),TLA,2025,
Latin America & the Caribbean (IDA & IBRD countries),TLA,2024,60917597.0
Latin America & the Caribbean (IDA & IBRD countries),TLA,2023,55343919.0
Latin America & the Caribbean (IDA & IBRD countries),TLA,2022,54952380.0
Latin America & the Caribbean (IDA & IBRD countries),TLA,2021,55481910.0
Latin America & the Caribbean (IDA & IBRD countries),TLA,2020,49576777.625
Latin America & the Caribbean (IDA & IBRD countries),TLA,2019,50520828.75
Latin America & the Caribbean (IDA & IBRD countries),TLA,2018,50279223.5
Latin America & the Caribbean (IDA & IBRD countries),TLA,2017,47039362.0
Latin America & the Caribbean (IDA & IBRD countries),TLA,2016,43632645.0
Latin America & the Caribbean (IDA & IBRD countries),TLA,2015,44595392.0
Latin America & the Caribbean (IDA & IBRD countries),TLA,2014,43722586.0
Latin America & the Caribbean (IDA & IBRD countries),TLA,2013,43465242.0
Least developed countries: UN classification,LDC,2025,
Least developed countries: UN classification,LDC,2024,
Least developed countries: UN classification,LDC,2023,
Least developed countries: UN classification,LDC,2022,
Least developed countries: UN classification,LDC,2021,
Least developed countries: UN classification,LDC,2020,
Least developed countries: UN classification,LDC,2019,
Least developed countries: UN classification,LDC,2018,
Least developed countries: UN classification,LDC,2017,
Least developed countries: UN classification,LDC,2016,
Least developed countries: UN classification,LDC,2015,
Least developed countries: UN classification,LDC,2014,
Least developed countries: UN classification,LDC,2013,
Low & middle income,LMY,2025,
Low & middle income,LMY,2024,534127883.0
Low & middle income,LMY,2023,489807714.0
Low & middle income,LMY,2022,474026928.0
Low & middle income,LMY,2021,462204523.0
Low & middle income,LMY,2020,430052686.25
Low & middle income,LMY,2019,432853877.21
Low & middle income,LMY,2018,418631598.7252
Low & middle income,LMY,2017,395194965.7542
Low & middle income,LMY,2016,367182137.1672
Low & middle income,LMY,2015,355025638.7572
Low & middle income,LMY,2014,342854694.622
Low & middle income,LMY,2013,323964274.992
"Middle East, North Africa, Afghanistan & Pakistan",MEA,2025,
"Middle East, North Africa, Afghanistan & Pakistan",MEA,2024,75809537.0
"Middle East, North Africa, Afghanistan & Pakistan",MEA,2023,70748568.0
"Middle East, North Africa, Afghanistan & Pakistan",MEA,2022,68545391.0
"Middle East, North Africa, Afghanistan & Pakistan",MEA,2021,65139478.0
"Middle East, North Africa, Afghanistan & Pakistan",MEA,2020,64802117.0
"Middle East, North Africa, Afghanistan & Pakistan",MEA,2019,64908320.225
"Middle East, North Africa, Afghanistan & Pakistan",MEA,2018,64532486.85
"Middle East, North Africa, Afghanistan & Pakistan",MEA,2017,64221822.2
"Middle East, North Africa, Afghanistan & Pakistan",MEA,2016,61684143.7
"Middle East, North Africa, Afghanistan & Pakistan",MEA,2015,60564826.0
"Middle East, North Africa, Afghanistan & Pakistan",MEA,2014,59316307.3
"Middle East, North Africa, Afghanistan & Pakistan",MEA,2013,56280950.94
"Middle East, North Africa, Afghanistan & Pakistan (excluding high income)",MNA,2025,
"Middle East, North Africa, Afghanistan & Pakistan (excluding high income)",MNA,2024,32208832.0
"Middle East, North Africa, Afghanistan & Pakistan (excluding high income)",MNA,2023,
"Middle East, North Africa, Afghanistan & Pakistan (excluding high income)",MNA,2022,24551982.0
"Middle East, North Africa, Afghanistan & Pakistan (excluding high income)",MNA,2021,
"Middle East, North Africa, Afghanistan & Pakistan (excluding high income)",MNA,2020,23277269.0
"Middle East, North Africa, Afghanistan & Pakistan (excluding high income)",MNA,2019,23851400.6
"Middle East, North Africa, Afghanistan & Pakistan (excluding high income)",MNA,2018,23855289.1
"Middle East, North Africa, Afghanistan & Pakistan (excluding high income)",MNA,2017,24013232.7
"Middle East, North Africa, Afghanistan & Pakistan (excluding high income)",MNA,2016,21644970.7
"Middle East, North Africa, Afghanistan & Pakistan (excluding high income)",MNA,2015,20851923.0
"Middle East, North Africa, Afghanistan & Pakistan (excluding high income)",MNA,2014,21725476.3
"Middle East, North Africa, Afghanistan & Pakistan (excluding high income)",MNA,2013,19952334.94
"Middle East, North Africa, Afghanistan & Pakistan (IDA & IBRD)",TMN,2025,
"Middle East, North Africa, Afghanistan & Pakistan (IDA & IBRD)",TMN,2024,32208832.0
"Middle East, North Africa, Afghanistan & Pakistan (IDA & IBRD)",TMN,2023,
"Middle East, North Africa, Afghanistan & Pakistan (IDA & IBRD)",TMN,2022,24551982.0
"Middle East, North Africa, Afghanistan & Pakistan (IDA & IBRD)",TMN,2021,
"Middle East, North Africa, Afghanistan & Pakistan (IDA & IBRD)",TMN,2020,23277269.0
"Middle East, North Africa, Afghanistan & Pakistan (IDA & IBRD)",TMN,2019,23851400.6
"Middle East, North Africa, Afghanistan & Pakistan (IDA & IBRD)",TMN,2018,23855289.1
"Middle East, North Africa, Afghanistan & Pakistan (IDA & IBRD)",TMN,2017,24013232.7
"Middle East, North Africa, Afghanistan & Pakistan (IDA & IBRD)",TMN,2016,21644970.7
"Middle East, North Africa, Afghanistan & Pakistan (IDA & IBRD)",TMN,2015,20851923.0
"Middle East, North Africa, Afghanistan & Pakistan (IDA & IBRD)",TMN,2014,21725476.3
"Middle East, North Africa, Afghanistan & Pakistan (IDA & IBRD)",TMN,2013,19952334.94
Middle income,MIC,2025,
Middle income,MIC,2024,533747883.0
Middle income,MIC,2023,489318714.0
Middle income,MIC,2022,473237930.0
Middle income,MIC,2021,461024956.0
Middle income,MIC,2020,428572219.25
Middle income,MIC,2019,430597671.37
Middle income,MIC,2018,416377460.1852
Middle income,MIC,2017,393336628.7242
Middle income,MIC,2016,365591878.4572
Middle income,MIC,2015,353239154.5272
Middle income,MIC,2014,341007034.232
Middle income,MIC,2013,322271801.462
North America,NAC,2025,
North America,NAC,2024,66101528.0
North America,NAC,2023,60721504.0
North America,NAC,2022,68267335.0
North America,NAC,2021,68044278.0
North America,NAC,2020,59357037.0
North America,NAC,2019,61240655.0
North America,NAC,2018,59761861.324
North America,NAC,2017,56577838.324
North America,NAC,2016,52672486.324
North America,NAC,2015,52329947.324
North America,NAC,2014,50087043.324
North America,NAC,2013,48107682.461
OECD members,OED,2025,
OECD members,OED,2024,276685362.0
OECD members,OED,2023,260237616.0
OECD members,OED,2022,272540668.0
OECD members,OED,2021,276808687.0
OECD members,OED,2020,256566186.0
OECD members,OED,2019,264872470.0
OECD members,OED,2018,259908757.0
OECD members,OED,2017,247401531.0
OECD members,OED,2016,232620257.0
OECD members,OED,2015,226938624.0
OECD members,OED,2014,224216439.0
OECD members,OED,2013,215028610.0
Other small states,OSS,2025,
Other small states,OSS,2024,
Other small states,OSS,2023,
Other small states,OSS,2022,
Other small states,OSS,2021,
Other small states,OSS,2020,
Other small states,OSS,2019,5805329.0
Other small states,OSS,2018,6286203.06
Other small states,OSS,2017,6063476.8
Other small states,OSS,2016,5996428.58
Other small states,OSS,2015,5788474.67
Other small states,OSS,2014,5652568.38
Other small states,OSS,2013,5341699.51
Pacific island small states,PSS,2025,
Pacific island small states,PSS,2024,
Pacific island small states,PSS,2023,
Pacific island small states,PSS,2022,
Pacific island small states,PSS,2021,
Pacific island small states,PSS,2020,
Pacific island small states,PSS,2019,605131.14
Pacific island small states,PSS,2018,891804.814
Pacific island small states,PSS,2017,885807.372
Pacific island small states,PSS,2016,817138.749
Pacific island small states,PSS,2015,787938.723
Pacific island small states,PSS,2014,877275.811
Pacific island small states,PSS,2013,853454.873
Post-demographic dividend,PST,2025,
Post-demographic dividend,PST,2024,292860991.0
Post-demographic dividend,PST,2023,278058393.0
Post-demographic dividend,PST,2022,291175131.0
Post-demographic dividend,PST,2021,297555849.0
Post-demographic dividend,PST,2020,279853843.0
Post-demographic dividend,PST,2019,288293611.0
Post-demographic dividend,PST,2018,285463593.0
Post-demographic dividend,PST,2017,273378267.0
Post-demographic dividend,PST,2016,257873035.0
Post-demographic dividend,PST,2015,253640811.0
Post-demographic dividend,PST,2014,256329499.0
Post-demographic dividend,PST,2013,247054097.0
Pre-demographic dividend,PRE,2025,
Pre-demographic dividend,PRE,2024,
Pre-demographic dividend,PRE,2023,
Pre-demographic dividend,PRE,2022,
Pre-demographic dividend,PRE,2021,
Pre-demographic dividend,PRE,2020,
Pre-demographic dividend,PRE,2019,12317569.57
Pre-demographic dividend,PRE,2018,11324554.64
Pre-demographic dividend,PRE,2017,10464432.93
Pre-demographic dividend,PRE,2016,8731319.1
Pre-demographic dividend,PRE,2015,9538612.12
Pre-demographic dividend,PRE,2014,9554312.53
Pre-demographic dividend,PRE,2013,8769054.5
Small states,SST,2025,
Small states,SST,2024,
Small states,SST,2023,
Small states,SST,2022,
Small states,SST,2021,
Small states,SST,2020,
Small states,SST,2019,8820054.39
Small states,SST,2018,9241799.374
Small states,SST,2017,8713678.172
Small states,SST,2016,8916284.329
Small states,SST,2015,8973863.393
Small states,SST,2014,8977308.191
Small states,SST,2013,8606801.383
South Asia,SAS,2025,
South Asia,SAS,2024,35034508.0
South Asia,SAS,2023,32373732.0
South Asia,SAS,2022,29777404.0
South Asia,SAS,2021,30083501.0
South Asia,SAS,2020,27344771.0
South Asia,SAS,2019,27971268.2
South Asia,SAS,2018,27025800.5
South Asia,SAS,2017,24316833.0
South Asia,SAS,2016,21927807.0
South Asia,SAS,2015,19653732.0
South Asia,SAS,2014,18425859.0
South Asia,SAS,2013,16542111.0
South Asia (IDA & IBRD),TSA,2025,
South Asia (IDA & IBRD),TSA,2024,35034508.0
South Asia (IDA & IBRD),TSA,2023,32373732.0
South Asia (IDA & IBRD),TSA,2022,29777404.0
South Asia (IDA & IBRD),TSA,2021,30083501.0
South Asia (IDA & IBRD),TSA,2020,27344771.0
South Asia (IDA & IBRD),TSA,2019,27971268.2
South Asia (IDA & IBRD),TSA,2018,27025800.5
South Asia (IDA & IBRD),TSA,2017,24316833.0
South Asia (IDA & IBRD),TSA,2016,21927807.0
South Asia (IDA & IBRD),TSA,2015,19653732.0
South Asia (IDA & IBRD),TSA,2014,18425859.0
South Asia (IDA & IBRD),TSA,2013,16542111.0
Sub-Saharan Africa,SSF,2025,
Sub-Saharan Africa,SSF,2024,
Sub-Saharan Africa,SSF,2023,
Sub-Saharan Africa,SSF,2022,
Sub-Saharan Africa,SSF,2021,
Sub-Saharan Africa,SSF,2020,
Sub-Saharan Africa,SSF,2019,18008297.23
Sub-Saharan Africa,SSF,2018,17496796.6
Sub-Saharan Africa,SSF,2017,16138326.83
Sub-Saharan Africa,SSF,2016,14757846.29
Sub-Saharan Africa,SSF,2015,15892693.9
Sub-Saharan Africa,SSF,2014,15885219.77
Sub-Saharan Africa,SSF,2013,15333379.04
Sub-Saharan Africa (excluding high income),SSA,2025,
Sub-Saharan Africa (excluding high income),SSA,2024,
Sub-Saharan Africa (excluding high income),SSA,2023,
Sub-Saharan Africa (excluding high income),SSA,2022,
Sub-Saharan Africa (excluding high income),SSA,2021,
Sub-Saharan Africa (excluding high income),SSA,2020,
Sub-Saharan Africa (excluding high income),SSA,2019,17853873.83
Sub-Saharan Africa (excluding high income),SSA,2018,17390758.4
Sub-Saharan Africa (excluding high income),SSA,2017,16033754.13
Sub-Saharan Africa (excluding high income),SSA,2016,14625631.69
Sub-Saharan Africa (excluding high income),SSA,2015,15764890.8
Sub-Saharan Africa (excluding high income),SSA,2014,15734522.97
Sub-Saharan Africa (excluding high income),SSA,2013,15198040.94
Sub-Saharan Africa (IDA & IBRD countries),TSS,2025,
Sub-Saharan Africa (IDA & IBRD countries),TSS,2024,
Sub-Saharan Africa (IDA & IBRD countries),TSS,2023,
Sub-Saharan Africa (IDA & IBRD countries),TSS,2022,
Sub-Saharan Africa (IDA & IBRD countries),TSS,2021,
Sub-Saharan Africa (IDA & IBRD countries),TSS,2020,
Sub-Saharan Africa (IDA & IBRD countries),TSS,2019,18008297.23
Sub-Saharan Africa (IDA & IBRD countries),TSS,2018,17496796.6
Sub-Saharan Africa (IDA & IBRD countries),TSS,2017,16138326.83
Sub-Saharan Africa (IDA & IBRD countries),TSS,2016,14757846.29
Sub-Saharan Africa (IDA & IBRD countries),TSS,2015,15892693.9
Sub-Saharan Africa (IDA & IBRD countries),TSS,2014,15885219.77
Sub-Saharan Africa (IDA & IBRD countries),TSS,2013,15333379.04
World,WLD,2025,
World,WLD,2024,913279048.0
World,WLD,2023,853611611.0
World,WLD,2022,850416540.0
World,WLD,2021,844570038.0
World,WLD,2020,791062136.625
World,WLD,2019,803124175.651
World,WLD,2018,784294634.3772
World,WLD,2017,746691932.4302
World,WLD,2016,700903754.3662
World,WLD,2015,684527381.9602
World,WLD,2014,675126025.766
World,WLD,2013,643970054.627
Afghanistan,AFG,2025,
Afghanistan,AFG,2024,
Afghanistan,AFG,2023,
Afghanistan,AFG,2022,
Afghanistan,AFG,2021,
Afghanistan,AFG,2020,
Afghanistan,AFG,2019,
Afghanistan,AFG,2018,
Afghanistan,AFG,2017,
Afghanistan,AFG,2016,
Afghanistan,AFG,2015,
Afghanistan,AFG,2014,
Afghanistan,AFG,2013,
Albania,ALB,2025,
Albania,ALB,2024,
Albania,ALB,2023,184017.0
Albania,ALB,2022,132965.0
Albania,ALB,2021,144129.0
Albania,ALB,2020,138477.0
Albania,ALB,2019,145762.0
Albania,ALB,2018,134526.0
Albania,ALB,2017,118270.0
Albania,ALB,2016,118829.0
Albania,ALB,2015,104000.0
Albania,ALB,2014,99350.0
Albania,ALB,2013,108670.0
Algeria,DZA,2025,
Algeria,DZA,2024,1827788.0
Algeria,DZA,2023,1545930.0
Algeria,DZA,2022,1530969.0
Algeria,DZA,2021,
Algeria,DZA,2020,1541273.0
Algeria,DZA,2019,1793990.0
Algeria,DZA,2018,1844422.0
Algeria,DZA,2017,1725198.0
Algeria,DZA,2016,1831056.0
Algeria,DZA,2015,1694426.0
Algeria,DZA,2014,1660660.0
Algeria,DZA,2013,1508774.0
American Samoa,ASM,2025,
American Samoa,ASM,2024,
American Samoa,ASM,2023,
American Samoa,ASM,2022,
American Samoa,ASM,2021,
American Samoa,ASM,2020,
American Samoa,ASM,2019,76200.0
American Samoa,ASM,2018,90245.0
American Samoa,ASM,2017,92270.0
American Samoa,ASM,2016,65970.0
American Samoa,ASM,2015,70288.0
American Samoa,ASM,2014,57025.0
American Samoa,ASM,2013,56600.0
Andorra,AND,2025,
Andorra,AND,2024,
Andorra,AND,2023,
Andorra,AND,2022,
Andorra,AND,2021,
Andorra,AND,2020,
Andorra,AND,2019,
Andorra,AND,2018,
Andorra,AND,2017,
Andorra,AND,2016,
Andorra,AND,2015,
Andorra,AND,2014,
Andorra,AND,2013,
Angola,AGO,2025,
Angola,AGO,2024,709221.0
Angola,AGO,2023,662054.0
Angola,AGO,2022,678333.0
Angola,AGO,2021,628348.0
Angola,AGO,2020,590128.0
Angola,AGO,2019,700123.0
Angola,AGO,2018,618238.0
Angola,AGO,2017,735431.0
Angola,AGO,2016,572298.0
Angola,AGO,2015,814965.0
Angola,AGO,2014,1141081.0
Angola,AGO,2013,1006332.0
Antigua and Barbuda,ATG,2025,
Antigua and Barbuda,ATG,2024,28000.0
Antigua and Barbuda,ATG,2023,29000.0
Antigua and Barbuda,ATG,2022,28000.0
Antigua and Barbuda,ATG,2021,29000.0
Antigua and Barbuda,ATG,2020,28000.0
Antigua and Barbuda,ATG,2019,27657.0
Antigua and Barbuda,ATG,2018,28826.0
Antigua and Barbuda,ATG,2017,17311.0
Antigua and Barbuda,ATG,2016,16193.0
Antigua and Barbuda,ATG,2015,14949.0
Antigua and Barbuda,ATG,2014,14443.0
Antigua and Barbuda,ATG,2013,24842.0
Argentina,ARG,2025,
Argentina,ARG,2024,1471434.0
Argentina,ARG,2023,1490437.0
Argentina,ARG,2022,1667161.0
Argentina,ARG,2021,1798923.0
Argentina,ARG,2020,1705390.0
Argentina,ARG,2019,1833964.0
Argentina,ARG,2018,2184625.0
Argentina,ARG,2017,1809153.0
Argentina,ARG,2016,1713267.0
Argentina,ARG,2015,1734397.0
Argentina,ARG,2014,1738744.0
Argentina,ARG,2013,2176939.0
Armenia,ARM,2025,
Armenia,ARM,2024,
Armenia,ARM,2023,
Armenia,ARM,2022,
Armenia,ARM,2021,
Armenia,ARM,2020,
Armenia,ARM,2019,
Armenia,ARM,2018,
Armenia,ARM,2017,
Armenia,ARM,2016,
Armenia,ARM,2015,
Armenia,ARM,2014,
Armenia,ARM,2013,
Aruba,ABW,2025,
Aruba,ABW,2024,64800.0
Aruba,ABW,2023,64753.0
Aruba,ABW,2022,64771.0
Aruba,ABW,2021,57062.0
Aruba,ABW,2020,53171.0
Aruba,ABW,2019,63870.0
Aruba,ABW,2018,58500.0
Aruba,ABW,2017,31689.0
Aruba,ABW,2016,31323.0
Aruba,ABW,2015,35342.0
Aruba,ABW,2014,29628.0
Aruba,ABW,2013,30988.0
Australia,AUS,2025,
Australia,AUS,2024,9579396.0
Australia,AUS,2023,9283435.0
Australia,AUS,2022,9377619.0
Australia,AUS,2021,9254828.0
Australia,AUS,2020,8470466.0
Australia,AUS,2019,8778913.0
Australia,AUS,2018,8667914.0
Australia,AUS,2017,7991508.0
Australia,AUS,2016,7830344.0
Australia,AUS,2015,7731627.0
Australia,AUS,2014,7442016.0
Australia,AUS,2013,7304610.0
Austria,AUT,2025,
Austria,AUT,2024,
Austria,AUT,2023,
Austria,AUT,2022,
Austria,AUT,2021,
Austria,AUT,2020,
Austria,AUT,2019,
Austria,AUT,2018,
Austria,AUT,2017,285900.0
Austria,AUT,2016,285900.0
Austria,AUT,2015,285900.0
Austria,AUT,2014,285900.0
Austria,AUT,2013,285900.0
Azerbaijan,AZE,2025,
Azerbaijan,AZE,2024,
Azerbaijan,AZE,2023,
Azerbaijan,AZE,2022,
Azerbaijan,AZE,2021,
Azerbaijan,AZE,2020,
Azerbaijan,AZE,2019,
Azerbaijan,AZE,2018,
Azerbaijan,AZE,2017,
Azerbaijan,AZE,2016,
Azerbaijan,AZE,2015,
Azerbaijan,AZE,2014,
Azerbaijan,AZE,2013,
"Bahamas, The",BHS,2025,
"Bahamas, The",BHS,2024,1540740.0
"Bahamas, The",BHS,2023,1469256.0
"Bahamas, The",BHS,2022,1702995.0
"Bahamas, The",BHS,2021,1761742.0
"Bahamas, The",BHS,2020,1429694.0
"Bahamas, The",BHS,2019,1528297.0
"Bahamas, The",BHS,2018,1182836.0
"Bahamas, The",BHS,2017,920652.0
"Bahamas, The",BHS,2016,1261778.0
"Bahamas, The",BHS,2015,1468380.0
"Bahamas, The",BHS,2014,1465283.0
"Bahamas, The",BHS,2013,1430000.0
Bahrain,BHR,2025,
Bahrain,BHR,2024,409382.0
Bahrain,BHR,2023,404097.0
Bahrain,BHR,2022,383435.0
Bahrain,BHR,2021,404904.0
Bahrain,BHR,2020,464010.0
Bahrain,BHR,2019,418933.0
Bahrain,BHR,2018,432207.0
Bahrain,BHR,2017,400307.0
Bahrain,BHR,2016,424602.0
Bahrain,BHR,2015,379817.0
Bahrain,BHR,2014,442941.0
Bahrain,BHR,2013,429823.0
Bangladesh,BGD,2025,
Bangladesh,BGD,2024,3353732.0
Bangladesh,BGD,2023,3225732.0
Bangladesh,BGD,2022,3200236.0
Bangladesh,BGD,2021,3271732.0
Bangladesh,BGD,2020,2897709.0
Bangladesh,BGD,2019,3145919.0
Bangladesh,BGD,2018,2946955.0
Bangladesh,BGD,2017,2583549.0
Bangladesh,BGD,2016,2387953.0
Bangladesh,BGD,2015,2066344.0
Bangladesh,BGD,2014,1782007.0
Bangladesh,BGD,2013,1584873.0
Barbados,BRB,2025,
Barbados,BRB,2024,
Barbados,BRB,2023,101300.0
Barbados,BRB,2022,97000.0
Barbados,BRB,2021,93899.0
Barbados,BRB,2020,89460.0
Barbados,BRB,2019,98435.0
Barbados,BRB,2018,100952.0
Barbados,BRB,2017,107098.0
Barbados,BRB,2016,105321.0
Barbados,BRB,2015,86508.0
Barbados,BRB,2014,78432.0
Barbados,BRB,2013,74923.0
Belarus,BLR,2025,
Belarus,BLR,2024,
Belarus,BLR,2023,
Belarus,BLR,2022,
Belarus,BLR,2021,
Belarus,BLR,2020,
Belarus,BLR,2019,
Belarus,BLR,2018,
Belarus,BLR,2017,
Belarus,BLR,2016,
Belarus,BLR,2015,
Belarus,BLR,2014,
Belarus,BLR,2013,
Belgium,BEL,2025,
Belgium,BEL,2024,12395047.0
Belgium,BEL,2023,11482434.0
Belgium,BEL,2022,12334925.0
Belgium,BEL,2021,13095258.0
Belgium,BEL,2020,12697162.0
Belgium,BEL,2019,12389876.0
Belgium,BEL,2018,11503695.0
Belgium,BEL,2017,10783850.0
Belgium,BEL,2016,10321506.0
Belgium,BEL,2015,10059579.0
Belgium,BEL,2014,9895013.0
Belgium,BEL,2013,9528054.0
Belize,BLZ,2025,
Belize,BLZ,2024,
Belize,BLZ,2023,21279.0
Belize,BLZ,2022,47264.0
Belize,BLZ,2021,42478.0
Belize,BLZ,2020,36993.0
Belize,BLZ,2019,44510.0
Belize,BLZ,2018,47729.0
Belize,BLZ,2017,44381.0
Belize,BLZ,2016,46040.0
Belize,BLZ,2015,48141.0
Belize,BLZ,2014,43593.0
Belize,BLZ,2013,40978.0
Benin,BEN,2025,
Benin,BEN,2024,
Benin,BEN,2023,
Benin,BEN,2022,
Benin,BEN,2021,
Benin,BEN,2020,
Benin,BEN,2019,510895.6
Benin,BEN,2018,321750.0
Benin,BEN,2017,333000.0
Benin,BEN,2016,310500.0
Benin,BEN,2015,288000.0
Benin,BEN,2014,344850.0
Benin,BEN,2013,341500.0
Bermuda,BMU,2025,
Bermuda,BMU,2024,
Bermuda,BMU,2023,
Bermuda,BMU,2022,
Bermuda,BMU,2021,
Bermuda,BMU,2020,
Bermuda,BMU,2019,4006.0
Bermuda,BMU,2018,4437.324
Bermuda,BMU,2017,4437.324
Bermuda,BMU,2016,4437.324
Bermuda,BMU,2015,4437.324
Bermuda,BMU,2014,4437.324
Bermuda,BMU,2013,4485.461
Bhutan,BTN,2025,
Bhutan,BTN,2024,
Bhutan,BTN,2023,
Bhutan,BTN,2022,
Bhutan,BTN,2021,
Bhutan,BTN,2020,
Bhutan,BTN,2019,
Bhutan,BTN,2018,
Bhutan,BTN,2017,
Bhutan,BTN,2016,
Bhutan,BTN,2015,
Bhutan,BTN,2014,
Bhutan,BTN,2013,
Bolivia,BOL,2025,
Bolivia,BOL,2024,
Bolivia,BOL,2023,
Bolivia,BOL,2022,
Bolivia,BOL,2021,
Bolivia,BOL,2020,
Bolivia,BOL,2019,
Bolivia,BOL,2018,
Bolivia,BOL,2017,
Bolivia,BOL,2016,
Bolivia,BOL,2015,
Bolivia,BOL,2014,
Bolivia,BOL,2013,
Bosnia and Herzegovina,BIH,2025,
Bosnia and Herzegovina,BIH,2024,
Bosnia and Herzegovina,BIH,2023,
Bosnia and Herzegovina,BIH,2022,
Bosnia and Herzegovina,BIH,2021,
Bosnia and Herzegovina,BIH,2020,
Bosnia and Herzegovina,BIH,2019,
Bosnia and Herzegovina,BIH,2018,
Bosnia and Herzegovina,BIH,2017,
Bosnia and Herzegovina,BIH,2016,
Bosnia and Herzegovina,BIH,2015,
Bosnia and Herzegovina,BIH,2014,
Bosnia and Herzegovina,BIH,2013,
Botswana,BWA,2025,
Botswana,BWA,2024,
Botswana,BWA,2023,
Botswana,BWA,2022,
Botswana,BWA,2021,
Botswana,BWA,2020,
Botswana,BWA,2019,
Botswana,BWA,2018,
Botswana,BWA,2017,
Botswana,BWA,2016,
Botswana,BWA,2015,
Botswana,BWA,2014,
Botswana,BWA,2013,
Brazil,BRA,2025,
Brazil,BRA,2024,13893906.0
Brazil,BRA,2023,11613563.0
Brazil,BRA,2022,11683239.0
Brazil,BRA,2021,11801530.0
Brazil,BRA,2020,10450632.0
Brazil,BRA,2019,10704669.0
Brazil,BRA,2018,10061925.0
Brazil,BRA,2017,9380502.0
Brazil,BRA,2016,8804079.0
Brazil,BRA,2015,9263315.0
Brazil,BRA,2014,9436275.0
Brazil,BRA,2013,9214483.0
British Virgin Islands,VGB,2025,
British Virgin Islands,VGB,2024,
British Virgin Islands,VGB,2023,
British Virgin Islands,VGB,2022,
British Virgin Islands,VGB,2021,
British Virgin Islands,VGB,2020,
British Virgin Islands,VGB,2019,45955.97
British Virgin Islands,VGB,2018,56317.36
British Virgin Islands,VGB,2017,49149.42
British Virgin Islands,VGB,2016,52542.78
British Virgin Islands,VGB,2015,27221.88
British Virgin Islands,VGB,2014,27154.4
British Virgin Islands,VGB,2013,27154.4
Brunei Darussalam,BRN,2025,
Brunei Darussalam,BRN,2024,
Brunei Darussalam,BRN,2023,99000.0
Brunei Darussalam,BRN,2022,104000.0
Brunei Darussalam,BRN,2021,110430.0
Brunei Darussalam,BRN,2020,106174.0
Brunei Darussalam,BRN,2019,117901.0
Brunei Darussalam,BRN,2018,113125.0
Brunei Darussalam,BRN,2017,104747.0
Brunei Darussalam,BRN,2016,98606.0
Brunei Darussalam,BRN,2015,102798.0
Brunei Darussalam,BRN,2014,106168.0
Brunei Darussalam,BRN,2013,111817.0
Bulgaria,BGR,2025,
Bulgaria,BGR,2024,296350.0
Bulgaria,BGR,2023,282160.0
Bulgaria,BGR,2022,254854.0
Bulgaria,BGR,2021,245160.0
Bulgaria,BGR,2020,254571.0
Bulgaria,BGR,2019,261934.0
Bulgaria,BGR,2018,241716.0
Bulgaria,BGR,2017,228545.0
Bulgaria,BGR,2016,206111.0
Bulgaria,BGR,2015,201050.0
Bulgaria,BGR,2014,195456.0
Bulgaria,BGR,2013,180446.0
Burkina Faso,BFA,2025,
Burkina Faso,BFA,2024,
Burkina Faso,BFA,2023,
Burkina Faso,BFA,2022,
Burkina Faso,BFA,2021,
Burkina Faso,BFA,2020,
Burkina Faso,BFA,2019,
Burkina Faso,BFA,2018,
Burkina Faso,BFA,2017,
Burkina Faso,BFA,2016,
Burkina Faso,BFA,2015,
Burkina Faso,BFA,2014,
Burkina Faso,BFA,2013,
Burundi,BDI,2025,
Burundi,BDI,2024,
Burundi,BDI,2023,
Burundi,BDI,2022,
Burundi,BDI,2021,
Burundi,BDI,2020,
Burundi,BDI,2019,
Burundi,BDI,2018,
Burundi,BDI,2017,
Burundi,BDI,2016,
Burundi,BDI,2015,
Burundi,BDI,2014,
Burundi,BDI,2013,
Cabo Verde,CPV,2025,
Cabo Verde,CPV,2024,89382.0
Cabo Verde,CPV,2023,83828.0
Cabo Verde,CPV,2022,82871.0
Cabo Verde,CPV,2021,79754.0
Cabo Verde,CPV,2020,76139.0
Cabo Verde,CPV,2019,91683.0
Cabo Verde,CPV,2018,84041.0
Cabo Verde,CPV,2017,74554.0
Cabo Verde,CPV,2016,62112.0
Cabo Verde,CPV,2015,52789.0
Cabo Verde,CPV,2014,54112.0
Cabo Verde,CPV,2013,49084.0
Cambodia,KHM,2025,
Cambodia,KHM,2024,1030000.0
Cambodia,KHM,2023,797778.0
Cambodia,KHM,2022,750148.0
Cambodia,KHM,2021,732387.0
Cambodia,KHM,2020,641842.0
Cambodia,KHM,2019,639211.0
Cambodia,KHM,2018,537107.0
Cambodia,KHM,2017,459835.0
Cambodia,KHM,2016,400187.0
Cambodia,KHM,2015,392000.0
Cambodia,KHM,2014,330000.0
Cambodia,KHM,2013,286450.0
Cameroon,CMR,2025,
Cameroon,CMR,2024,350000.0
Cameroon,CMR,2023,348470.0
Cameroon,CMR,2022,338412.0
Cameroon,CMR,2021,360512.0
Cameroon,CMR,2020,421854.0
Cameroon,CMR,2019,370493.0
Cameroon,CMR,2018,378758.0
Cameroon,CMR,2017,386367.0
Cameroon,CMR,2016,370000.0
Cameroon,CMR,2015,379915.0
Cameroon,CMR,2014,333555.0
Cameroon,CMR,2013,339268.0
Canada,CAN,2025,
Canada,CAN,2024,6394038.0
Canada,CAN,2023,6102646.0
Canada,CAN,2022,7075877.0
Canada,CAN,2021,7169607.0
Canada,CAN,2020,6298023.0
Canada,CAN,2019,7000133.0
Canada,CAN,2018,6763247.0
Canada,CAN,2017,6377236.0
Canada,CAN,2016,5727822.0
Canada,CAN,2015,5828525.0
Canada,CAN,2014,5447571.0
Canada,CAN,2013,5260202.0
Cayman Islands,CYM,2025,
Cayman Islands,CYM,2024,46658.0
Cayman Islands,CYM,2023,
Cayman Islands,CYM,2022,40829.0
Cayman Islands,CYM,2021,
Cayman Islands,CYM,2020,
Cayman Islands,CYM,2019,
Cayman Islands,CYM,2018,
Cayman Islands,CYM,2017,61940.0
Cayman Islands,CYM,2016,60718.0
Cayman Islands,CYM,2015,54607.0
Cayman Islands,CYM,2014,46720.0
Cayman Islands,CYM,2013,46118.0
Central African Republic,CAF,2025,
Central African Republic,CAF,2024,
Central African Republic,CAF,2023,
Central African Republic,CAF,2022,
Central African Republic,CAF,2021,
Central African Republic,CAF,2020,
Central African Republic,CAF,2019,
Central African Republic,CAF,2018,
Central African Republic,CAF,2017,
Central African Republic,CAF,2016,
Central African Republic,CAF,2015,
Central African Republic,CAF,2014,
Central African Republic,CAF,2013,
Chad,TCD,2025,
Chad,TCD,2024,
Chad,TCD,2023,
Chad,TCD,2022,
Chad,TCD,2021,
Chad,TCD,2020,
Chad,TCD,2019,
Chad,TCD,2018,
Chad,TCD,2017,
Chad,TCD,2016,
Chad,TCD,2015,
Chad,TCD,2014,
Chad,TCD,2013,
Channel Islands,CHI,2025,
Channel Islands,CHI,2024,
Channel Islands,CHI,2023,
Channel Islands,CHI,2022,
Channel Islands,CHI,2021,
Channel Islands,CHI,2020,
Channel Islands,CHI,2019,
Channel Islands,CHI,2018,
Channel Islands,CHI,2017,
Channel Islands,CHI,2016,
Channel Islands,CHI,2015,
Channel Islands,CHI,2014,
Channel Islands,CHI,2013,
Chile,CHL,2025,
Chile,CHL,2024,4474125.0
Chile,CHL,2023,4322878.0
Chile,CHL,2022,4203293.0
Chile,CHL,2021,4335451.0
Chile,CHL,2020,4217172.0
Chile,CHL,2019,4641633.0
Chile,CHL,2018,4661486.0
Chile,CHL,2017,4407502.0
Chile,CHL,2016,4170283.0
Chile,CHL,2015,3956842.0
Chile,CHL,2014,3957585.0
Chile,CHL,2013,3853407.0
China,CHN,2025,
China,CHN,2024,299703800.0
China,CHN,2023,278759834.0
China,CHN,2022,268790000.0
China,CHN,2021,256945700.0
China,CHN,2020,240480000.0
China,CHN,2019,237570000.0
China,CHN,2018,229127700.0
China,CHN,2017,218712874.0
China,CHN,2016,202830580.0
China,CHN,2015,195509165.0
China,CHN,2014,187291913.0
China,CHN,2013,176607144.0
Colombia,COL,2025,
Colombia,COL,2024,5188127.0
Colombia,COL,2023,4503448.0
Colombia,COL,2022,4480670.0
Colombia,COL,2021,4901510.0
Colombia,COL,2020,4272689.0
Colombia,COL,2019,4316862.0
Colombia,COL,2018,4181330.0
Colombia,COL,2017,3877937.0
Colombia,COL,2016,3452348.0
Colombia,COL,2015,3843103.0
Colombia,COL,2014,3409344.0
Colombia,COL,2013,3068565.0
Comoros,COM,2025,
Comoros,COM,2024,
Comoros,COM,2023,
Comoros,COM,2022,
Comoros,COM,2021,
Comoros,COM,2020,
Comoros,COM,2019,54358.54
Comoros,COM,2018,55032.5
Comoros,COM,2017,52673.2
Comoros,COM,2016,73309.69
Comoros,COM,2015,76096.89
Comoros,COM,2014,68894.84
Comoros,COM,2013,67847.03
"Congo, Dem. Rep.",COD,2025,
"Congo, Dem. Rep.",COD,2024,
"Congo, Dem. Rep.",COD,2023,
"Congo, Dem. Rep.",COD,2022,
"Congo, Dem. Rep.",COD,2021,
"Congo, Dem. Rep.",COD,2020,
"Congo, Dem. Rep.",COD,2019,42211.0
"Congo, Dem. Rep.",COD,2018,55599.0
"Congo, Dem. Rep.",COD,2017,52066.0
"Congo, Dem. Rep.",COD,2016,59133.0
"Congo, Dem. Rep.",COD,2015,45000.0
"Congo, Dem. Rep.",COD,2014,73265.0
"Congo, Dem. Rep.",COD,2013,67965.0
"Congo, Rep.",COG,2025,
"Congo, Rep.",COG,2024,1046064.0
"Congo, Rep.",COG,2023,1001000.0
"Congo, Rep.",COG,2022,1000000.0
"Congo, Rep.",COG,2021,1003734.0
"Congo, Rep.",COG,2020,930000.0
"Congo, Rep.",COG,2019,921000.0
"Congo, Rep.",COG,2018,739000.0
"Congo, Rep.",COG,2017,650000.0
"Congo, Rep.",COG,2016,562889.0
"Congo, Rep.",COG,2015,571860.0
"Congo, Rep.",COG,2014,619892.0
"Congo, Rep.",COG,2013,574159.0
Costa Rica,CRI,2025,
Costa Rica,CRI,2024,1717439.0
Costa Rica,CRI,2023,1658363.0
Costa Rica,CRI,2022,1594323.0
Costa Rica,CRI,2021,1523198.0
Costa Rica,CRI,2020,1509599.0
Costa Rica,CRI,2019,1300785.0
Costa Rica,CRI,2018,1492791.0
Costa Rica,CRI,2017,1489326.0
Costa Rica,CRI,2016,1338979.0
Costa Rica,CRI,2015,1343841.0
Costa Rica,CRI,2014,1298579.0
Costa Rica,CRI,2013,1245174.0
Cote d'Ivoire,CIV,2025,
Cote d'Ivoire,CIV,2024,1802000.0
Cote d'Ivoire,CIV,2023,1476195.0
Cote d'Ivoire,CIV,2022,1083605.0
Cote d'Ivoire,CIV,2021,1042418.0
Cote d'Ivoire,CIV,2020,979517.0
Cote d'Ivoire,CIV,2019,994646.0
Cote d'Ivoire,CIV,2018,924596.0
Cote d'Ivoire,CIV,2017,907646.0
Cote d'Ivoire,CIV,2016,885750.0
Cote d'Ivoire,CIV,2015,927379.0
Cote d'Ivoire,CIV,2014,991767.0
Cote d'Ivoire,CIV,2013,983188.0
Croatia,HRV,2025,
Croatia,HRV,2024,532451.0
Croatia,HRV,2023,555336.0
Croatia,HRV,2022,544015.0
Croatia,HRV,2021,379623.0
Croatia,HRV,2020,376981.0
Croatia,HRV,2019,348435.0
Croatia,HRV,2018,302126.0
Croatia,HRV,2017,288235.0
Croatia,HRV,2016,246596.0
Croatia,HRV,2015,229279.0
Croatia,HRV,2014,211910.0
Croatia,HRV,2013,187284.0
Cuba,CUB,2025,
Cuba,CUB,2024,
Cuba,CUB,2023,281140.0
Cuba,CUB,2022,261080.0
Cuba,CUB,2021,246352.0
Cuba,CUB,2020,255362.0
Cuba,CUB,2019,322431.0
Cuba,CUB,2018,349722.0
Cuba,CUB,2017,332240.0
Cuba,CUB,2016,325319.0
Cuba,CUB,2015,330713.0
Cuba,CUB,2014,230836.0
Cuba,CUB,2013,263886.0
Curacao,CUW,2025,
Curacao,CUW,2024,98100.0
Curacao,CUW,2023,98051.0
Curacao,CUW,2022,100835.0
Curacao,CUW,2021,92640.0
Curacao,CUW,2020,89305.0
Curacao,CUW,2019,
Curacao,CUW,2018,96738.0
Curacao,CUW,2017,93921.0
Curacao,CUW,2016,98278.0
Curacao,CUW,2015,90016.0
Curacao,CUW,2014,89193.0
Curacao,CUW,2013,87452.0
Cyprus,CYP,2025,
Cyprus,CYP,2024,386498.0
Cyprus,CYP,2023,389864.0
Cyprus,CYP,2022,371740.0
Cyprus,CYP,2021,319131.0
Cyprus,CYP,2020,390504.0
Cyprus,CYP,2019,389962.0
Cyprus,CYP,2018,416502.0
Cyprus,CYP,2017,345016.0
Cyprus,CYP,2016,360841.0
Cyprus,CYP,2015,308639.0
Cyprus,CYP,2014,307878.0
Cyprus,CYP,2013,277276.0
Czechia,CZE,2025,
Czechia,CZE,2024,
Czechia,CZE,2023,
Czechia,CZE,2022,
Czechia,CZE,2021,
Czechia,CZE,2020,
Czechia,CZE,2019,
Czechia,CZE,2018,
Czechia,CZE,2017,
Czechia,CZE,2016,
Czechia,CZE,2015,
Czechia,CZE,2014,
Czechia,CZE,2013,
Denmark,DNK,2025,
Denmark,DNK,2024,935848.0
Denmark,DNK,2023,926423.0
Denmark,DNK,2022,1079406.0
Denmark,DNK,2021,1054552.0
Denmark,DNK,2020,933622.0
Denmark,DNK,2019,880039.0
Denmark,DNK,2018,833857.0
Denmark,DNK,2017,820139.0
Denmark,DNK,2016,715076.0
Denmark,DNK,2015,753643.0
Denmark,DNK,2014,750598.0
Denmark,DNK,2013,752489.0
Djibouti,DJI,2025,
Djibouti,DJI,2024,1293000.0
Djibouti,DJI,2023,886831.0
Djibouti,DJI,2022,635000.0
Djibouti,DJI,2021,692000.0
Djibouti,DJI,2020,860000.0
Djibouti,DJI,2019,917000.0
Djibouti,DJI,2018,859000.0
Djibouti,DJI,2017,928000.0
Djibouti,DJI,2016,987400.0
Djibouti,DJI,2015,910165.0
Djibouti,DJI,2014,864027.0
Djibouti,DJI,2013,787867.0
Dominica,DMA,2025,
Dominica,DMA,2024,
Dominica,DMA,2023,
Dominica,DMA,2022,
Dominica,DMA,2021,
Dominica,DMA,2020,7401.0
Dominica,DMA,2019,7409.0
Dominica,DMA,2018,7393.0
Dominica,DMA,2017,7425.0
Dominica,DMA,2016,7361.0
Dominica,DMA,2015,7361.0
Dominica,DMA,2014,7744.0
Dominica,DMA,2013,7469.0
Dominican Republic,DOM,2025,
Dominican Republic,DOM,2024,2110608.0
Dominican Republic,DOM,2023,2101589.0
Dominican Republic,DOM,2022,2043326.0
Dominican Republic,DOM,2021,2184754.0
Dominican Republic,DOM,2020,1781945.0
Dominican Republic,DOM,2019,1894225.0
Dominican Republic,DOM,2018,1906487.0
Dominican Republic,DOM,2017,1770295.0
Dominican Republic,DOM,2016,1486227.0
Dominican Republic,DOM,2015,1367055.0
Dominican Republic,DOM,2014,1265132.0
Dominican Republic,DOM,2013,1446902.0
Ecuador,ECU,2025,
Ecuador,ECU,2024,2567040.0
Ecuador,ECU,2023,2604311.0
Ecuador,ECU,2022,2333272.0
Ecuador,ECU,2021,2370031.0
Ecuador,ECU,2020,2294564.0
Ecuador,ECU,2019,2127042.0
Ecuador,ECU,2018,2212486.0
Ecuador,ECU,2017,1990210.0
Ecuador,ECU,2016,1907090.0
Ecuador,ECU,2015,1866808.0
Ecuador,ECU,2014,1772533.0
Ecuador,ECU,2013,1642336.0
"Egypt, Arab Rep.",EGY,2025,
"Egypt, Arab Rep.",EGY,2024,8581339.0
"Egypt, Arab Rep.",EGY,2023,8360875.0
"Egypt, Arab Rep.",EGY,2022,7646643.0
"Egypt, Arab Rep.",EGY,2021,7226065.0
"Egypt, Arab Rep.",EGY,2020,7564385.0
"Egypt, Arab Rep.",EGY,2019,7403472.0
"Egypt, Arab Rep.",EGY,2018,6701763.0
"Egypt, Arab Rep.",EGY,2017,6337413.0
"Egypt, Arab Rep.",EGY,2016,5887541.0
"Egypt, Arab Rep.",EGY,2015,6490063.0
"Egypt, Arab Rep.",EGY,2014,6979807.0
"Egypt, Arab Rep.",EGY,2013,6456469.0
El Salvador,SLV,2025,
El Salvador,SLV,2024,255017.0
El Salvador,SLV,2023,256043.0
El Salvador,SLV,2022,242307.0
El Salvador,SLV,2021,294326.0
El Salvador,SLV,2020,228334.0
El Salvador,SLV,2019,249472.0
El Salvador,SLV,2018,230989.0
El Salvador,SLV,2017,209903.0
El Salvador,SLV,2016,202165.0
El Salvador,SLV,2015,190708.0
El Salvador,SLV,2014,179577.0
El Salvador,SLV,2013,180634.0
Equatorial Guinea,GNQ,2025,
Equatorial Guinea,GNQ,2024,
Equatorial Guinea,GNQ,2023,
Equatorial Guinea,GNQ,2022,
Equatorial Guinea,GNQ,2021,
Equatorial Guinea,GNQ,2020,
Equatorial Guinea,GNQ,2019,13851.0
Equatorial Guinea,GNQ,2018,14716.0
Equatorial Guinea,GNQ,2017,13301.0
Equatorial Guinea,GNQ,2016,14281.0
Equatorial Guinea,GNQ,2015,13212.0
Equatorial Guinea,GNQ,2014,10000.0
Equatorial Guinea,GNQ,2013,9687.0
Eritrea,ERI,2025,
Eritrea,ERI,2024,
Eritrea,ERI,2023,
Eritrea,ERI,2022,
Eritrea,ERI,2021,
Eritrea,ERI,2020,
Eritrea,ERI,2019,27452.8
Eritrea,ERI,2018,37259.65
Eritrea,ERI,2017,12551.97
Eritrea,ERI,2016,12551.97
Eritrea,ERI,2015,12551.97
Eritrea,ERI,2014,22527.11
Eritrea,ERI,2013,19202.06
Estonia,EST,2025,
Estonia,EST,2024,261822.0
Estonia,EST,2023,221405.0
Estonia,EST,2022,288208.0
Estonia,EST,2021,226689.0
Estonia,EST,2020,213928.0
Estonia,EST,2019,241361.0
Estonia,EST,2018,239576.0
Estonia,EST,2017,229905.0
Estonia,EST,2016,204177.0
Estonia,EST,2015,209154.0
Estonia,EST,2014,261069.0
Estonia,EST,2013,253855.0
Eswatini,SWZ,2025,
Eswatini,SWZ,2024,
Eswatini,SWZ,2023,
Eswatini,SWZ,2022,
Eswatini,SWZ,2021,
Eswatini,SWZ,2020,
Eswatini,SWZ,2019,
Eswatini,SWZ,2018,
Eswatini,SWZ,2017,
Eswatini,SWZ,2016,
Eswatini,SWZ,2015,
Eswatini,SWZ,2014,
Eswatini,SWZ,2013,
Ethiopia,ETH,2025,
Ethiopia,ETH,2024,
Ethiopia,ETH,2023,
Ethiopia,ETH,2022,
Ethiopia,ETH,2021,
Ethiopia,ETH,2020,
Ethiopia,ETH,2019,
Ethiopia,ETH,2018,
Ethiopia,ETH,2017,
Ethiopia,ETH,2016,
Ethiopia,ETH,2015,
Ethiopia,ETH,2014,
Ethiopia,ETH,2013,
Faroe Islands,FRO,2025,
Faroe Islands,FRO,2024,
Faroe Islands,FRO,2023,
Faroe Islands,FRO,2022,
Faroe Islands,FRO,2021,
Faroe Islands,FRO,2020,
Faroe Islands,FRO,2019,31214.33
Faroe Islands,FRO,2018,35039.3
Faroe Islands,FRO,2017,34942.61
Faroe Islands,FRO,2016,33520.26
Faroe Islands,FRO,2015,33506.52
Faroe Islands,FRO,2014,35753.08
Faroe Islands,FRO,2013,32168.71
Fiji,FJI,2025,
Fiji,FJI,2024,
Fiji,FJI,2023,
Fiji,FJI,2022,
Fiji,FJI,2021,
Fiji,FJI,2020,
Fiji,FJI,2019,145782.4
Fiji,FJI,2018,279465.5
Fiji,FJI,2017,276943.9
Fiji,FJI,2016,244524.4
Fiji,FJI,2015,255214.0
Fiji,FJI,2014,329096.8
Fiji,FJI,2013,324269.9
Finland,FIN,2025,
Finland,FIN,2024,1317452.0
Finland,FIN,2023,1368831.0
Finland,FIN,2022,1446004.0
Finland,FIN,2021,1409037.0
Finland,FIN,2020,1496192.0
Finland,FIN,2019,1628170.0
Finland,FIN,2018,1594271.0
Finland,FIN,2017,1630089.0
Finland,FIN,2016,1509479.0
Finland,FIN,2015,1413646.0
Finland,FIN,2014,1426630.0
Finland,FIN,2013,1472143.0
France,FRA,2025,
France,FRA,2024,5371045.0
France,FRA,2023,4869539.0
France,FRA,2022,5593633.0
France,FRA,2021,5522541.0
France,FRA,2020,4435697.0
France,FRA,2019,4992918.0
France,FRA,2018,5051326.0
France,FRA,2017,4964947.0
France,FRA,2016,4471870.0
France,FRA,2015,4463203.0
France,FRA,2014,4424205.0
France,FRA,2013,4285777.0
French Polynesia,PYF,2025,
French Polynesia,PYF,2024,
French Polynesia,PYF,2023,
French Polynesia,PYF,2022,84772.0
French Polynesia,PYF,2021,80220.0
French Polynesia,PYF,2020,79480.0
French Polynesia,PYF,2019,87575.0
French Polynesia,PYF,2018,83288.0
French Polynesia,PYF,2017,
French Polynesia,PYF,2016,
French Polynesia,PYF,2015,69088.0
French Polynesia,PYF,2014,69296.0
French Polynesia,PYF,2013,69341.0
Gabon,GAB,2025,
Gabon,GAB,2024,180878.0
Gabon,GAB,2023,173279.0
Gabon,GAB,2022,180878.0
Gabon,GAB,2021,154474.0
Gabon,GAB,2020,148003.0
Gabon,GAB,2019,154330.0
Gabon,GAB,2018,141649.0
Gabon,GAB,2017,156000.0
Gabon,GAB,2016,146000.0
Gabon,GAB,2015,145700.0
Gabon,GAB,2014,197998.0
Gabon,GAB,2013,130700.0
"Gambia, The",GMB,2025,
"Gambia, The",GMB,2024,
"Gambia, The",GMB,2023,
"Gambia, The",GMB,2022,
"Gambia, The",GMB,2021,
"Gambia, The",GMB,2020,
"Gambia, The",GMB,2019,71469.72
"Gambia, The",GMB,2018,61250.0
"Gambia, The",GMB,2017,62500.0
"Gambia, The",GMB,2016,60000.0
"Gambia, The",GMB,2015,65000.0
"Gambia, The",GMB,2014,70000.0
"Gambia, The",GMB,2013,68759.0
Georgia,GEO,2025,
Georgia,GEO,2024,636497.0
Georgia,GEO,2023,701550.0
Georgia,GEO,2022,477357.0
Georgia,GEO,2021,401269.0
Georgia,GEO,2020,490670.0
Georgia,GEO,2019,601491.0
Georgia,GEO,2018,348240.0
Georgia,GEO,2017,
Georgia,GEO,2016,251011.0
Georgia,GEO,2015,276776.0
Georgia,GEO,2014,446972.0
Georgia,GEO,2013,403447.0
Germany,DEU,2025,
Germany,DEU,2024,13294081.0
Germany,DEU,2023,12608856.0
Germany,DEU,2022,13733867.0
Germany,DEU,2021,14710963.0
Germany,DEU,2020,13946212.0
Germany,DEU,2019,15022386.0
Germany,DEU,2018,15123221.0
Germany,DEU,2017,15163474.0
Germany,DEU,2016,15126366.0
Germany,DEU,2015,14988243.0
Germany,DEU,2014,15842604.0
Germany,DEU,2013,15401010.0
Ghana,GHA,2025,
Ghana,GHA,2024,1701246.0
Ghana,GHA,2023,1226635.0
Ghana,GHA,2022,1244245.0
Ghana,GHA,2021,1604724.0
Ghana,GHA,2020,1324504.0
Ghana,GHA,2019,1079247.0
Ghana,GHA,2018,1056785.0
Ghana,GHA,2017,1009755.0
Ghana,GHA,2016,942463.0
Ghana,GHA,2015,840595.0
Ghana,GHA,2014,793582.0
Ghana,GHA,2013,894362.0
Gibraltar,GIB,2025,
Gibraltar,GIB,2024,
Gibraltar,GIB,2023,
Gibraltar,GIB,2022,
Gibraltar,GIB,2021,
Gibraltar,GIB,2020,
Gibraltar,GIB,2019,10870.46
Gibraltar,GIB,2018,17114.73
Gibraltar,GIB,2017,4626.185
Gibraltar,GIB,2016,18621.03
Gibraltar,GIB,2015,18643.37
Gibraltar,GIB,2014,10847.59
Gibraltar,GIB,2013,2779.161
Greece,GRC,2025,
Greece,GRC,2024,5691448.0
Greece,GRC,2023,5926627.0
Greece,GRC,2022,5707876.0
Greece,GRC,2021,6077102.0
Greece,GRC,2020,6188061.0
Greece,GRC,2019,6151556.0
Greece,GRC,2018,5395401.0
Greece,GRC,2017,4602808.0
Greece,GRC,2016,4088425.0
Greece,GRC,2015,3736833.0
Greece,GRC,2014,3954322.0
Greece,GRC,2013,3523987.0
Greenland,GRL,2025,
Greenland,GRL,2024,
Greenland,GRL,2023,
Greenland,GRL,2022,
Greenland,GRL,2021,
Greenland,GRL,2020,
Greenland,GRL,2019,6144.526
Greenland,GRL,2018,6998.705
Greenland,GRL,2017,6998.705
Greenland,GRL,2016,8631.709
Greenland,GRL,2015,8631.709
Greenland,GRL,2014,4536.347
Greenland,GRL,2013,4746.328
Grenada,GRD,2025,
Grenada,GRD,2024,
Grenada,GRD,2023,
Grenada,GRD,2022,20299.0
Grenada,GRD,2021,19505.0
Grenada,GRD,2020,18446.0
Grenada,GRD,2019,18222.0
Grenada,GRD,2018,23887.0
Grenada,GRD,2017,21914.0
Grenada,GRD,2016,19634.0
Grenada,GRD,2015,16000.0
Grenada,GRD,2014,16100.0
Grenada,GRD,2013,16000.0
Guam,GUM,2025,
Guam,GUM,2024,
Guam,GUM,2023,
Guam,GUM,2022,
Guam,GUM,2021,
Guam,GUM,2020,
Guam,GUM,2019,190200.0
Guam,GUM,2018,181846.0
Guam,GUM,2017,198681.0
Guam,GUM,2016,198209.0
Guam,GUM,2015,171844.0
Guam,GUM,2014,161337.0
Guam,GUM,2013,169816.0
Guatemala,GTM,2025,
Guatemala,GTM,2024,2010490.0
Guatemala,GTM,2023,1768269.0
Guatemala,GTM,2022,1660504.0
Guatemala,GTM,2021,1735500.0
Guatemala,GTM,2020,1577456.0
Guatemala,GTM,2019,1529010.0
Guatemala,GTM,2018,1530596.0
Guatemala,GTM,2017,1389751.0
Guatemala,GTM,2016,1470101.0
Guatemala,GTM,2015,1350920.0
Guatemala,GTM,2014,1263476.0
Guatemala,GTM,2013,1211561.0
Guinea,GIN,2025,
Guinea,GIN,2024,
Guinea,GIN,2023,286286.0
Guinea,GIN,2022,
Guinea,GIN,2021,
Guinea,GIN,2020,250000.0
Guinea,GIN,2019,248659.0
Guinea,GIN,2018,237366.0
Guinea,GIN,2017,203373.0
Guinea,GIN,2016,176167.0
Guinea,GIN,2015,169017.0
Guinea,GIN,2014,160160.0
Guinea,GIN,2013,147231.0
Guinea-Bissau,GNB,2025,
Guinea-Bissau,GNB,2024,
Guinea-Bissau,GNB,2023,
Guinea-Bissau,GNB,2022,
Guinea-Bissau,GNB,2021,
Guinea-Bissau,GNB,2020,
Guinea-Bissau,GNB,2019,28699.98
Guinea-Bissau,GNB,2018,47433.09
Guinea-Bissau,GNB,2017,56819.16
Guinea-Bissau,GNB,2016,26382.34
Guinea-Bissau,GNB,2015,27136.36
Guinea-Bissau,GNB,2014,47720.71
Guinea-Bissau,GNB,2013,28632.55
Guyana,GUY,2025,
Guyana,GUY,2024,
Guyana,GUY,2023,
Guyana,GUY,2022,
Guyana,GUY,2021,58377.0
Guyana,GUY,2020,64241.0
Guyana,GUY,2019,58543.0
Guyana,GUY,2018,58210.0
Guyana,GUY,2017,57663.0
Guyana,GUY,2016,50476.0
Guyana,GUY,2015,52834.0
Guyana,GUY,2014,48735.0
Guyana,GUY,2013,50991.0
Haiti,HTI,2025,
Haiti,HTI,2024,201514.0
Haiti,HTI,2023,201888.0
Haiti,HTI,2022,200297.0
Haiti,HTI,2021,193900.0
Haiti,HTI,2020,189500.0
Haiti,HTI,2019,185000.0
Haiti,HTI,2018,163500.0
Haiti,HTI,2017,177141.0
Haiti,HTI,2016,176879.0
Haiti,HTI,2015,178452.0
Haiti,HTI,2014,175307.0
Haiti,HTI,2013,172516.0
Honduras,HND,2025,
Honduras,HND,2024,905497.0
Honduras,HND,2023,907410.0
Honduras,HND,2022,923321.0
Honduras,HND,2021,824876.0
Honduras,HND,2020,700066.0
Honduras,HND,2019,790707.0
Honduras,HND,2018,813164.0
Honduras,HND,2017,797293.0
Honduras,HND,2016,756641.0
Honduras,HND,2015,743686.0
Honduras,HND,2014,682857.0
Honduras,HND,2013,671467.0
"Hong Kong SAR, China",HKG,2025,
"Hong Kong SAR, China",HKG,2024,13690000.0
"Hong Kong SAR, China",HKG,2023,14345000.0
"Hong Kong SAR, China",HKG,2022,16573000.0
"Hong Kong SAR, China",HKG,2021,17772000.0
"Hong Kong SAR, China",HKG,2020,17953000.0
"Hong Kong SAR, China",HKG,2019,18360000.0
"Hong Kong SAR, China",HKG,2018,19641000.0
"Hong Kong SAR, China",HKG,2017,20760000.0
"Hong Kong SAR, China",HKG,2016,19580000.0
"Hong Kong SAR, China",HKG,2015,20114000.0
"Hong Kong SAR, China",HKG,2014,22300000.0
"Hong Kong SAR, China",HKG,2013,22288000.0
Hungary,HUN,2025,
Hungary,HUN,2024,
Hungary,HUN,2023,
Hungary,HUN,2022,
Hungary,HUN,2021,
Hungary,HUN,2020,
Hungary,HUN,2019,
Hungary,HUN,2018,
Hungary,HUN,2017,
Hungary,HUN,2016,
Hungary,HUN,2015,
Hungary,HUN,2014,
Hungary,HUN,2013,
Iceland,ISL,2025,
Iceland,ISL,2024,
Iceland,ISL,2023,425000.0
Iceland,ISL,2022,360000.0
Iceland,ISL,2021,360000.0
Iceland,ISL,2020,320000.0
Iceland,ISL,2019,330292.0
Iceland,ISL,2018,353300.0
Iceland,ISL,2017,350348.0
Iceland,ISL,2016,308660.0
Iceland,ISL,2015,277629.0
Iceland,ISL,2014,261732.0
Iceland,ISL,2013,241857.0
India,IND,2025,
India,IND,2024,23898000.0
India,IND,2023,22208000.0
India,IND,2022,19717168.0
India,IND,2021,19561769.0
India,IND,2020,17597062.0
India,IND,2019,17487621.0
India,IND,2018,16996593.0
India,IND,2017,15450523.0
India,IND,2016,13724110.0
India,IND,2015,12318610.0
India,IND,2014,11652174.0
India,IND,2013,10571320.0
Indonesia,IDN,2025,
Indonesia,IDN,2024,14709550.0
Indonesia,IDN,2023,13734424.0
Indonesia,IDN,2022,13281232.0
Indonesia,IDN,2021,12906100.0
Indonesia,IDN,2020,11771309.0
Indonesia,IDN,2019,12704578.0
Indonesia,IDN,2018,12616970.0
Indonesia,IDN,2017,11314273.0
Indonesia,IDN,2016,10608853.0
Indonesia,IDN,2015,10080049.0
Indonesia,IDN,2014,11005059.0
Indonesia,IDN,2013,11183911.0
"Iran, Islamic Rep.",IRN,2025,
"Iran, Islamic Rep.",IRN,2024,2921359.0
"Iran, Islamic Rep.",IRN,2023,
"Iran, Islamic Rep.",IRN,2022,
"Iran, Islamic Rep.",IRN,2021,
"Iran, Islamic Rep.",IRN,2020,
"Iran, Islamic Rep.",IRN,2019,
"Iran, Islamic Rep.",IRN,2018,2368914.0
"Iran, Islamic Rep.",IRN,2017,3091066.0
"Iran, Islamic Rep.",IRN,2016,2462028.0
"Iran, Islamic Rep.",IRN,2015,2180852.0
"Iran, Islamic Rep.",IRN,2014,2381922.0
"Iran, Islamic Rep.",IRN,2013,2218161.0
Iraq,IRQ,2025,
Iraq,IRQ,2024,
Iraq,IRQ,2023,
Iraq,IRQ,2022,
Iraq,IRQ,2021,
Iraq,IRQ,2020,
Iraq,IRQ,2019,932728.6
Iraq,IRQ,2018,743211.1
Iraq,IRQ,2017,823944.7
Iraq,IRQ,2016,220859.7
Iraq,IRQ,2015,108905.0
Iraq,IRQ,2014,133961.3
Iraq,IRQ,2013,67553.94
Ireland,IRL,2025,
Ireland,IRL,2024,1209552.0
Ireland,IRL,2023,1097574.0
Ireland,IRL,2022,1154803.0
Ireland,IRL,2021,1143007.0
Ireland,IRL,2020,1058888.0
Ireland,IRL,2019,1063489.0
Ireland,IRL,2018,1000560.0
Ireland,IRL,2017,958488.0
Ireland,IRL,2016,916833.0
Ireland,IRL,2015,860278.0
Ireland,IRL,2014,793102.0
Ireland,IRL,2013,727328.0
Isle of Man,IMN,2025,
Isle of Man,IMN,2024,
Isle of Man,IMN,2023,
Isle of Man,IMN,2022,
Isle of Man,IMN,2021,
Isle of Man,IMN,2020,
Isle of Man,IMN,2019,
Isle of Man,IMN,2018,
Isle of Man,IMN,2017,
Isle of Man,IMN,2016,
Isle of Man,IMN,2015,
Isle of Man,IMN,2014,
Isle of Man,IMN,2013,
Israel,ISR,2025,
Israel,ISR,2024,3059136.0
Israel,ISR,2023,3123896.0
Israel,ISR,2022,3118000.0
Israel,ISR,2021,3132678.0
Israel,ISR,2020,3048998.0
Israel,ISR,2019,2917000.0
Israel,ISR,2018,2946000.0
Israel,ISR,2017,2868000.0
Israel,ISR,2016,2711000.0
Israel,ISR,2015,2522000.0
Israel,ISR,2014,2446000.0
Israel,ISR,2013,2539000.0
Italy,ITA,2025,
Italy,ITA,2024,11927016.0
Italy,ITA,2023,11303925.0
Italy,ITA,2022,11577612.0
Italy,ITA,2021,11303247.0
Italy,ITA,2020,10696962.0
Italy,ITA,2019,10789337.0
Italy,ITA,2018,10620925.0
Italy,ITA,2017,10666550.0
Italy,ITA,2016,10589293.0
Italy,ITA,2015,10211290.0
Italy,ITA,2014,10255753.0
Italy,ITA,2013,10118350.0
Jamaica,JAM,2025,
Jamaica,JAM,2024,2349405.0
Jamaica,JAM,2023,1995000.0
Jamaica,JAM,2022,2137500.0
Jamaica,JAM,2021,1975401.0
Jamaica,JAM,2020,1631011.0
Jamaica,JAM,2019,1647609.0
Jamaica,JAM,2018,1833053.0
Jamaica,JAM,2017,1560000.0
Jamaica,JAM,2016,1567442.0
Jamaica,JAM,2015,1653272.0
Jamaica,JAM,2014,1638113.0
Jamaica,JAM,2013,1703949.0
Japan,JPN,2025,
Japan,JPN,2024,21886683.0
Japan,JPN,2023,21499023.0
Japan,JPN,2022,22462583.0
Japan,JPN,2021,22353354.0
Japan,JPN,2020,21568959.0
Japan,JPN,2019,23276482.0
Japan,JPN,2018,23424446.0
Japan,JPN,2017,22795433.0
Japan,JPN,2016,21678076.0
Japan,JPN,2015,21094824.0
Japan,JPN,2014,21662814.0
Japan,JPN,2013,21442040.0
Jordan,JOR,2025,
Jordan,JOR,2024,824199.0
Jordan,JOR,2023,898736.0
Jordan,JOR,2022,852554.0
Jordan,JOR,2021,765662.0
Jordan,JOR,2020,857283.0
Jordan,JOR,2019,798160.0
Jordan,JOR,2018,815345.0
Jordan,JOR,2017,796087.0
Jordan,JOR,2016,792841.0
Jordan,JOR,2015,758219.0
Jordan,JOR,2014,781291.0
Jordan,JOR,2013,872811.0
Kazakhstan,KAZ,2025,
Kazakhstan,KAZ,2024,
Kazakhstan,KAZ,2023,
Kazakhstan,KAZ,2022,
Kazakhstan,KAZ,2021,
Kazakhstan,KAZ,2020,
Kazakhstan,KAZ,2019,
Kazakhstan,KAZ,2018,
Kazakhstan,KAZ,2017,
Kazakhstan,KAZ,2016,
Kazakhstan,KAZ,2015,
Kazakhstan,KAZ,2014,
Kazakhstan,KAZ,2013,
Kenya,KEN,2025,
Kenya,KEN,2024,2005076.0
Kenya,KEN,2023,1623080.0
Kenya,KEN,2022,1430000.0
Kenya,KEN,2021,1435565.0
Kenya,KEN,2020,1359579.0
Kenya,KEN,2019,1417000.0
Kenya,KEN,2018,1306283.0
Kenya,KEN,2017,1190000.0
Kenya,KEN,2016,1091000.0
Kenya,KEN,2015,1076118.0
Kenya,KEN,2014,1012002.0
Kenya,KEN,2013,894000.0
Kiribati,KIR,2025,
Kiribati,KIR,2024,
Kiribati,KIR,2023,
Kiribati,KIR,2022,
Kiribati,KIR,2021,
Kiribati,KIR,2020,
Kiribati,KIR,2019,52099.86
Kiribati,KIR,2018,52568.09
Kiribati,KIR,2017,53468.83
Kiribati,KIR,2016,49005.46
Kiribati,KIR,2015,35149.2
Kiribati,KIR,2014,22998.09
Kiribati,KIR,2013,52964.24
"Korea, Dem. People's Rep.",PRK,2025,
"Korea, Dem. People's Rep.",PRK,2024,
"Korea, Dem. People's Rep.",PRK,2023,
"Korea, Dem. People's Rep.",PRK,2022,
"Korea, Dem. People's Rep.",PRK,2021,
"Korea, Dem. People's Rep.",PRK,2020,
"Korea, Dem. People's Rep.",PRK,2019,
"Korea, Dem. People's Rep.",PRK,2018,
"Korea, Dem. People's Rep.",PRK,2017,
"Korea, Dem. People's Rep.",PRK,2016,
"Korea, Dem. People's Rep.",PRK,2015,
"Korea, Dem. People's Rep.",PRK,2014,
"Korea, Dem. People's Rep.",PRK,2013,
"Korea, Rep.",KOR,2025,
"Korea, Rep.",KOR,2024,31850924.0
"Korea, Rep.",KOR,2023,30003141.0
"Korea, Rep.",KOR,2022,28502044.0
"Korea, Rep.",KOR,2021,29786900.0
"Korea, Rep.",KOR,2020,28834192.0
"Korea, Rep.",KOR,2019,28959959.0
"Korea, Rep.",KOR,2018,28874930.0
"Korea, Rep.",KOR,2017,27420698.0
"Korea, Rep.",KOR,2016,25945418.0
"Korea, Rep.",KOR,2015,25477299.0
"Korea, Rep.",KOR,2014,24798794.0
"Korea, Rep.",KOR,2013,23463109.0
Kosovo,XKX,2025,
Kosovo,XKX,2024,
Kosovo,XKX,2023,
Kosovo,XKX,2022,
Kosovo,XKX,2021,
Kosovo,XKX,2020,
Kosovo,XKX,2019,
Kosovo,XKX,2018,
Kosovo,XKX,2017,
Kosovo,XKX,2016,
Kosovo,XKX,2015,
Kosovo,XKX,2014,
Kosovo,XKX,2013,
Kuwait,KWT,2025,
Kuwait,KWT,2024,
Kuwait,KWT,2023,
Kuwait,KWT,2022,
Kuwait,KWT,2021,
Kuwait,KWT,2020,863618.0
Kuwait,KWT,2019,959575.625
Kuwait,KWT,2018,954527.75
Kuwait,KWT,2017,964623.5
Kuwait,KWT,2016,944432.0
Kuwait,KWT,2015,984815.0
Kuwait,KWT,2014,904049.0
Kuwait,KWT,2013,840149.0
Kyrgyz Republic,KGZ,2025,
Kyrgyz Republic,KGZ,2024,
Kyrgyz Republic,KGZ,2023,
Kyrgyz Republic,KGZ,2022,
Kyrgyz Republic,KGZ,2021,
Kyrgyz Republic,KGZ,2020,
Kyrgyz Republic,KGZ,2019,
Kyrgyz Republic,KGZ,2018,
Kyrgyz Republic,KGZ,2017,
Kyrgyz Republic,KGZ,2016,
Kyrgyz Republic,KGZ,2015,
Kyrgyz Republic,KGZ,2014,
Kyrgyz Republic,KGZ,2013,
Lao PDR,LAO,2025,
Lao PDR,LAO,2024,
Lao PDR,LAO,2023,
Lao PDR,LAO,2022,
Lao PDR,LAO,2021,
Lao PDR,LAO,2020,
Lao PDR,LAO,2019,
Lao PDR,LAO,2018,
Lao PDR,LAO,2017,
Lao PDR,LAO,2016,
Lao PDR,LAO,2015,
Lao PDR,LAO,2014,
Lao PDR,LAO,2013,
Latvia,LVA,2025,
Latvia,LVA,2024,490971.0
Latvia,LVA,2023,468895.0
Latvia,LVA,2022,471684.0
Latvia,LVA,2021,434146.0
Latvia,LVA,2020,457342.0
Latvia,LVA,2019,449850.0
Latvia,LVA,2018,474393.0
Latvia,LVA,2017,449712.0
Latvia,LVA,2016,388260.0
Latvia,LVA,2015,359420.0
Latvia,LVA,2014,392126.0
Latvia,LVA,2013,384750.0
Lebanon,LBN,2025,
Lebanon,LBN,2024,762062.0
Lebanon,LBN,2023,
Lebanon,LBN,2022,434218.0
Lebanon,LBN,2021,640263.0
Lebanon,LBN,2020,798882.0
Lebanon,LBN,2019,1257907.0
Lebanon,LBN,2018,1332990.0
Lebanon,LBN,2017,1305038.0
Lebanon,LBN,2016,1147219.0
Lebanon,LBN,2015,1130284.0
Lebanon,LBN,2014,1210413.0
Lebanon,LBN,2013,1117334.0
Lesotho,LSO,2025,
Lesotho,LSO,2024,
Lesotho,LSO,2023,
Lesotho,LSO,2022,
Lesotho,LSO,2021,
Lesotho,LSO,2020,
Lesotho,LSO,2019,
Lesotho,LSO,2018,
Lesotho,LSO,2017,
Lesotho,LSO,2016,
Lesotho,LSO,2015,
Lesotho,LSO,2014,
Lesotho,LSO,2013,
Liberia,LBR,2025,
Liberia,LBR,2024,
Liberia,LBR,2023,
Liberia,LBR,2022,
Liberia,LBR,2021,
Liberia,LBR,2020,
Liberia,LBR,2019,91453.84
Liberia,LBR,2018,118750.0
Liberia,LBR,2017,125000.0
Liberia,LBR,2016,112500.0
Liberia,LBR,2015,100000.0
Liberia,LBR,2014,79000.0
Liberia,LBR,2013,70000.0
Libya,LBY,2025,
Libya,LBY,2024,
Libya,LBY,2023,465168.0
Libya,LBY,2022,428760.0
Libya,LBY,2021,422100.0
Libya,LBY,2020,343599.0
Libya,LBY,2019,265098.0
Libya,LBY,2018,
Libya,LBY,2017,105636.0
Libya,LBY,2016,124050.0
Libya,LBY,2015,
Libya,LBY,2014,172340.0
Libya,LBY,2013,225020.0
Liechtenstein,LIE,2025,
Liechtenstein,LIE,2024,
Liechtenstein,LIE,2023,
Liechtenstein,LIE,2022,
Liechtenstein,LIE,2021,
Liechtenstein,LIE,2020,
Liechtenstein,LIE,2019,
Liechtenstein,LIE,2018,
Liechtenstein,LIE,2017,
Liechtenstein,LIE,2016,
Liechtenstein,LIE,2015,
Liechtenstein,LIE,2014,
Liechtenstein,LIE,2013,
Lithuania,LTU,2025,
Lithuania,LTU,2024,1068771.0
Lithuania,LTU,2023,1050804.0
Lithuania,LTU,2022,1047941.0
Lithuania,LTU,2021,666775.0
Lithuania,LTU,2020,639006.0
Lithuania,LTU,2019,703000.0
Lithuania,LTU,2018,749066.0
Lithuania,LTU,2017,472000.0
Lithuania,LTU,2016,443000.0
Lithuania,LTU,2015,392700.0
Lithuania,LTU,2014,450428.0
Lithuania,LTU,2013,402535.0
Luxembourg,LUX,2025,
Luxembourg,LUX,2024,
Luxembourg,LUX,2023,
Luxembourg,LUX,2022,
Luxembourg,LUX,2021,
Luxembourg,LUX,2020,
Luxembourg,LUX,2019,
Luxembourg,LUX,2018,
Luxembourg,LUX,2017,
Luxembourg,LUX,2016,
Luxembourg,LUX,2015,
Luxembourg,LUX,2014,
Luxembourg,LUX,2013,
"Macao SAR, China",MAC,2025,
"Macao SAR, China",MAC,2024,
"Macao SAR, China",MAC,2023,
"Macao SAR, China",MAC,2022,
"Macao SAR, China",MAC,2021,
"Macao SAR, China",MAC,2020,
"Macao SAR, China",MAC,2019,
"Macao SAR, China",MAC,2018,
"Macao SAR, China",MAC,2017,
"Macao SAR, China",MAC,2016,
"Macao SAR, China",MAC,2015,
"Macao SAR, China",MAC,2014,
"Macao SAR, China",MAC,2013,
Madagascar,MDG,2025,
Madagascar,MDG,2024,
Madagascar,MDG,2023,
Madagascar,MDG,2022,
Madagascar,MDG,2021,
Madagascar,MDG,2020,
Madagascar,MDG,2019,199712.5
Madagascar,MDG,2018,179425.0
Madagascar,MDG,2017,220000.0
Madagascar,MDG,2016,138850.0
Madagascar,MDG,2015,138500.0
Madagascar,MDG,2014,139200.0
Madagascar,MDG,2013,137800.0
Malawi,MWI,2025,
Malawi,MWI,2024,
Malawi,MWI,2023,
Malawi,MWI,2022,
Malawi,MWI,2021,
Malawi,MWI,2020,
Malawi,MWI,2019,
Malawi,MWI,2018,
Malawi,MWI,2017,
Malawi,MWI,2016,
Malawi,MWI,2015,
Malawi,MWI,2014,
Malawi,MWI,2013,
Malaysia,MYS,2025,
Malaysia,MYS,2024,30659850.0
Malaysia,MYS,2023,28246849.0
Malaysia,MYS,2022,27293935.0
Malaysia,MYS,2021,28261849.0
Malaysia,MYS,2020,26669483.0
Malaysia,MYS,2019,26215322.0
Malaysia,MYS,2018,24955994.0
Malaysia,MYS,2017,23719787.0
Malaysia,MYS,2016,24569452.0
Malaysia,MYS,2015,24012959.0
Malaysia,MYS,2014,22366426.0
Malaysia,MYS,2013,20876442.0
Maldives,MDV,2025,
Maldives,MDV,2024,
Maldives,MDV,2023,
Maldives,MDV,2022,
Maldives,MDV,2021,
Maldives,MDV,2020,
Maldives,MDV,2019,107728.2
Maldives,MDV,2018,82252.5
Maldives,MDV,2017,82761.0
Maldives,MDV,2016,81744.0
Maldives,MDV,2015,83778.0
Maldives,MDV,2014,83777.0
Maldives,MDV,2013,79712.0
Mali,MLI,2025,
Mali,MLI,2024,
Mali,MLI,2023,
Mali,MLI,2022,
Mali,MLI,2021,
Mali,MLI,2020,
Mali,MLI,2019,
Mali,MLI,2018,
Mali,MLI,2017,
Mali,MLI,2016,
Mali,MLI,2015,
Mali,MLI,2014,
Mali,MLI,2013,
Malta,MLT,2025,
Malta,MLT,2024,2967924.0
Malta,MLT,2023,2907257.0
Malta,MLT,2022,2993799.0
Malta,MLT,2021,3075918.0
Malta,MLT,2020,2539087.0
Malta,MLT,2019,2813023.0
Malta,MLT,2018,3414328.0
Malta,MLT,2017,3245812.0
Malta,MLT,2016,3151939.0
Malta,MLT,2015,3120668.0
Malta,MLT,2014,2924283.0
Malta,MLT,2013,2793692.0
Marshall Islands,MHL,2025,
Marshall Islands,MHL,2024,
Marshall Islands,MHL,2023,
Marshall Islands,MHL,2022,
Marshall Islands,MHL,2021,
Marshall Islands,MHL,2020,
Marshall Islands,MHL,2019,30711.22
Marshall Islands,MHL,2018,70146.41
Marshall Islands,MHL,2017,74193.53
Marshall Islands,MHL,2016,51613.32
Marshall Islands,MHL,2015,41855.44
Marshall Islands,MHL,2014,26168.14
Marshall Islands,MHL,2013,47899.47
Mauritania,MRT,2025,
Mauritania,MRT,2024,
Mauritania,MRT,2023,
Mauritania,MRT,2022,
Mauritania,MRT,2021,
Mauritania,MRT,2020,
Mauritania,MRT,2019,84457.99
Mauritania,MRT,2018,80461.5
Mauritania,MRT,2017,88400.0
Mauritania,MRT,2016,72523.0
Mauritania,MRT,2015,72582.0
Mauritania,MRT,2014,72464.0
Mauritania,MRT,2013,72700.0
Mauritius,MUS,2025,
Mauritius,MUS,2024,468254.0
Mauritius,MUS,2023,448527.0
Mauritius,MUS,2022,407825.0
Mauritius,MUS,2021,436398.0
Mauritius,MUS,2020,438078.0
Mauritius,MUS,2019,469011.0
Mauritius,MUS,2018,451446.0
Mauritius,MUS,2017,379371.0
Mauritius,MUS,2016,388514.0
Mauritius,MUS,2015,361109.0
Mauritius,MUS,2014,403001.0
Mauritius,MUS,2013,385326.0
Mexico,MEX,2025,
Mexico,MEX,2024,9284170.0
Mexico,MEX,2023,8319202.0
Mexico,MEX,2022,8307884.0
Mexico,MEX,2021,7852417.0
Mexico,MEX,2020,6487264.0
Mexico,MEX,2019,7113878.0
Mexico,MEX,2018,6983149.0
Mexico,MEX,2017,6375338.0
Mexico,MEX,2016,5678854.0
Mexico,MEX,2015,5421307.0
Mexico,MEX,2014,5071720.0
Mexico,MEX,2013,4892881.0
"Micronesia, Fed. Sts.",FSM,2025,
"Micronesia, Fed. Sts.",FSM,2024,
"Micronesia, Fed. Sts.",FSM,2023,
"Micronesia, Fed. Sts.",FSM,2022,
"Micronesia, Fed. Sts.",FSM,2021,
"Micronesia, Fed. Sts.",FSM,2020,
"Micronesia, Fed. Sts.",FSM,2019,25234.09
"Micronesia, Fed. Sts.",FSM,2018,32194.52
"Micronesia, Fed. Sts.",FSM,2017,11433.5
"Micronesia, Fed. Sts.",FSM,2016,9814.813
"Micronesia, Fed. Sts.",FSM,2015,9814.813
"Micronesia, Fed. Sts.",FSM,2014,9269.688
"Micronesia, Fed. Sts.",FSM,2013,9269.688
Moldova,MDA,2025,
Moldova,MDA,2024,
Moldova,MDA,2023,
Moldova,MDA,2022,
Moldova,MDA,2021,
Moldova,MDA,2020,
Moldova,MDA,2019,818.0
Moldova,MDA,2018,735.0142
Moldova,MDA,2017,735.0142
Moldova,MDA,2016,735.0142
Moldova,MDA,2015,735.0142
Moldova,MDA,2014,472.614
Moldova,MDA,2013,472.614
Monaco,MCO,2025,
Monaco,MCO,2024,
Monaco,MCO,2023,
Monaco,MCO,2022,
Monaco,MCO,2021,
Monaco,MCO,2020,
Monaco,MCO,2019,
Monaco,MCO,2018,
Monaco,MCO,2017,
Monaco,MCO,2016,
Monaco,MCO,2015,
Monaco,MCO,2014,
Monaco,MCO,2013,
Mongolia,MNG,2025,
Mongolia,MNG,2024,
Mongolia,MNG,2023,
Mongolia,MNG,2022,
Mongolia,MNG,2021,
Mongolia,MNG,2020,
Mongolia,MNG,2019,
Mongolia,MNG,2018,
Mongolia,MNG,2017,
Mongolia,MNG,2016,
Mongolia,MNG,2015,
Mongolia,MNG,2014,
Mongolia,MNG,2013,
Montenegro,MNE,2025,
Montenegro,MNE,2024,17263.0
Montenegro,MNE,2023,35085.0
Montenegro,MNE,2022,
Montenegro,MNE,2021,38352.0
Montenegro,MNE,2020,
Montenegro,MNE,2019,15744.0
Montenegro,MNE,2018,15998.0
Montenegro,MNE,2017,43732.0
Montenegro,MNE,2016,30211.0
Montenegro,MNE,2015,24026.0
Montenegro,MNE,2014,39186.0
Montenegro,MNE,2013,33029.0
Morocco,MAR,2025,
Morocco,MAR,2024,11789130.0
Morocco,MAR,2023,9964417.0
Morocco,MAR,2022,8840340.0
Morocco,MAR,2021,8448850.0
Morocco,MAR,2020,7000928.0
Morocco,MAR,2019,6068803.0
Morocco,MAR,2018,4715747.0
Morocco,MAR,2017,4509580.0
Morocco,MAR,2016,4106683.0
Morocco,MAR,2015,3987251.0
Morocco,MAR,2014,4076488.0
Morocco,MAR,2013,3526437.0
Mozambique,MOZ,2025,
Mozambique,MOZ,2024,
Mozambique,MOZ,2023,489000.0
Mozambique,MOZ,2022,420500.0
Mozambique,MOZ,2021,440582.0
Mozambique,MOZ,2020,417459.0
Mozambique,MOZ,2019,411938.0
Mozambique,MOZ,2018,372218.0
Mozambique,MOZ,2017,
Mozambique,MOZ,2016,
Mozambique,MOZ,2015,335200.0
Mozambique,MOZ,2014,277200.0
Mozambique,MOZ,2013,244500.0
Myanmar,MMR,2025,
Myanmar,MMR,2024,782951.0
Myanmar,MMR,2023,761557.0
Myanmar,MMR,2022,846426.0
Myanmar,MMR,2021,694016.0
Myanmar,MMR,2020,1095247.0
Myanmar,MMR,2019,1128353.0
Myanmar,MMR,2018,1104101.0
Myanmar,MMR,2017,1043469.0
Myanmar,MMR,2016,1026216.0
Myanmar,MMR,2015,827249.0
Myanmar,MMR,2014,716926.0
Myanmar,MMR,2013,567156.0
Namibia,NAM,2025,
Namibia,NAM,2024,171151.0
Namibia,NAM,2023,160883.0
Namibia,NAM,2022,168278.0
Namibia,NAM,2021,155980.0
Namibia,NAM,2020,148642.0
Namibia,NAM,2019,149464.0
Namibia,NAM,2018,182655.0
Namibia,NAM,2017,205991.0
Namibia,NAM,2016,203071.0
Namibia,NAM,2015,237546.0
Namibia,NAM,2014,253052.0
Namibia,NAM,2013,301817.0
Naoero,NRU,2025,
Naoero,NRU,2024,
Naoero,NRU,2023,
Naoero,NRU,2022,
Naoero,NRU,2021,
Naoero,NRU,2020,
Naoero,NRU,2019,5327.06
Naoero,NRU,2018,7606.643
Naoero,NRU,2017,5536.052
Naoero,NRU,2016,7032.956
Naoero,NRU,2015,9438.25
Naoero,NRU,2014,8529.913
Naoero,NRU,2013,5563.455
Nepal,NPL,2025,
Nepal,NPL,2024,
Nepal,NPL,2023,
Nepal,NPL,2022,
Nepal,NPL,2021,
Nepal,NPL,2020,
Nepal,NPL,2019,
Nepal,NPL,2018,
Nepal,NPL,2017,
Nepal,NPL,2016,
Nepal,NPL,2015,
Nepal,NPL,2014,
Nepal,NPL,2013,
Netherlands,NLD,2025,
Netherlands,NLD,2024,14517179.0
Netherlands,NLD,2023,14111298.0
Netherlands,NLD,2022,14929333.0
Netherlands,NLD,2021,15781756.0
Netherlands,NLD,2020,14757227.0
Netherlands,NLD,2019,15198050.0
Netherlands,NLD,2018,14802257.0
Netherlands,NLD,2017,13992474.0
Netherlands,NLD,2016,12612142.0
Netherlands,NLD,2015,12400607.0
Netherlands,NLD,2014,12456588.0
Netherlands,NLD,2013,11751977.0
New Caledonia,NCL,2025,
New Caledonia,NCL,2024,
New Caledonia,NCL,2023,
New Caledonia,NCL,2022,
New Caledonia,NCL,2021,107834.0
New Caledonia,NCL,2020,
New Caledonia,NCL,2019,111875.0
New Caledonia,NCL,2018,110750.0
New Caledonia,NCL,2017,113000.0
New Caledonia,NCL,2016,108500.0
New Caledonia,NCL,2015,104000.0
New Caledonia,NCL,2014,113000.0
New Caledonia,NCL,2013,95000.0
New Zealand,NZL,2025,
New Zealand,NZL,2024,3371175.0
New Zealand,NZL,2023,3184218.0
New Zealand,NZL,2022,3426030.0
New Zealand,NZL,2021,3249262.0
New Zealand,NZL,2020,3445621.0
New Zealand,NZL,2019,3430977.0
New Zealand,NZL,2018,3382305.0
New Zealand,NZL,2017,3198925.0
New Zealand,NZL,2016,3000696.0
New Zealand,NZL,2015,2930886.0
New Zealand,NZL,2014,2751167.0
New Zealand,NZL,2013,2665079.0
Nicaragua,NIC,2025,
Nicaragua,NIC,2024,167682.0
Nicaragua,NIC,2023,155815.0
Nicaragua,NIC,2022,153390.0
Nicaragua,NIC,2021,172544.0
Nicaragua,NIC,2020,172798.0
Nicaragua,NIC,2019,175370.0
Nicaragua,NIC,2018,174403.0
Nicaragua,NIC,2017,190756.0
Nicaragua,NIC,2016,156900.0
Nicaragua,NIC,2015,144718.0
Nicaragua,NIC,2014,116312.0
Nicaragua,NIC,2013,97731.0
Niger,NER,2025,
Niger,NER,2024,
Niger,NER,2023,
Niger,NER,2022,
Niger,NER,2021,
Niger,NER,2020,
Niger,NER,2019,
Niger,NER,2018,
Niger,NER,2017,
Niger,NER,2016,
Niger,NER,2015,
Niger,NER,2014,
Niger,NER,2013,
Nigeria,NGA,2025,
Nigeria,NGA,2024,
Nigeria,NGA,2023,1566109.0
Nigeria,NGA,2022,1566109.0
Nigeria,NGA,2021,1566109.0
Nigeria,NGA,2020,1548622.0
Nigeria,NGA,2019,1627142.0
Nigeria,NGA,2018,1560000.0
Nigeria,NGA,2017,1408000.0
Nigeria,NGA,2016,1272000.0
Nigeria,NGA,2015,1544183.0
Nigeria,NGA,2014,1867409.0
Nigeria,NGA,2013,1696000.0
North Macedonia,MKD,2025,
North Macedonia,MKD,2024,
North Macedonia,MKD,2023,
North Macedonia,MKD,2022,
North Macedonia,MKD,2021,
North Macedonia,MKD,2020,
North Macedonia,MKD,2019,
North Macedonia,MKD,2018,
North Macedonia,MKD,2017,
North Macedonia,MKD,2016,
North Macedonia,MKD,2015,
North Macedonia,MKD,2014,
North Macedonia,MKD,2013,
Northern Mariana Islands,MNP,2025,
Northern Mariana Islands,MNP,2024,
Northern Mariana Islands,MNP,2023,
Northern Mariana Islands,MNP,2022,
Northern Mariana Islands,MNP,2021,
Northern Mariana Islands,MNP,2020,
Northern Mariana Islands,MNP,2019,44951.82
Northern Mariana Islands,MNP,2018,42095.68
Northern Mariana Islands,MNP,2017,94910.77
Northern Mariana Islands,MNP,2016,44989.51
Northern Mariana Islands,MNP,2015,41919.52
Northern Mariana Islands,MNP,2014,42008.53
Northern Mariana Islands,MNP,2013,41462.1
Norway,NOR,2025,
Norway,NOR,2024,862983.0
Norway,NOR,2023,882560.0
Norway,NOR,2022,933300.0
Norway,NOR,2021,881238.0
Norway,NOR,2020,835398.0
Norway,NOR,2019,837457.0
Norway,NOR,2018,802364.0
Norway,NOR,2017,764093.0
Norway,NOR,2016,716916.0
Norway,NOR,2015,735753.0
Norway,NOR,2014,728372.0
Norway,NOR,2013,707041.0
Oman,OMN,2025,
Oman,OMN,2024,4246786.0
Oman,OMN,2023,4608110.0
Oman,OMN,2022,5228483.0
Oman,OMN,2021,5238968.0
Oman,OMN,2020,5146009.0
Oman,OMN,2019,4900767.0
Oman,OMN,2018,4210679.0
Oman,OMN,2017,4785012.0
Oman,OMN,2016,3943846.0
Oman,OMN,2015,3105377.0
Oman,OMN,2014,3364663.0
Oman,OMN,2013,3921037.0
Pakistan,PAK,2025,
Pakistan,PAK,2024,3338000.0
Pakistan,PAK,2023,2909000.0
Pakistan,PAK,2022,3383580.0
Pakistan,PAK,2021,3548000.0
Pakistan,PAK,2020,3161000.0
Pakistan,PAK,2019,3150000.0
Pakistan,PAK,2018,3249000.0
Pakistan,PAK,2017,3284000.0
Pakistan,PAK,2016,3074000.0
Pakistan,PAK,2015,2706324.0
Pakistan,PAK,2014,2447600.0
Pakistan,PAK,2013,2252000.0
Palau,PLW,2025,
Palau,PLW,2024,
Palau,PLW,2023,
Palau,PLW,2022,
Palau,PLW,2021,
Palau,PLW,2020,
Palau,PLW,2019,16399.0
Palau,PLW,2018,20059.46
Palau,PLW,2017,20009.41
Palau,PLW,2016,22490.03
Palau,PLW,2015,23890.53
Palau,PLW,2014,23960.16
Palau,PLW,2013,23547.92
Panama,PAN,2025,
Panama,PAN,2024,9570767.0
Panama,PAN,2023,8322863.0
Panama,PAN,2022,8518425.0
Panama,PAN,2021,8623927.0
Panama,PAN,2020,7735214.0
Panama,PAN,2019,7346859.0
Panama,PAN,2018,6872055.0
Panama,PAN,2017,6899242.0
Panama,PAN,2016,6261878.0
Panama,PAN,2015,6893886.0
Panama,PAN,2014,6774064.0
Panama,PAN,2013,6561406.0
Papua New Guinea,PNG,2025,
Papua New Guinea,PNG,2024,
Papua New Guinea,PNG,2023,
Papua New Guinea,PNG,2022,200000.0
Papua New Guinea,PNG,2021,
Papua New Guinea,PNG,2020,204518.0
Papua New Guinea,PNG,2019,
Papua New Guinea,PNG,2018,170053.0
Papua New Guinea,PNG,2017,177122.0
Papua New Guinea,PNG,2016,
Papua New Guinea,PNG,2015,193656.0
Papua New Guinea,PNG,2014,
Papua New Guinea,PNG,2013,
Paraguay,PRY,2025,
Paraguay,PRY,2024,
Paraguay,PRY,2023,
Paraguay,PRY,2022,
Paraguay,PRY,2021,
Paraguay,PRY,2020,37901.25
Paraguay,PRY,2019,37795.5
Paraguay,PRY,2018,38007.0
Paraguay,PRY,2017,37584.0
Paraguay,PRY,2016,38430.0
Paraguay,PRY,2015,10500.0
Paraguay,PRY,2014,10540.0
Paraguay,PRY,2013,10028.0
Peru,PER,2025,
Peru,PER,2024,3477011.0
Peru,PER,2023,3144220.0
Peru,PER,2022,2865239.0
Peru,PER,2021,2874109.0
Peru,PER,2020,2651281.0
Peru,PER,2019,2677239.0
Peru,PER,2018,2667974.0
Peru,PER,2017,2539720.0
Peru,PER,2016,2321062.0
Peru,PER,2015,2158030.0
Peru,PER,2014,2241216.0
Peru,PER,2013,2064981.0
Philippines,PHL,2025,
Philippines,PHL,2024,9216842.0
Philippines,PHL,2023,8803874.0
Philippines,PHL,2022,9258516.0
Philippines,PHL,2021,8674859.0
Philippines,PHL,2020,8019642.0
Philippines,PHL,2019,9333428.0
Philippines,PHL,2018,8859565.0
Philippines,PHL,2017,8249852.0
Philippines,PHL,2016,7560607.0
Philippines,PHL,2015,7175424.0
Philippines,PHL,2014,6216752.0
Philippines,PHL,2013,5955137.0
Poland,POL,2025,
Poland,POL,2024,3270784.0
Poland,POL,2023,2995174.0
Poland,POL,2022,3061848.0
Poland,POL,2021,3187943.0
Poland,POL,2020,2915937.0
Poland,POL,2019,3046483.0
Poland,POL,2018,2834296.0
Poland,POL,2017,2384782.0
Poland,POL,2016,2032761.0
Poland,POL,2015,1860908.0
Poland,POL,2014,2139616.0
Poland,POL,2013,1969530.0
Portugal,PRT,2025,
Portugal,PRT,2024,3541777.0
Portugal,PRT,2023,3189770.0
Portugal,PRT,2022,3153877.0
Portugal,PRT,2021,3294407.0
Portugal,PRT,2020,2986021.0
Portugal,PRT,2019,2907005.0
Portugal,PRT,2018,3168513.0
Portugal,PRT,2017,3124946.0
Portugal,PRT,2016,2912946.0
Portugal,PRT,2015,2739185.0
Portugal,PRT,2014,2689296.0
Portugal,PRT,2013,2353948.0
Puerto Rico (US),PRI,2025,
Puerto Rico (US),PRI,2024,1300000.0
Puerto Rico (US),PRI,2023,1349400.0
Puerto Rico (US),PRI,2022,1398600.0
Puerto Rico (US),PRI,2021,1490218.0
Puerto Rico (US),PRI,2020,1490218.0
Puerto Rico (US),PRI,2019,1451950.0
Puerto Rico (US),PRI,2018,1447616.0
Puerto Rico (US),PRI,2017,1319572.0
Puerto Rico (US),PRI,2016,1210500.0
Puerto Rico (US),PRI,2015,1210503.0
Puerto Rico (US),PRI,2014,1319961.0
Puerto Rico (US),PRI,2013,1269902.0
Qatar,QAT,2025,
Qatar,QAT,2024,1421000.0
Qatar,QAT,2023,1318414.0
Qatar,QAT,2022,1408804.0
Qatar,QAT,2021,1543591.0
Qatar,QAT,2020,1412689.0
Qatar,QAT,2019,1340000.0
Qatar,QAT,2018,1340000.0
Qatar,QAT,2017,772800.0
Qatar,QAT,2016,527952.0
Qatar,QAT,2015,568166.0
Qatar,QAT,2014,461863.0
Qatar,QAT,2013,390000.0
Romania,ROU,2025,
Romania,ROU,2024,989795.0
Romania,ROU,2023,830201.0
Romania,ROU,2022,772046.0
Romania,ROU,2021,631964.0
Romania,ROU,2020,643025.0
Romania,ROU,2019,666036.0
Romania,ROU,2018,668016.0
Romania,ROU,2017,696438.0
Romania,ROU,2016,711339.0
Romania,ROU,2015,689012.0
Romania,ROU,2014,668033.0
Romania,ROU,2013,661124.0
Russian Federation,RUS,2025,
Russian Federation,RUS,2024,5187096.0
Russian Federation,RUS,2023,4586171.0
Russian Federation,RUS,2022,3914304.0
Russian Federation,RUS,2021,5260849.0
Russian Federation,RUS,2020,4921319.0
Russian Federation,RUS,2019,4967133.0
Russian Federation,RUS,2018,4726726.0
Russian Federation,RUS,2017,4303955.0
Russian Federation,RUS,2016,3472382.0
Russian Federation,RUS,2015,3662970.0
Russian Federation,RUS,2014,4993427.0
Russian Federation,RUS,2013,5065880.0
Rwanda,RWA,2025,
Rwanda,RWA,2024,
Rwanda,RWA,2023,
Rwanda,RWA,2022,
Rwanda,RWA,2021,
Rwanda,RWA,2020,
Rwanda,RWA,2019,
Rwanda,RWA,2018,
Rwanda,RWA,2017,
Rwanda,RWA,2016,
Rwanda,RWA,2015,
Rwanda,RWA,2014,
Rwanda,RWA,2013,
Samoa,WSM,2025,
Samoa,WSM,2024,53017.0
Samoa,WSM,2023,44676.0
Samoa,WSM,2022,45680.0
Samoa,WSM,2021,43933.0
Samoa,WSM,2020,41200.0
Samoa,WSM,2019,42102.0
Samoa,WSM,2018,37091.0
Samoa,WSM,2017,34950.0
Samoa,WSM,2016,34588.0
Samoa,WSM,2015,32387.0
Samoa,WSM,2014,28587.0
Samoa,WSM,2013,24006.0
San Marino,SMR,2025,
San Marino,SMR,2024,
San Marino,SMR,2023,
San Marino,SMR,2022,
San Marino,SMR,2021,
San Marino,SMR,2020,
San Marino,SMR,2019,
San Marino,SMR,2018,
San Marino,SMR,2017,
San Marino,SMR,2016,
San Marino,SMR,2015,
San Marino,SMR,2014,
San Marino,SMR,2013,
Sao Tome and Principe,STP,2025,
Sao Tome and Principe,STP,2024,
Sao Tome and Principe,STP,2023,
Sao Tome and Principe,STP,2022,
Sao Tome and Principe,STP,2021,
Sao Tome and Principe,STP,2020,
Sao Tome and Principe,STP,2019,49552.86
Sao Tome and Principe,STP,2018,47989.86
Sao Tome and Principe,STP,2017,62980.9
Sao Tome and Principe,STP,2016,67523.29
Sao Tome and Principe,STP,2015,84392.68
Sao Tome and Principe,STP,2014,75921.74
Sao Tome and Principe,STP,2013,83154.38
Saudi Arabia,SAU,2025,
Saudi Arabia,SAU,2024,8029571.0
Saudi Arabia,SAU,2023,11379951.0
Saudi Arabia,SAU,2022,10469213.0
Saudi Arabia,SAU,2021,9875946.0
Saudi Arabia,SAU,2020,9330437.0
Saudi Arabia,SAU,2019,8905621.0
Saudi Arabia,SAU,2018,8683456.0
Saudi Arabia,SAU,2017,8082329.0
Saudi Arabia,SAU,2016,7683202.0
Saudi Arabia,SAU,2015,7793767.0
Saudi Arabia,SAU,2014,6860353.0
Saudi Arabia,SAU,2013,6757693.0
Senegal,SEN,2025,
Senegal,SEN,2024,881239.0
Senegal,SEN,2023,848276.0
Senegal,SEN,2022,738000.0
Senegal,SEN,2021,769358.0
Senegal,SEN,2020,696899.0
Senegal,SEN,2019,695698.0
Senegal,SEN,2018,674000.0
Senegal,SEN,2017,570500.0
Senegal,SEN,2016,540000.0
Senegal,SEN,2015,529724.0
Senegal,SEN,2014,456000.0
Senegal,SEN,2013,454050.0
Serbia,SRB,2025,
Serbia,SRB,2024,
Serbia,SRB,2023,
Serbia,SRB,2022,
Serbia,SRB,2021,
Serbia,SRB,2020,
Serbia,SRB,2019,
Serbia,SRB,2018,
Serbia,SRB,2017,
Serbia,SRB,2016,
Serbia,SRB,2015,
Serbia,SRB,2014,
Serbia,SRB,2013,
Seychelles,SYC,2025,
Seychelles,SYC,2024,
Seychelles,SYC,2023,
Seychelles,SYC,2022,
Seychelles,SYC,2021,
Seychelles,SYC,2020,
Seychelles,SYC,2019,154423.4
Seychelles,SYC,2018,106038.2
Seychelles,SYC,2017,104572.7
Seychelles,SYC,2016,132214.6
Seychelles,SYC,2015,127803.1
Seychelles,SYC,2014,150696.8
Seychelles,SYC,2013,135338.1
Sierra Leone,SLE,2025,
Sierra Leone,SLE,2024,
Sierra Leone,SLE,2023,
Sierra Leone,SLE,2022,
Sierra Leone,SLE,2021,
Sierra Leone,SLE,2020,
Sierra Leone,SLE,2019,78413.0
Sierra Leone,SLE,2018,83621.0
Sierra Leone,SLE,2017,89100.0
Sierra Leone,SLE,2016,89063.0
Sierra Leone,SLE,2015,90000.0
Sierra Leone,SLE,2014,88125.0
Sierra Leone,SLE,2013,86250.0
Singapore,SGP,2025,
Singapore,SGP,2024,41124100.0
Singapore,SGP,2023,39010000.0
Singapore,SGP,2022,37289600.0
Singapore,SGP,2021,37571200.0
Singapore,SGP,2020,36870900.0
Singapore,SGP,2019,37195000.0
Singapore,SGP,2018,36599200.0
Singapore,SGP,2017,33666600.0
Singapore,SGP,2016,30903600.0
Singapore,SGP,2015,30922300.0
Singapore,SGP,2014,33869300.0
Singapore,SGP,2013,32578700.0
Sint Maarten (Dutch part),SXM,2025,
Sint Maarten (Dutch part),SXM,2024,
Sint Maarten (Dutch part),SXM,2023,
Sint Maarten (Dutch part),SXM,2022,
Sint Maarten (Dutch part),SXM,2021,
Sint Maarten (Dutch part),SXM,2020,
Sint Maarten (Dutch part),SXM,2019,105200.0
Sint Maarten (Dutch part),SXM,2018,101100.0
Sint Maarten (Dutch part),SXM,2017,98101.0
Sint Maarten (Dutch part),SXM,2016,97991.0
Sint Maarten (Dutch part),SXM,2015,95190.0
Sint Maarten (Dutch part),SXM,2014,82643.0
Sint Maarten (Dutch part),SXM,2013,80655.0
Slovak Republic,SVK,2025,
Slovak Republic,SVK,2024,
Slovak Republic,SVK,2023,
Slovak Republic,SVK,2022,
Slovak Republic,SVK,2021,
Slovak Republic,SVK,2020,
Slovak Republic,SVK,2019,
Slovak Republic,SVK,2018,
Slovak Republic,SVK,2017,
Slovak Republic,SVK,2016,
Slovak Republic,SVK,2015,
Slovak Republic,SVK,2014,
Slovak Republic,SVK,2013,
Slovenia,SVN,2025,
Slovenia,SVN,2024,1133340.0
Slovenia,SVN,2023,1066093.0
Slovenia,SVN,2022,1017798.0
Slovenia,SVN,2021,997000.0
Slovenia,SVN,2020,945007.0
Slovenia,SVN,2019,959000.0
Slovenia,SVN,2018,988499.0
Slovenia,SVN,2017,911528.0
Slovenia,SVN,2016,844000.0
Slovenia,SVN,2015,790736.0
Slovenia,SVN,2014,647033.0
Slovenia,SVN,2013,600441.0
Solomon Islands,SLB,2025,
Solomon Islands,SLB,2024,
Solomon Islands,SLB,2023,
Solomon Islands,SLB,2022,
Solomon Islands,SLB,2021,
Solomon Islands,SLB,2020,
Solomon Islands,SLB,2019,128035.7
Solomon Islands,SLB,2018,174614.2
Solomon Islands,SLB,2017,180838.4
Solomon Islands,SLB,2016,181636.1
Solomon Islands,SLB,2015,195524.2
Solomon Islands,SLB,2014,203915.3
Solomon Islands,SLB,2013,143879.5
"Somalia, Fed. Rep.",SOM,2025,
"Somalia, Fed. Rep.",SOM,2024,
"Somalia, Fed. Rep.",SOM,2023,
"Somalia, Fed. Rep.",SOM,2022,
"Somalia, Fed. Rep.",SOM,2021,
"Somalia, Fed. Rep.",SOM,2020,
"Somalia, Fed. Rep.",SOM,2019,92238.0
"Somalia, Fed. Rep.",SOM,2018,115339.8
"Somalia, Fed. Rep.",SOM,2017,126312.9
"Somalia, Fed. Rep.",SOM,2016,104800.4
"Somalia, Fed. Rep.",SOM,2015,77094.9
"Somalia, Fed. Rep.",SOM,2014,65622.57
"Somalia, Fed. Rep.",SOM,2013,37679.92
South Africa,ZAF,2025,
South Africa,ZAF,2024,4303682.0
South Africa,ZAF,2023,4123821.0
South Africa,ZAF,2022,4053350.0
South Africa,ZAF,2021,4415223.0
South Africa,ZAF,2020,4075618.0
South Africa,ZAF,2019,4529034.0
South Africa,ZAF,2018,4892423.0
South Africa,ZAF,2017,4563618.0
South Africa,ZAF,2016,4354666.0
South Africa,ZAF,2015,4662479.0
South Africa,ZAF,2014,4588327.0
South Africa,ZAF,2013,4693942.0
South Sudan,SSD,2025,
South Sudan,SSD,2024,
South Sudan,SSD,2023,
South Sudan,SSD,2022,
South Sudan,SSD,2021,
South Sudan,SSD,2020,
South Sudan,SSD,2019,
South Sudan,SSD,2018,
South Sudan,SSD,2017,
South Sudan,SSD,2016,
South Sudan,SSD,2015,
South Sudan,SSD,2014,
South Sudan,SSD,2013,
Spain,ESP,2025,
Spain,ESP,2024,18114517.0
Spain,ESP,2023,16380201.0
Spain,ESP,2022,17161676.0
Spain,ESP,2021,17712459.0
Spain,ESP,2020,16745921.0
Spain,ESP,2019,17464920.0
Spain,ESP,2018,17165709.0
Spain,ESP,2017,15929902.0
Spain,ESP,2016,15073218.0
Spain,ESP,2015,14288388.0
Spain,ESP,2014,14205033.0
Spain,ESP,2013,13903835.0
Sri Lanka,LKA,2025,
Sri Lanka,LKA,2024,7782776.0
Sri Lanka,LKA,2023,6940000.0
Sri Lanka,LKA,2022,6860000.0
Sri Lanka,LKA,2021,7250000.0
Sri Lanka,LKA,2020,6850000.0
Sri Lanka,LKA,2019,7230000.0
Sri Lanka,LKA,2018,7000000.0
Sri Lanka,LKA,2017,6200000.0
Sri Lanka,LKA,2016,5734000.0
Sri Lanka,LKA,2015,5185000.0
Sri Lanka,LKA,2014,4907901.0
Sri Lanka,LKA,2013,4306206.0
St. Kitts and Nevis,KNA,2025,
St. Kitts and Nevis,KNA,2024,
St. Kitts and Nevis,KNA,2023,
St. Kitts and Nevis,KNA,2022,
St. Kitts and Nevis,KNA,2021,
St. Kitts and Nevis,KNA,2020,13560.375
St. Kitts and Nevis,KNA,2019,13629.25
St. Kitts and Nevis,KNA,2018,13491.5
St. Kitts and Nevis,KNA,2017,13767.0
St. Kitts and Nevis,KNA,2016,13216.0
St. Kitts and Nevis,KNA,2015,13511.0
St. Kitts and Nevis,KNA,2014,12909.0
St. Kitts and Nevis,KNA,2013,3064.0
St. Lucia,LCA,2025,
St. Lucia,LCA,2024,
St. Lucia,LCA,2023,37054.0
St. Lucia,LCA,2022,38973.0
St. Lucia,LCA,2021,35538.0
St. Lucia,LCA,2020,35721.0
St. Lucia,LCA,2019,39238.0
St. Lucia,LCA,2018,33657.0
St. Lucia,LCA,2017,29706.0
St. Lucia,LCA,2016,38383.0
St. Lucia,LCA,2015,46585.0
St. Lucia,LCA,2014,41521.0
St. Lucia,LCA,2013,64415.0
St. Martin (French part),MAF,2025,
St. Martin (French part),MAF,2024,
St. Martin (French part),MAF,2023,
St. Martin (French part),MAF,2022,
St. Martin (French part),MAF,2021,
St. Martin (French part),MAF,2020,
St. Martin (French part),MAF,2019,
St. Martin (French part),MAF,2018,
St. Martin (French part),MAF,2017,
St. Martin (French part),MAF,2016,
St. Martin (French part),MAF,2015,
St. Martin (French part),MAF,2014,
St. Martin (French part),MAF,2013,
St. Vincent and the Grenadines,VCT,2025,
St. Vincent and the Grenadines,VCT,2024,24416.0
St. Vincent and the Grenadines,VCT,2023,20299.0
St. Vincent and the Grenadines,VCT,2022,23830.0
St. Vincent and the Grenadines,VCT,2021,21000.0
St. Vincent and the Grenadines,VCT,2020,18446.0
St. Vincent and the Grenadines,VCT,2019,18222.0
St. Vincent and the Grenadines,VCT,2018,18107.0
St. Vincent and the Grenadines,VCT,2017,17502.0
St. Vincent and the Grenadines,VCT,2016,18236.0
St. Vincent and the Grenadines,VCT,2015,16342.0
St. Vincent and the Grenadines,VCT,2014,16737.0
St. Vincent and the Grenadines,VCT,2013,16826.0
Sudan,SDN,2025,
Sudan,SDN,2024,
Sudan,SDN,2023,
Sudan,SDN,2022,
Sudan,SDN,2021,320274.0
Sudan,SDN,2020,396267.0
Sudan,SDN,2019,422597.0
Sudan,SDN,2018,451712.0
Sudan,SDN,2017,487336.0
Sudan,SDN,2016,465355.0
Sudan,SDN,2015,481815.0
Sudan,SDN,2014,434445.0
Sudan,SDN,2013,447495.0
Suriname,SUR,2025,
Suriname,SUR,2024,105949.0
Suriname,SUR,2023,104511.0
Suriname,SUR,2022,103874.0
Suriname,SUR,2021,109600.0
Suriname,SUR,2020,106002.0
Suriname,SUR,2019,109200.0
Suriname,SUR,2018,110000.0
Suriname,SUR,2017,112318.0
Suriname,SUR,2016,98652.0
Suriname,SUR,2015,106014.0
Suriname,SUR,2014,108703.0
Suriname,SUR,2013,108020.0
Sweden,SWE,2025,
Sweden,SWE,2024,1640487.0
Sweden,SWE,2023,1598378.0
Sweden,SWE,2022,1631248.0
Sweden,SWE,2021,1635183.0
Sweden,SWE,2020,1612953.0
Sweden,SWE,2019,1623363.0
Sweden,SWE,2018,1600175.0
Sweden,SWE,2017,1557281.0
Sweden,SWE,2016,1509886.0
Sweden,SWE,2015,1457679.0
Sweden,SWE,2014,1471086.0
Sweden,SWE,2013,1455537.0
Switzerland,CHE,2025,
Switzerland,CHE,2024,
Switzerland,CHE,2023,
Switzerland,CHE,2022,
Switzerland,CHE,2021,
Switzerland,CHE,2020,114075.0
Switzerland,CHE,2019,121366.0
Switzerland,CHE,2018,119133.0
Switzerland,CHE,2017,119231.0
Switzerland,CHE,2016,114498.0
Switzerland,CHE,2015,102916.0
Switzerland,CHE,2014,104482.0
Switzerland,CHE,2013,104945.0
Syrian Arab Republic,SYR,2025,
Syrian Arab Republic,SYR,2024,
Syrian Arab Republic,SYR,2023,
Syrian Arab Republic,SYR,2022,
Syrian Arab Republic,SYR,2021,
Syrian Arab Republic,SYR,2020,243348.0
Syrian Arab Republic,SYR,2019,325097.0
Syrian Arab Republic,SYR,2018,332532.0
Syrian Arab Republic,SYR,2017,291958.0
Syrian Arab Republic,SYR,2016,253415.0
Syrian Arab Republic,SYR,2015,236088.0
Syrian Arab Republic,SYR,2014,254520.0
Syrian Arab Republic,SYR,2013,194179.0
Tajikistan,TJK,2025,
Tajikistan,TJK,2024,
Tajikistan,TJK,2023,
Tajikistan,TJK,2022,
Tajikistan,TJK,2021,
Tajikistan,TJK,2020,
Tajikistan,TJK,2019,
Tajikistan,TJK,2018,
Tajikistan,TJK,2017,
Tajikistan,TJK,2016,
Tajikistan,TJK,2015,
Tajikistan,TJK,2014,
Tajikistan,TJK,2013,
Tanzania,TZA,2025,
Tanzania,TZA,2024,985000.0
Tanzania,TZA,2023,
Tanzania,TZA,2022,700000.0
Tanzania,TZA,2021,700000.0
Tanzania,TZA,2020,709881.0
Tanzania,TZA,2019,726431.0
Tanzania,TZA,2018,705231.0
Tanzania,TZA,2017,617266.0
Tanzania,TZA,2016,630290.0
Tanzania,TZA,2015,639230.0
Tanzania,TZA,2014,612551.0
Tanzania,TZA,2013,553940.0
Thailand,THA,2025,
Thailand,THA,2024,11432626.0
Thailand,THA,2023,10313980.0
Thailand,THA,2022,10497112.0
Thailand,THA,2021,10436689.0
Thailand,THA,2020,9568488.0
Thailand,THA,2019,10130294.0
Thailand,THA,2018,10371645.0
Thailand,THA,2017,9938881.0
Thailand,THA,2016,9340560.0
Thailand,THA,2015,8883542.0
Thailand,THA,2014,8664572.0
Thailand,THA,2013,8067988.0
Timor-Leste,TLS,2025,
Timor-Leste,TLS,2024,
Timor-Leste,TLS,2023,
Timor-Leste,TLS,2022,
Timor-Leste,TLS,2021,
Timor-Leste,TLS,2020,
Timor-Leste,TLS,2019,53289.0
Timor-Leste,TLS,2018,47574.0
Timor-Leste,TLS,2017,59004.0
Timor-Leste,TLS,2016,49177.0
Timor-Leste,TLS,2015,49427.0
Timor-Leste,TLS,2014,51822.0
Timor-Leste,TLS,2013,41845.0
Togo,TGO,2025,
Togo,TGO,2024,2006435.0
Togo,TGO,2023,1907439.0
Togo,TGO,2022,1952879.0
Togo,TGO,2021,1986131.0
Togo,TGO,2020,1725270.0
Togo,TGO,2019,1500611.0
Togo,TGO,2018,1395730.0
Togo,TGO,2017,1193841.0
Togo,TGO,2016,821639.0
Togo,TGO,2015,905700.0
Togo,TGO,2014,380798.0
Togo,TGO,2013,311470.0
Tonga,TON,2025,
Tonga,TON,2024,
Tonga,TON,2023,
Tonga,TON,2022,
Tonga,TON,2021,
Tonga,TON,2020,
Tonga,TON,2019,76853.95
Tonga,TON,2018,105190.3
Tonga,TON,2017,107381.3
Tonga,TON,2016,84702.43
Tonga,TON,2015,50407.52
Tonga,TON,2014,69196.45
Tonga,TON,2013,74744.59
Trinidad and Tobago,TTO,2025,
Trinidad and Tobago,TTO,2024,
Trinidad and Tobago,TTO,2023,545177.0
Trinidad and Tobago,TTO,2022,498544.0
Trinidad and Tobago,TTO,2021,410393.0
Trinidad and Tobago,TTO,2020,406778.0
Trinidad and Tobago,TTO,2019,446232.0
Trinidad and Tobago,TTO,2018,438703.0
Trinidad and Tobago,TTO,2017,414657.0
Trinidad and Tobago,TTO,2016,427427.0
Trinidad and Tobago,TTO,2015,520825.0
Trinidad and Tobago,TTO,2014,593264.0
Trinidad and Tobago,TTO,2013,574119.0
Tunisia,TUN,2025,
Tunisia,TUN,2024,491955.0
Tunisia,TUN,2023,444714.0
Tunisia,TUN,2022,431420.0
Tunisia,TUN,2021,469658.0
Tunisia,TUN,2020,483178.0
Tunisia,TUN,2019,474222.0
Tunisia,TUN,2018,493366.0
Tunisia,TUN,2017,480619.0
Tunisia,TUN,2016,489670.0
Tunisia,TUN,2015,471248.0
Tunisia,TUN,2014,466412.0
Tunisia,TUN,2013,435718.0
Turkiye,TUR,2025,
Turkiye,TUR,2024,13507070.0
Turkiye,TUR,2023,12554581.0
Turkiye,TUR,2022,12366172.0
Turkiye,TUR,2021,12591327.0
Turkiye,TUR,2020,11626578.0
Turkiye,TUR,2019,11591414.0
Turkiye,TUR,2018,10801305.0
Turkiye,TUR,2017,10001342.0
Turkiye,TUR,2016,8760769.0
Turkiye,TUR,2015,8143635.0
Turkiye,TUR,2014,8351069.0
Turkiye,TUR,2013,7977820.0
Turkmenistan,TKM,2025,
Turkmenistan,TKM,2024,
Turkmenistan,TKM,2023,
Turkmenistan,TKM,2022,
Turkmenistan,TKM,2021,
Turkmenistan,TKM,2020,
Turkmenistan,TKM,2019,
Turkmenistan,TKM,2018,
Turkmenistan,TKM,2017,
Turkmenistan,TKM,2016,
Turkmenistan,TKM,2015,
Turkmenistan,TKM,2014,
Turkmenistan,TKM,2013,
Turks and Caicos Islands,TCA,2025,
Turks and Caicos Islands,TCA,2024,
Turks and Caicos Islands,TCA,2023,
Turks and Caicos Islands,TCA,2022,
Turks and Caicos Islands,TCA,2021,
Turks and Caicos Islands,TCA,2020,
Turks and Caicos Islands,TCA,2019,
Turks and Caicos Islands,TCA,2018,
Turks and Caicos Islands,TCA,2017,
Turks and Caicos Islands,TCA,2016,
Turks and Caicos Islands,TCA,2015,
Turks and Caicos Islands,TCA,2014,
Turks and Caicos Islands,TCA,2013,
Tuvalu,TUV,2025,
Tuvalu,TUV,2024,
Tuvalu,TUV,2023,
Tuvalu,TUV,2022,
Tuvalu,TUV,2021,
Tuvalu,TUV,2020,
Tuvalu,TUV,2019,5150.0
Tuvalu,TUV,2018,6188.291
Tuvalu,TUV,2017,6499.85
Tuvalu,TUV,2016,15844.34
Tuvalu,TUV,2015,13766.17
Tuvalu,TUV,2014,13766.17
Tuvalu,TUV,2013,24770.21
Uganda,UGA,2025,
Uganda,UGA,2024,
Uganda,UGA,2023,
Uganda,UGA,2022,
Uganda,UGA,2021,
Uganda,UGA,2020,
Uganda,UGA,2019,
Uganda,UGA,2018,
Uganda,UGA,2017,
Uganda,UGA,2016,
Uganda,UGA,2015,
Uganda,UGA,2014,
Uganda,UGA,2013,
Ukraine,UKR,2025,
Ukraine,UKR,2024,
Ukraine,UKR,2023,
Ukraine,UKR,2022,
Ukraine,UKR,2021,1022376.0
Ukraine,UKR,2020,1048691.0
Ukraine,UKR,2019,1007273.0
Ukraine,UKR,2018,845152.0
Ukraine,UKR,2017,723575.0
Ukraine,UKR,2016,680623.0
Ukraine,UKR,2015,480837.0
Ukraine,UKR,2014,670342.0
Ukraine,UKR,2013,787881.0
United Arab Emirates,ARE,2025,
United Arab Emirates,ARE,2024,23466906.0
United Arab Emirates,ARE,2023,21531172.0
United Arab Emirates,ARE,2022,20391675.0
United Arab Emirates,ARE,2021,19236164.0
United Arab Emirates,ARE,2020,18720000.0
United Arab Emirates,ARE,2019,18802000.0
United Arab Emirates,ARE,2018,18696000.0
United Arab Emirates,ARE,2017,19089706.0
United Arab Emirates,ARE,2016,20652200.0
United Arab Emirates,ARE,2015,21238293.0
United Arab Emirates,ARE,2014,20186679.0
United Arab Emirates,ARE,2013,18657222.0
United Kingdom,GBR,2025,
United Kingdom,GBR,2024,9621469.0
United Kingdom,GBR,2023,9090140.0
United Kingdom,GBR,2022,9749676.0
United Kingdom,GBR,2021,10290181.0
United Kingdom,GBR,2020,9732000.0
United Kingdom,GBR,2019,10508000.0
United Kingdom,GBR,2018,10315140.0
United Kingdom,GBR,2017,10239674.0
United Kingdom,GBR,2016,10200229.0
United Kingdom,GBR,2015,9760060.0
United Kingdom,GBR,2014,9509757.0
United Kingdom,GBR,2013,8248439.0
United States,USA,2025,
United States,USA,2024,59707490.0
United States,USA,2023,54618858.0
United States,USA,2022,61191458.0
United States,USA,2021,60874671.0
United States,USA,2020,53059014.0
United States,USA,2019,54236516.0
United States,USA,2018,52994177.0
United States,USA,2017,50196165.0
United States,USA,2016,46940227.0
United States,USA,2015,46496985.0
United States,USA,2014,44635035.0
United States,USA,2013,42842995.0
Uruguay,URY,2025,
Uruguay,URY,2024,1115000.0
Uruguay,URY,2023,1120000.0
Uruguay,URY,2022,1080445.0
Uruguay,URY,2021,977922.0
Uruguay,URY,2020,764797.0
Uruguay,URY,2019,749562.0
Uruguay,URY,2018,797874.0
Uruguay,URY,2017,939427.0
Uruguay,URY,2016,888119.0
Uruguay,URY,2015,811297.0
Uruguay,URY,2014,775651.0
Uruguay,URY,2013,826962.0
Uzbekistan,UZB,2025,
Uzbekistan,UZB,2024,
Uzbekistan,UZB,2023,
Uzbekistan,UZB,2022,
Uzbekistan,UZB,2021,
Uzbekistan,UZB,2020,
Uzbekistan,UZB,2019,
Uzbekistan,UZB,2018,
Uzbekistan,UZB,2017,
Uzbekistan,UZB,2016,
Uzbekistan,UZB,2015,
Uzbekistan,UZB,2014,
Uzbekistan,UZB,2013,
Vanuatu,VUT,2025,
Vanuatu,VUT,2024,
Vanuatu,VUT,2023,
Vanuatu,VUT,2022,
Vanuatu,VUT,2021,
Vanuatu,VUT,2020,
Vanuatu,VUT,2019,77435.86
Vanuatu,VUT,2018,106680.4
Vanuatu,VUT,2017,114552.6
Vanuatu,VUT,2016,115886.9
Vanuatu,VUT,2015,120491.6
Vanuatu,VUT,2014,141788.1
Vanuatu,VUT,2013,122539.9
"Venezuela, RB",VEN,2025,
"Venezuela, RB",VEN,2024,
"Venezuela, RB",VEN,2023,
"Venezuela, RB",VEN,2022,
"Venezuela, RB",VEN,2021,221801.0
"Venezuela, RB",VEN,2020,344116.0
"Venezuela, RB",VEN,2019,317850.0
"Venezuela, RB",VEN,2018,592374.0
"Venezuela, RB",VEN,2017,354540.0
"Venezuela, RB",VEN,2016,400962.0
"Venezuela, RB",VEN,2015,734185.0
"Venezuela, RB",VEN,2014,933380.0
"Venezuela, RB",VEN,2013,1441673.0
Viet Nam,VNM,2025,
Viet Nam,VNM,2024,24423183.0
Viet Nam,VNM,2023,21069746.0
Viet Nam,VNM,2022,20519284.0
Viet Nam,VNM,2021,19821048.0
Viet Nam,VNM,2020,16394723.0
Viet Nam,VNM,2019,15297028.0
Viet Nam,VNM,2018,13394390.0
Viet Nam,VNM,2017,12382524.0
Viet Nam,VNM,2016,11282230.0
Viet Nam,VNM,2015,10615391.0
Viet Nam,VNM,2014,9473429.0
Viet Nam,VNM,2013,8035812.0
Virgin Islands (U.S.),VIR,2025,
Virgin Islands (U.S.),VIR,2024,
Virgin Islands (U.S.),VIR,2023,
Virgin Islands (U.S.),VIR,2022,
Virgin Islands (U.S.),VIR,2021,
Virgin Islands (U.S.),VIR,2020,
Virgin Islands (U.S.),VIR,2019,
Virgin Islands (U.S.),VIR,2018,
Virgin Islands (U.S.),VIR,2017,
Virgin Islands (U.S.),VIR,2016,
Virgin Islands (U.S.),VIR,2015,
Virgin Islands (U.S.),VIR,2014,
Virgin Islands (U.S.),VIR,2013,
West Bank and Gaza,PSE,2025,
West Bank and Gaza,PSE,2024,
West Bank and Gaza,PSE,2023,
West Bank and Gaza,PSE,2022,
West Bank and Gaza,PSE,2021,
West Bank and Gaza,PSE,2020,
West Bank and Gaza,PSE,2019,
West Bank and Gaza,PSE,2018,
West Bank and Gaza,PSE,2017,
West Bank and Gaza,PSE,2016,
West Bank and Gaza,PSE,2015,
West Bank and Gaza,PSE,2014,
West Bank and Gaza,PSE,2013,
"Yemen, Rep.",YEM,2025,
"Yemen, Rep.",YEM,2024,380000.0
"Yemen, Rep.",YEM,2023,
"Yemen, Rep.",YEM,2022,368498.0
"Yemen, Rep.",YEM,2021,418711.0
"Yemen, Rep.",YEM,2020,423393.0
"Yemen, Rep.",YEM,2019,464923.0
"Yemen, Rep.",YEM,2018,398999.0
"Yemen, Rep.",YEM,2017,334693.0
"Yemen, Rep.",YEM,2016,268208.0
"Yemen, Rep.",YEM,2015,178098.0
"Yemen, Rep.",YEM,2014,296035.0
"Yemen, Rep.",YEM,2013,290011.0
Zambia,ZMB,2025,
Zambia,ZMB,2024,
Zambia,ZMB,2023,
Zambia,ZMB,2022,
Zambia,ZMB,2021,
Zambia,ZMB,2020,
Zambia,ZMB,2019,
Zambia,ZMB,2018,
Zambia,ZMB,2017,
Zambia,ZMB,2016,
Zambia,ZMB,2015,
Zambia,ZMB,2014,
Zambia,ZMB,2013,
Zimbabwe,ZWE,2025,
Zimbabwe,ZWE,2024,
Zimbabwe,ZWE,2023,
Zimbabwe,ZWE,2022,
Zimbabwe,ZWE,2021,
Zimbabwe,ZWE,2020,
Zimbabwe,ZWE,2019,
Zimbabwe,ZWE,2018,
Zimbabwe,ZWE,2017,
Zimbabwe,ZWE,2016,
Zimbabwe,ZWE,2015,
Zimbabwe,ZWE,2014,
Zimbabwe,ZWE,2013,
