country_name,iso3,year,logistics_performance_index_customs
Africa Eastern and Southern,AFE,2025,
Africa Eastern and Southern,AFE,2024,
Africa Eastern and Southern,AFE,2023,
Africa Eastern and Southern,AFE,2022,2.32727272727273
Africa Eastern and Southern,AFE,2021,
Africa Eastern and Southern,AFE,2020,
Africa Eastern and Southern,AFE,2019,
Africa Eastern and Southern,AFE,2018,2.35111111111111
Africa Eastern and Southern,AFE,2017,
Africa Eastern and Southern,AFE,2016,2.43592966666667
Africa Eastern and Southern,AFE,2015,
Africa Eastern and Southern,AFE,2014,2.28828313636364
Africa Eastern and Southern,AFE,2013,
Africa Western and Central,AFW,2025,
Africa Western and Central,AFW,2024,
Africa Western and Central,AFW,2023,
Africa Western and Central,AFW,2022,2.30666666666667
Africa Western and Central,AFW,2021,
Africa Western and Central,AFW,2020,
Africa Western and Central,AFW,2019,
Africa Western and Central,AFW,2018,2.19190476190476
Africa Western and Central,AFW,2017,
Africa Western and Central,AFW,2016,2.27004347368421
Africa Western and Central,AFW,2015,
Africa Western and Central,AFW,2014,2.2637115
Africa Western and Central,AFW,2013,
Arab World,ARB,2025,
Arab World,ARB,2024,
Arab World,ARB,2023,
Arab World,ARB,2022,2.5375
Arab World,ARB,2021,
Arab World,ARB,2020,
Arab World,ARB,2019,
Arab World,ARB,2018,2.43761904761905
Arab World,ARB,2017,
Arab World,ARB,2016,2.45373625
Arab World,ARB,2015,
Arab World,ARB,2014,2.4617355
Arab World,ARB,2013,
Caribbean small states,CSS,2025,
Caribbean small states,CSS,2024,
Caribbean small states,CSS,2023,
Caribbean small states,CSS,2022,2.4
Caribbean small states,CSS,2021,
Caribbean small states,CSS,2020,
Caribbean small states,CSS,2019,
Caribbean small states,CSS,2018,2.55
Caribbean small states,CSS,2017,
Caribbean small states,CSS,2016,2.47629
Caribbean small states,CSS,2015,
Caribbean small states,CSS,2014,2.72966
Caribbean small states,CSS,2013,
Central Europe and the Baltics,CEB,2025,
Central Europe and the Baltics,CEB,2024,
Central Europe and the Baltics,CEB,2023,
Central Europe and the Baltics,CEB,2022,3.10909090909091
Central Europe and the Baltics,CEB,2021,
Central Europe and the Baltics,CEB,2020,
Central Europe and the Baltics,CEB,2019,
Central Europe and the Baltics,CEB,2018,3.05181818181818
Central Europe and the Baltics,CEB,2017,
Central Europe and the Baltics,CEB,2016,3.13055354545455
Central Europe and the Baltics,CEB,2015,
Central Europe and the Baltics,CEB,2014,3.05980690909091
Central Europe and the Baltics,CEB,2013,
Early-demographic dividend,EAR,2025,
Early-demographic dividend,EAR,2024,
Early-demographic dividend,EAR,2023,
Early-demographic dividend,EAR,2022,2.53023255813954
Early-demographic dividend,EAR,2021,
Early-demographic dividend,EAR,2020,
Early-demographic dividend,EAR,2019,
Early-demographic dividend,EAR,2018,2.41765957446808
Early-demographic dividend,EAR,2017,
Early-demographic dividend,EAR,2016,2.47334982
Early-demographic dividend,EAR,2015,
Early-demographic dividend,EAR,2014,2.51560164
Early-demographic dividend,EAR,2013,
East Asia & Pacific,EAS,2025,
East Asia & Pacific,EAS,2024,
East Asia & Pacific,EAS,2023,
East Asia & Pacific,EAS,2022,3.11052631578947
East Asia & Pacific,EAS,2021,
East Asia & Pacific,EAS,2020,
East Asia & Pacific,EAS,2019,
East Asia & Pacific,EAS,2018,3.0052380952381
East Asia & Pacific,EAS,2017,
East Asia & Pacific,EAS,2016,2.97903957142857
East Asia & Pacific,EAS,2015,
East Asia & Pacific,EAS,2014,3.0670525
East Asia & Pacific,EAS,2013,
East Asia & Pacific (excluding high income),EAP,2025,
East Asia & Pacific (excluding high income),EAP,2024,
East Asia & Pacific (excluding high income),EAP,2023,
East Asia & Pacific (excluding high income),EAP,2022,2.725
East Asia & Pacific (excluding high income),EAP,2021,
East Asia & Pacific (excluding high income),EAP,2020,
East Asia & Pacific (excluding high income),EAP,2019,
East Asia & Pacific (excluding high income),EAP,2018,2.64230769230769
East Asia & Pacific (excluding high income),EAP,2017,
East Asia & Pacific (excluding high income),EAP,2016,2.64641130769231
East Asia & Pacific (excluding high income),EAP,2015,
East Asia & Pacific (excluding high income),EAP,2014,2.69489884615385
East Asia & Pacific (excluding high income),EAP,2013,
East Asia & Pacific (IDA & IBRD countries),TEA,2025,
East Asia & Pacific (IDA & IBRD countries),TEA,2024,
East Asia & Pacific (IDA & IBRD countries),TEA,2023,
East Asia & Pacific (IDA & IBRD countries),TEA,2022,2.725
East Asia & Pacific (IDA & IBRD countries),TEA,2021,
East Asia & Pacific (IDA & IBRD countries),TEA,2020,
East Asia & Pacific (IDA & IBRD countries),TEA,2019,
East Asia & Pacific (IDA & IBRD countries),TEA,2018,2.64230769230769
East Asia & Pacific (IDA & IBRD countries),TEA,2017,
East Asia & Pacific (IDA & IBRD countries),TEA,2016,2.64641130769231
East Asia & Pacific (IDA & IBRD countries),TEA,2015,
East Asia & Pacific (IDA & IBRD countries),TEA,2014,2.69489884615385
East Asia & Pacific (IDA & IBRD countries),TEA,2013,
Euro area,EMU,2025,
Euro area,EMU,2024,
Euro area,EMU,2023,
Euro area,EMU,2022,3.43809523809524
Euro area,EMU,2021,
Euro area,EMU,2020,
Euro area,EMU,2019,
Euro area,EMU,2018,3.31571428571429
Euro area,EMU,2017,
Euro area,EMU,2016,3.40867042857143
Euro area,EMU,2015,
Euro area,EMU,2014,3.39997690476191
Euro area,EMU,2013,
Europe & Central Asia,ECS,2025,
Europe & Central Asia,ECS,2024,
Europe & Central Asia,ECS,2023,
Europe & Central Asia,ECS,2022,3.12608695652174
Europe & Central Asia,ECS,2021,
Europe & Central Asia,ECS,2020,
Europe & Central Asia,ECS,2019,
Europe & Central Asia,ECS,2018,3.03489361702128
Europe & Central Asia,ECS,2017,
Europe & Central Asia,ECS,2016,3.0326664893617
Europe & Central Asia,ECS,2015,
Europe & Central Asia,ECS,2014,3.08767044680851
Europe & Central Asia,ECS,2013,
Europe & Central Asia (excluding high income),ECA,2025,
Europe & Central Asia (excluding high income),ECA,2024,
Europe & Central Asia (excluding high income),ECA,2023,
Europe & Central Asia (excluding high income),ECA,2022,2.50666666666667
Europe & Central Asia (excluding high income),ECA,2021,
Europe & Central Asia (excluding high income),ECA,2020,
Europe & Central Asia (excluding high income),ECA,2019,
Europe & Central Asia (excluding high income),ECA,2018,2.4475
Europe & Central Asia (excluding high income),ECA,2017,
Europe & Central Asia (excluding high income),ECA,2016,2.2855611875
Europe & Central Asia (excluding high income),ECA,2015,
Europe & Central Asia (excluding high income),ECA,2014,2.442532375
Europe & Central Asia (excluding high income),ECA,2013,
Europe & Central Asia (IDA & IBRD countries),TEC,2025,
Europe & Central Asia (IDA & IBRD countries),TEC,2024,
Europe & Central Asia (IDA & IBRD countries),TEC,2023,
Europe & Central Asia (IDA & IBRD countries),TEC,2022,2.61
Europe & Central Asia (IDA & IBRD countries),TEC,2021,
Europe & Central Asia (IDA & IBRD countries),TEC,2020,
Europe & Central Asia (IDA & IBRD countries),TEC,2019,
Europe & Central Asia (IDA & IBRD countries),TEC,2018,2.53952380952381
Europe & Central Asia (IDA & IBRD countries),TEC,2017,
Europe & Central Asia (IDA & IBRD countries),TEC,2016,2.39601628571429
Europe & Central Asia (IDA & IBRD countries),TEC,2015,
Europe & Central Asia (IDA & IBRD countries),TEC,2014,2.52694514285714
Europe & Central Asia (IDA & IBRD countries),TEC,2013,
European Union,EUU,2025,
European Union,EUU,2024,
European Union,EUU,2023,
European Union,EUU,2022,3.41111111111111
European Union,EUU,2021,
European Union,EUU,2020,
European Union,EUU,2019,
European Union,EUU,2018,3.33592592592593
European Union,EUU,2017,
European Union,EUU,2016,3.41412603703704
European Union,EUU,2015,
European Union,EUU,2014,3.37910362962963
European Union,EUU,2013,
Heavily indebted poor countries (HIPC),HPC,2025,
Heavily indebted poor countries (HIPC),HPC,2024,
Heavily indebted poor countries (HIPC),HPC,2023,
Heavily indebted poor countries (HIPC),HPC,2022,2.24166666666667
Heavily indebted poor countries (HIPC),HPC,2021,
Heavily indebted poor countries (HIPC),HPC,2020,
Heavily indebted poor countries (HIPC),HPC,2019,
Heavily indebted poor countries (HIPC),HPC,2018,2.25514285714286
Heavily indebted poor countries (HIPC),HPC,2017,
Heavily indebted poor countries (HIPC),HPC,2016,2.29110394444444
Heavily indebted poor countries (HIPC),HPC,2015,
Heavily indebted poor countries (HIPC),HPC,2014,2.29991327027027
Heavily indebted poor countries (HIPC),HPC,2013,
IBRD only,IBD,2025,
IBRD only,IBD,2024,
IBRD only,IBD,2023,
IBRD only,IBD,2022,2.61481481481481
IBRD only,IBD,2021,
IBRD only,IBD,2020,
IBRD only,IBD,2019,
IBRD only,IBD,2018,2.52637931034483
IBRD only,IBD,2017,
IBRD only,IBD,2016,2.52415271186441
IBRD only,IBD,2015,
IBRD only,IBD,2014,2.6077801754386
IBRD only,IBD,2013,
IDA & IBRD total,IBT,2025,
IDA & IBRD total,IBT,2024,
IDA & IBRD total,IBT,2023,
IDA & IBRD total,IBT,2022,2.47553191489362
IDA & IBRD total,IBT,2021,
IDA & IBRD total,IBT,2020,
IDA & IBRD total,IBT,2019,
IDA & IBRD total,IBT,2018,2.40298245614035
IDA & IBRD total,IBT,2017,
IDA & IBRD total,IBT,2016,2.4091718245614
IDA & IBRD total,IBT,2015,
IDA & IBRD total,IBT,2014,2.44403794782609
IDA & IBRD total,IBT,2013,
IDA blend,IDB,2025,
IDA blend,IDB,2024,
IDA blend,IDB,2023,
IDA blend,IDB,2022,2.3625
IDA blend,IDB,2021,
IDA blend,IDB,2020,
IDA blend,IDB,2019,
IDA blend,IDB,2018,2.308
IDA blend,IDB,2017,
IDA blend,IDB,2016,2.4246304
IDA blend,IDB,2015,
IDA blend,IDB,2014,2.1327645
IDA blend,IDB,2013,
IDA only,IDX,2025,
IDA only,IDX,2024,
IDA only,IDX,2023,
IDA only,IDX,2022,2.26875
IDA only,IDX,2021,
IDA only,IDX,2020,
IDA only,IDX,2019,
IDA only,IDX,2018,2.26804347826087
IDA only,IDX,2017,
IDA only,IDX,2016,2.25498386666667
IDA only,IDX,2015,
IDA only,IDX,2014,2.3144426875
IDA only,IDX,2013,
IDA total,IDA,2025,
IDA total,IDA,2024,
IDA total,IDA,2023,
IDA total,IDA,2022,2.2875
IDA total,IDA,2021,
IDA total,IDA,2020,
IDA total,IDA,2019,
IDA total,IDA,2018,2.27517857142857
IDA total,IDA,2017,
IDA total,IDA,2016,2.28582869090909
IDA total,IDA,2015,
IDA total,IDA,2014,2.28311886206897
IDA total,IDA,2013,
Late-demographic dividend,LTE,2025,
Late-demographic dividend,LTE,2024,
Late-demographic dividend,LTE,2023,
Late-demographic dividend,LTE,2022,2.80769230769231
Late-demographic dividend,LTE,2021,
Late-demographic dividend,LTE,2020,
Late-demographic dividend,LTE,2019,
Late-demographic dividend,LTE,2018,2.71116279069767
Late-demographic dividend,LTE,2017,
Late-demographic dividend,LTE,2016,2.69919729268293
Late-demographic dividend,LTE,2015,
Late-demographic dividend,LTE,2014,2.7354224
Late-demographic dividend,LTE,2013,
Latin America & Caribbean,LCN,2025,
Latin America & Caribbean,LCN,2024,
Latin America & Caribbean,LCN,2023,
Latin America & Caribbean,LCN,2022,2.476
Latin America & Caribbean,LCN,2021,
Latin America & Caribbean,LCN,2020,
Latin America & Caribbean,LCN,2019,
Latin America & Caribbean,LCN,2018,2.47
Latin America & Caribbean,LCN,2017,
Latin America & Caribbean,LCN,2016,2.47623966666667
Latin America & Caribbean,LCN,2015,
Latin America & Caribbean,LCN,2014,2.60985969565217
Latin America & Caribbean,LCN,2013,
Latin America & Caribbean (excluding high income),LAC,2025,
Latin America & Caribbean (excluding high income),LAC,2024,
Latin America & Caribbean (excluding high income),LAC,2023,
Latin America & Caribbean (excluding high income),LAC,2022,2.4
Latin America & Caribbean (excluding high income),LAC,2021,
Latin America & Caribbean (excluding high income),LAC,2020,
Latin America & Caribbean (excluding high income),LAC,2019,
Latin America & Caribbean (excluding high income),LAC,2018,2.3675
Latin America & Caribbean (excluding high income),LAC,2017,
Latin America & Caribbean (excluding high income),LAC,2016,2.38647994117647
Latin America & Caribbean (excluding high income),LAC,2015,
Latin America & Caribbean (excluding high income),LAC,2014,2.55688152941176
Latin America & Caribbean (excluding high income),LAC,2013,
Latin America & the Caribbean (IDA & IBRD countries),TLA,2025,
Latin America & the Caribbean (IDA & IBRD countries),TLA,2024,
Latin America & the Caribbean (IDA & IBRD countries),TLA,2023,
Latin America & the Caribbean (IDA & IBRD countries),TLA,2022,2.48695652173913
Latin America & the Caribbean (IDA & IBRD countries),TLA,2021,
Latin America & the Caribbean (IDA & IBRD countries),TLA,2020,
Latin America & the Caribbean (IDA & IBRD countries),TLA,2019,
Latin America & the Caribbean (IDA & IBRD countries),TLA,2018,2.48095238095238
Latin America & the Caribbean (IDA & IBRD countries),TLA,2017,
Latin America & the Caribbean (IDA & IBRD countries),TLA,2016,2.47271827272727
Latin America & the Caribbean (IDA & IBRD countries),TLA,2015,
Latin America & the Caribbean (IDA & IBRD countries),TLA,2014,2.6120999047619
Latin America & the Caribbean (IDA & IBRD countries),TLA,2013,
Least developed countries: UN classification,LDC,2025,
Least developed countries: UN classification,LDC,2024,
Least developed countries: UN classification,LDC,2023,
Least developed countries: UN classification,LDC,2022,2.19583333333333
Least developed countries: UN classification,LDC,2021,
Least developed countries: UN classification,LDC,2020,
Least developed countries: UN classification,LDC,2019,
Least developed countries: UN classification,LDC,2018,2.22540540540541
Least developed countries: UN classification,LDC,2017,
Least developed countries: UN classification,LDC,2016,2.27898844444444
Least developed countries: UN classification,LDC,2015,
Least developed countries: UN classification,LDC,2014,2.28816278947368
Least developed countries: UN classification,LDC,2013,
Low & middle income,LMY,2025,
Low & middle income,LMY,2024,
Low & middle income,LMY,2023,
Low & middle income,LMY,2022,2.43012048192771
Low & middle income,LMY,2021,
Low & middle income,LMY,2020,
Low & middle income,LMY,2019,
Low & middle income,LMY,2018,2.36105769230769
Low & middle income,LMY,2017,
Low & middle income,LMY,2016,2.37565944230769
Low & middle income,LMY,2015,
Low & middle income,LMY,2014,2.41218794339623
Low & middle income,LMY,2013,
"Middle East, North Africa, Afghanistan & Pakistan",MEA,2025,
"Middle East, North Africa, Afghanistan & Pakistan",MEA,2024,
"Middle East, North Africa, Afghanistan & Pakistan",MEA,2023,
"Middle East, North Africa, Afghanistan & Pakistan",MEA,2022,2.70588235294118
"Middle East, North Africa, Afghanistan & Pakistan",MEA,2021,
"Middle East, North Africa, Afghanistan & Pakistan",MEA,2020,
"Middle East, North Africa, Afghanistan & Pakistan",MEA,2019,
"Middle East, North Africa, Afghanistan & Pakistan",MEA,2018,2.48727272727273
"Middle East, North Africa, Afghanistan & Pakistan",MEA,2017,
"Middle East, North Africa, Afghanistan & Pakistan",MEA,2016,2.57459661904762
"Middle East, North Africa, Afghanistan & Pakistan",MEA,2015,
"Middle East, North Africa, Afghanistan & Pakistan",MEA,2014,2.5985416
"Middle East, North Africa, Afghanistan & Pakistan",MEA,2013,
"Middle East, North Africa, Afghanistan & Pakistan (excluding high income)",MNA,2025,
"Middle East, North Africa, Afghanistan & Pakistan (excluding high income)",MNA,2024,
"Middle East, North Africa, Afghanistan & Pakistan (excluding high income)",MNA,2023,
"Middle East, North Africa, Afghanistan & Pakistan (excluding high income)",MNA,2022,2.21111111111111
"Middle East, North Africa, Afghanistan & Pakistan (excluding high income)",MNA,2021,
"Middle East, North Africa, Afghanistan & Pakistan (excluding high income)",MNA,2020,
"Middle East, North Africa, Afghanistan & Pakistan (excluding high income)",MNA,2019,
"Middle East, North Africa, Afghanistan & Pakistan (excluding high income)",MNA,2018,2.22428571428571
"Middle East, North Africa, Afghanistan & Pakistan (excluding high income)",MNA,2017,
"Middle East, North Africa, Afghanistan & Pakistan (excluding high income)",MNA,2016,2.22836976923077
"Middle East, North Africa, Afghanistan & Pakistan (excluding high income)",MNA,2015,
"Middle East, North Africa, Afghanistan & Pakistan (excluding high income)",MNA,2014,2.31394308333333
"Middle East, North Africa, Afghanistan & Pakistan (excluding high income)",MNA,2013,
"Middle East, North Africa, Afghanistan & Pakistan (IDA & IBRD)",TMN,2025,
"Middle East, North Africa, Afghanistan & Pakistan (IDA & IBRD)",TMN,2024,
"Middle East, North Africa, Afghanistan & Pakistan (IDA & IBRD)",TMN,2023,
"Middle East, North Africa, Afghanistan & Pakistan (IDA & IBRD)",TMN,2022,2.21111111111111
"Middle East, North Africa, Afghanistan & Pakistan (IDA & IBRD)",TMN,2021,
"Middle East, North Africa, Afghanistan & Pakistan (IDA & IBRD)",TMN,2020,
"Middle East, North Africa, Afghanistan & Pakistan (IDA & IBRD)",TMN,2019,
"Middle East, North Africa, Afghanistan & Pakistan (IDA & IBRD)",TMN,2018,2.22428571428571
"Middle East, North Africa, Afghanistan & Pakistan (IDA & IBRD)",TMN,2017,
"Middle East, North Africa, Afghanistan & Pakistan (IDA & IBRD)",TMN,2016,2.22836976923077
"Middle East, North Africa, Afghanistan & Pakistan (IDA & IBRD)",TMN,2015,
"Middle East, North Africa, Afghanistan & Pakistan (IDA & IBRD)",TMN,2014,2.31394308333333
"Middle East, North Africa, Afghanistan & Pakistan (IDA & IBRD)",TMN,2013,
Middle income,MIC,2025,
Middle income,MIC,2024,
Middle income,MIC,2023,
Middle income,MIC,2022,2.49130434782609
Middle income,MIC,2021,
Middle income,MIC,2020,
Middle income,MIC,2019,
Middle income,MIC,2018,2.41807228915663
Middle income,MIC,2017,
Middle income,MIC,2016,2.40905298823529
Middle income,MIC,2015,
Middle income,MIC,2014,2.45417549411765
Middle income,MIC,2013,
North America,NAC,2025,
North America,NAC,2024,
North America,NAC,2023,
North America,NAC,2022,3.85
North America,NAC,2021,
North America,NAC,2020,
North America,NAC,2019,
North America,NAC,2018,3.69
North America,NAC,2017,
North America,NAC,2016,3.8522785
North America,NAC,2015,
North America,NAC,2014,3.668273
North America,NAC,2013,
OECD members,OED,2025,
OECD members,OED,2024,
OECD members,OED,2023,
OECD members,OED,2022,3.47105263157895
OECD members,OED,2021,
OECD members,OED,2020,
OECD members,OED,2019,
OECD members,OED,2018,3.39921052631579
OECD members,OED,2017,
OECD members,OED,2016,3.45757744736842
OECD members,OED,2015,
OECD members,OED,2014,3.47285686842105
OECD members,OED,2013,
Other small states,OSS,2025,
Other small states,OSS,2024,
Other small states,OSS,2023,
Other small states,OSS,2022,2.9375
Other small states,OSS,2021,
Other small states,OSS,2020,
Other small states,OSS,2019,
Other small states,OSS,2018,2.66166666666667
Other small states,OSS,2017,
Other small states,OSS,2016,2.66120063636364
Other small states,OSS,2015,
Other small states,OSS,2014,2.73939390909091
Other small states,OSS,2013,
Pacific island small states,PSS,2025,
Pacific island small states,PSS,2024,
Pacific island small states,PSS,2023,
Pacific island small states,PSS,2022,2.35
Pacific island small states,PSS,2021,
Pacific island small states,PSS,2020,
Pacific island small states,PSS,2019,
Pacific island small states,PSS,2018,2.59
Pacific island small states,PSS,2017,
Pacific island small states,PSS,2016,2.4659215
Pacific island small states,PSS,2015,
Pacific island small states,PSS,2014,2.4463385
Pacific island small states,PSS,2013,
Post-demographic dividend,PST,2025,
Post-demographic dividend,PST,2024,
Post-demographic dividend,PST,2023,
Post-demographic dividend,PST,2022,3.44166666666667
Post-demographic dividend,PST,2021,
Post-demographic dividend,PST,2020,
Post-demographic dividend,PST,2019,
Post-demographic dividend,PST,2018,3.41114285714286
Post-demographic dividend,PST,2017,
Post-demographic dividend,PST,2016,3.43543502857143
Post-demographic dividend,PST,2015,
Post-demographic dividend,PST,2014,3.45420388571428
Post-demographic dividend,PST,2013,
Pre-demographic dividend,PRE,2025,
Pre-demographic dividend,PRE,2024,
Pre-demographic dividend,PRE,2023,
Pre-demographic dividend,PRE,2022,2.175
Pre-demographic dividend,PRE,2021,
Pre-demographic dividend,PRE,2020,
Pre-demographic dividend,PRE,2019,
Pre-demographic dividend,PRE,2018,2.17878787878788
Pre-demographic dividend,PRE,2017,
Pre-demographic dividend,PRE,2016,2.2751925625
Pre-demographic dividend,PRE,2015,
Pre-demographic dividend,PRE,2014,2.24485775757576
Pre-demographic dividend,PRE,2013,
Small states,SST,2025,
Small states,SST,2024,
Small states,SST,2023,
Small states,SST,2022,2.68
Small states,SST,2021,
Small states,SST,2020,
Small states,SST,2019,
Small states,SST,2018,2.63352941176471
Small states,SST,2017,
Small states,SST,2016,2.60212
Small states,SST,2015,
Small states,SST,2014,2.699022
Small states,SST,2013,
South Asia,SAS,2025,
South Asia,SAS,2024,
South Asia,SAS,2023,
South Asia,SAS,2022,2.625
South Asia,SAS,2021,
South Asia,SAS,2020,
South Asia,SAS,2019,
South Asia,SAS,2018,2.445
South Asia,SAS,2017,
South Asia,SAS,2016,2.4543882
South Asia,SAS,2015,
South Asia,SAS,2014,2.45449283333333
South Asia,SAS,2013,
South Asia (IDA & IBRD),TSA,2025,
South Asia (IDA & IBRD),TSA,2024,
South Asia (IDA & IBRD),TSA,2023,
South Asia (IDA & IBRD),TSA,2022,2.625
South Asia (IDA & IBRD),TSA,2021,
South Asia (IDA & IBRD),TSA,2020,
South Asia (IDA & IBRD),TSA,2019,
South Asia (IDA & IBRD),TSA,2018,2.445
South Asia (IDA & IBRD),TSA,2017,
South Asia (IDA & IBRD),TSA,2016,2.4543882
South Asia (IDA & IBRD),TSA,2015,
South Asia (IDA & IBRD),TSA,2014,2.45449283333333
South Asia (IDA & IBRD),TSA,2013,
Sub-Saharan Africa,SSF,2025,
Sub-Saharan Africa,SSF,2024,
Sub-Saharan Africa,SSF,2023,
Sub-Saharan Africa,SSF,2022,2.31538461538462
Sub-Saharan Africa,SSF,2021,
Sub-Saharan Africa,SSF,2020,
Sub-Saharan Africa,SSF,2019,
Sub-Saharan Africa,SSF,2018,2.26538461538462
Sub-Saharan Africa,SSF,2017,
Sub-Saharan Africa,SSF,2016,2.357133725
Sub-Saharan Africa,SSF,2015,
Sub-Saharan Africa,SSF,2014,2.27658235714286
Sub-Saharan Africa,SSF,2013,
Sub-Saharan Africa (excluding high income),SSA,2025,
Sub-Saharan Africa (excluding high income),SSA,2024,
Sub-Saharan Africa (excluding high income),SSA,2023,
Sub-Saharan Africa (excluding high income),SSA,2022,2.31538461538462
Sub-Saharan Africa (excluding high income),SSA,2021,
Sub-Saharan Africa (excluding high income),SSA,2020,
Sub-Saharan Africa (excluding high income),SSA,2019,
Sub-Saharan Africa (excluding high income),SSA,2018,2.26538461538462
Sub-Saharan Africa (excluding high income),SSA,2017,
Sub-Saharan Africa (excluding high income),SSA,2016,2.357133725
Sub-Saharan Africa (excluding high income),SSA,2015,
Sub-Saharan Africa (excluding high income),SSA,2014,2.27658235714286
Sub-Saharan Africa (excluding high income),SSA,2013,
Sub-Saharan Africa (IDA & IBRD countries),TSS,2025,
Sub-Saharan Africa (IDA & IBRD countries),TSS,2024,
Sub-Saharan Africa (IDA & IBRD countries),TSS,2023,
Sub-Saharan Africa (IDA & IBRD countries),TSS,2022,2.31538461538462
Sub-Saharan Africa (IDA & IBRD countries),TSS,2021,
Sub-Saharan Africa (IDA & IBRD countries),TSS,2020,
Sub-Saharan Africa (IDA & IBRD countries),TSS,2019,
Sub-Saharan Africa (IDA & IBRD countries),TSS,2018,2.26538461538462
Sub-Saharan Africa (IDA & IBRD countries),TSS,2017,
Sub-Saharan Africa (IDA & IBRD countries),TSS,2016,2.357133725
Sub-Saharan Africa (IDA & IBRD countries),TSS,2015,
Sub-Saharan Africa (IDA & IBRD countries),TSS,2014,2.27658235714286
Sub-Saharan Africa (IDA & IBRD countries),TSS,2013,
World,WLD,2025,
World,WLD,2024,
World,WLD,2023,
World,WLD,2022,2.8
World,WLD,2021,
World,WLD,2020,
World,WLD,2019,
World,WLD,2018,2.673
World,WLD,2017,
World,WLD,2016,2.705333025
World,WLD,2015,
World,WLD,2014,2.72586955
World,WLD,2013,
Afghanistan,AFG,2025,
Afghanistan,AFG,2024,
Afghanistan,AFG,2023,
Afghanistan,AFG,2022,2.1
Afghanistan,AFG,2021,
Afghanistan,AFG,2020,
Afghanistan,AFG,2019,
Afghanistan,AFG,2018,1.73
Afghanistan,AFG,2017,
Afghanistan,AFG,2016,2.011147
Afghanistan,AFG,2015,
Afghanistan,AFG,2014,2.163453
Afghanistan,AFG,2013,
Albania,ALB,2025,
Albania,ALB,2024,
Albania,ALB,2023,
Albania,ALB,2022,2.4
Albania,ALB,2021,
Albania,ALB,2020,
Albania,ALB,2019,
Albania,ALB,2018,2.35
Albania,ALB,2017,
Albania,ALB,2016,2.234391
Albania,ALB,2015,
Albania,ALB,2014,
Albania,ALB,2013,
Algeria,DZA,2025,
Algeria,DZA,2024,
Algeria,DZA,2023,
Algeria,DZA,2022,2.3
Algeria,DZA,2021,
Algeria,DZA,2020,
Algeria,DZA,2019,
Algeria,DZA,2018,2.13
Algeria,DZA,2017,
Algeria,DZA,2016,2.368421
Algeria,DZA,2015,
Algeria,DZA,2014,2.714286
Algeria,DZA,2013,
American Samoa,ASM,2025,
American Samoa,ASM,2024,
American Samoa,ASM,2023,
American Samoa,ASM,2022,
American Samoa,ASM,2021,
American Samoa,ASM,2020,
American Samoa,ASM,2019,
American Samoa,ASM,2018,
American Samoa,ASM,2017,
American Samoa,ASM,2016,
American Samoa,ASM,2015,
American Samoa,ASM,2014,
American Samoa,ASM,2013,
Andorra,AND,2025,
Andorra,AND,2024,
Andorra,AND,2023,
Andorra,AND,2022,
Andorra,AND,2021,
Andorra,AND,2020,
Andorra,AND,2019,
Andorra,AND,2018,
Andorra,AND,2017,
Andorra,AND,2016,
Andorra,AND,2015,
Andorra,AND,2014,
Andorra,AND,2013,
Angola,AGO,2025,
Angola,AGO,2024,
Angola,AGO,2023,
Angola,AGO,2022,1.7
Angola,AGO,2021,
Angola,AGO,2020,
Angola,AGO,2019,
Angola,AGO,2018,1.57
Angola,AGO,2017,
Angola,AGO,2016,1.796833
Angola,AGO,2015,
Angola,AGO,2014,2.368421
Angola,AGO,2013,
Antigua and Barbuda,ATG,2025,
Antigua and Barbuda,ATG,2024,
Antigua and Barbuda,ATG,2023,
Antigua and Barbuda,ATG,2022,2.2
Antigua and Barbuda,ATG,2021,
Antigua and Barbuda,ATG,2020,
Antigua and Barbuda,ATG,2019,
Antigua and Barbuda,ATG,2018,
Antigua and Barbuda,ATG,2017,
Antigua and Barbuda,ATG,2016,
Antigua and Barbuda,ATG,2015,
Antigua and Barbuda,ATG,2014,
Antigua and Barbuda,ATG,2013,
Argentina,ARG,2025,
Argentina,ARG,2024,
Argentina,ARG,2023,
Argentina,ARG,2022,2.7
Argentina,ARG,2021,
Argentina,ARG,2020,
Argentina,ARG,2019,
Argentina,ARG,2018,2.42
Argentina,ARG,2017,
Argentina,ARG,2016,2.628572
Argentina,ARG,2015,
Argentina,ARG,2014,2.546248
Argentina,ARG,2013,
Armenia,ARM,2025,
Armenia,ARM,2024,
Armenia,ARM,2023,
Armenia,ARM,2022,2.5
Armenia,ARM,2021,
Armenia,ARM,2020,
Armenia,ARM,2019,
Armenia,ARM,2018,2.57
Armenia,ARM,2017,
Armenia,ARM,2016,1.946664
Armenia,ARM,2015,
Armenia,ARM,2014,2.625
Armenia,ARM,2013,
Aruba,ABW,2025,
Aruba,ABW,2024,
Aruba,ABW,2023,
Aruba,ABW,2022,
Aruba,ABW,2021,
Aruba,ABW,2020,
Aruba,ABW,2019,
Aruba,ABW,2018,
Aruba,ABW,2017,
Aruba,ABW,2016,
Aruba,ABW,2015,
Aruba,ABW,2014,
Aruba,ABW,2013,
Australia,AUS,2025,
Australia,AUS,2024,
Australia,AUS,2023,
Australia,AUS,2022,3.7
Australia,AUS,2021,
Australia,AUS,2020,
Australia,AUS,2019,
Australia,AUS,2018,3.87
Australia,AUS,2017,
Australia,AUS,2016,3.543957
Australia,AUS,2015,
Australia,AUS,2014,3.853854
Australia,AUS,2013,
Austria,AUT,2025,
Austria,AUT,2024,
Austria,AUT,2023,
Austria,AUT,2022,3.7
Austria,AUT,2021,
Austria,AUT,2020,
Austria,AUT,2019,
Austria,AUT,2018,3.71
Austria,AUT,2017,
Austria,AUT,2016,3.790874
Austria,AUT,2015,
Austria,AUT,2014,3.531243
Austria,AUT,2013,
Azerbaijan,AZE,2025,
Azerbaijan,AZE,2024,
Azerbaijan,AZE,2023,
Azerbaijan,AZE,2022,
Azerbaijan,AZE,2021,
Azerbaijan,AZE,2020,
Azerbaijan,AZE,2019,
Azerbaijan,AZE,2018,
Azerbaijan,AZE,2017,
Azerbaijan,AZE,2016,
Azerbaijan,AZE,2015,
Azerbaijan,AZE,2014,2.571429
Azerbaijan,AZE,2013,
"Bahamas, The",BHS,2025,
"Bahamas, The",BHS,2024,
"Bahamas, The",BHS,2023,
"Bahamas, The",BHS,2022,2.7
"Bahamas, The",BHS,2021,
"Bahamas, The",BHS,2020,
"Bahamas, The",BHS,2019,
"Bahamas, The",BHS,2018,2.68
"Bahamas, The",BHS,2017,
"Bahamas, The",BHS,2016,2.654794
"Bahamas, The",BHS,2015,
"Bahamas, The",BHS,2014,3.001736
"Bahamas, The",BHS,2013,
Bahrain,BHR,2025,
Bahrain,BHR,2024,
Bahrain,BHR,2023,
Bahrain,BHR,2022,3.3
Bahrain,BHR,2021,
Bahrain,BHR,2020,
Bahrain,BHR,2019,
Bahrain,BHR,2018,2.67
Bahrain,BHR,2017,
Bahrain,BHR,2016,3.141082
Bahrain,BHR,2015,
Bahrain,BHR,2014,3.29
Bahrain,BHR,2013,
Bangladesh,BGD,2025,
Bangladesh,BGD,2024,
Bangladesh,BGD,2023,
Bangladesh,BGD,2022,2.3
Bangladesh,BGD,2021,
Bangladesh,BGD,2020,
Bangladesh,BGD,2019,
Bangladesh,BGD,2018,2.3
Bangladesh,BGD,2017,
Bangladesh,BGD,2016,2.567212
Bangladesh,BGD,2015,
Bangladesh,BGD,2014,2.090909
Bangladesh,BGD,2013,
Barbados,BRB,2025,
Barbados,BRB,2024,
Barbados,BRB,2023,
Barbados,BRB,2022,
Barbados,BRB,2021,
Barbados,BRB,2020,
Barbados,BRB,2019,
Barbados,BRB,2018,
Barbados,BRB,2017,
Barbados,BRB,2016,
Barbados,BRB,2015,
Barbados,BRB,2014,
Barbados,BRB,2013,
Belarus,BLR,2025,
Belarus,BLR,2024,
Belarus,BLR,2023,
Belarus,BLR,2022,2.6
Belarus,BLR,2021,
Belarus,BLR,2020,
Belarus,BLR,2019,
Belarus,BLR,2018,2.35
Belarus,BLR,2017,
Belarus,BLR,2016,2.062392
Belarus,BLR,2015,
Belarus,BLR,2014,2.500757
Belarus,BLR,2013,
Belgium,BEL,2025,
Belgium,BEL,2024,
Belgium,BEL,2023,
Belgium,BEL,2022,3.9
Belgium,BEL,2021,
Belgium,BEL,2020,
Belgium,BEL,2019,
Belgium,BEL,2018,3.66
Belgium,BEL,2017,
Belgium,BEL,2016,3.829699
Belgium,BEL,2015,
Belgium,BEL,2014,3.801493
Belgium,BEL,2013,
Belize,BLZ,2025,
Belize,BLZ,2024,
Belize,BLZ,2023,
Belize,BLZ,2022,
Belize,BLZ,2021,
Belize,BLZ,2020,
Belize,BLZ,2019,
Belize,BLZ,2018,
Belize,BLZ,2017,
Belize,BLZ,2016,
Belize,BLZ,2015,
Belize,BLZ,2014,
Belize,BLZ,2013,
Benin,BEN,2025,
Benin,BEN,2024,
Benin,BEN,2023,
Benin,BEN,2022,2.7
Benin,BEN,2021,
Benin,BEN,2020,
Benin,BEN,2019,
Benin,BEN,2018,2.56
Benin,BEN,2017,
Benin,BEN,2016,2.19715
Benin,BEN,2015,
Benin,BEN,2014,2.643939
Benin,BEN,2013,
Bermuda,BMU,2025,
Bermuda,BMU,2024,
Bermuda,BMU,2023,
Bermuda,BMU,2022,
Bermuda,BMU,2021,
Bermuda,BMU,2020,
Bermuda,BMU,2019,
Bermuda,BMU,2018,
Bermuda,BMU,2017,
Bermuda,BMU,2016,
Bermuda,BMU,2015,
Bermuda,BMU,2014,
Bermuda,BMU,2013,
Bhutan,BTN,2025,
Bhutan,BTN,2024,
Bhutan,BTN,2023,
Bhutan,BTN,2022,2.7
Bhutan,BTN,2021,
Bhutan,BTN,2020,
Bhutan,BTN,2019,
Bhutan,BTN,2018,2.14
Bhutan,BTN,2017,
Bhutan,BTN,2016,2.209524
Bhutan,BTN,2015,
Bhutan,BTN,2014,2.090909
Bhutan,BTN,2013,
Bolivia,BOL,2025,
Bolivia,BOL,2024,
Bolivia,BOL,2023,
Bolivia,BOL,2022,2.1
Bolivia,BOL,2021,
Bolivia,BOL,2020,
Bolivia,BOL,2019,
Bolivia,BOL,2018,2.32
Bolivia,BOL,2017,
Bolivia,BOL,2016,1.967352
Bolivia,BOL,2015,
Bolivia,BOL,2014,2.397991
Bolivia,BOL,2013,
Bosnia and Herzegovina,BIH,2025,
Bosnia and Herzegovina,BIH,2024,
Bosnia and Herzegovina,BIH,2023,
Bosnia and Herzegovina,BIH,2022,2.7
Bosnia and Herzegovina,BIH,2021,
Bosnia and Herzegovina,BIH,2020,
Bosnia and Herzegovina,BIH,2019,
Bosnia and Herzegovina,BIH,2018,2.63
Bosnia and Herzegovina,BIH,2017,
Bosnia and Herzegovina,BIH,2016,2.692308
Bosnia and Herzegovina,BIH,2015,
Bosnia and Herzegovina,BIH,2014,2.408796
Bosnia and Herzegovina,BIH,2013,
Botswana,BWA,2025,
Botswana,BWA,2024,
Botswana,BWA,2023,
Botswana,BWA,2022,3.0
Botswana,BWA,2021,
Botswana,BWA,2020,
Botswana,BWA,2019,
Botswana,BWA,2018,
Botswana,BWA,2017,
Botswana,BWA,2016,3.049388
Botswana,BWA,2015,
Botswana,BWA,2014,2.384615
Botswana,BWA,2013,
Brazil,BRA,2025,
Brazil,BRA,2024,
Brazil,BRA,2023,
Brazil,BRA,2022,2.9
Brazil,BRA,2021,
Brazil,BRA,2020,
Brazil,BRA,2019,
Brazil,BRA,2018,2.41
Brazil,BRA,2017,
Brazil,BRA,2016,2.757184
Brazil,BRA,2015,
Brazil,BRA,2014,2.481013
Brazil,BRA,2013,
British Virgin Islands,VGB,2025,
British Virgin Islands,VGB,2024,
British Virgin Islands,VGB,2023,
British Virgin Islands,VGB,2022,
British Virgin Islands,VGB,2021,
British Virgin Islands,VGB,2020,
British Virgin Islands,VGB,2019,
British Virgin Islands,VGB,2018,
British Virgin Islands,VGB,2017,
British Virgin Islands,VGB,2016,
British Virgin Islands,VGB,2015,
British Virgin Islands,VGB,2014,
British Virgin Islands,VGB,2013,
Brunei Darussalam,BRN,2025,
Brunei Darussalam,BRN,2024,
Brunei Darussalam,BRN,2023,
Brunei Darussalam,BRN,2022,
Brunei Darussalam,BRN,2021,
Brunei Darussalam,BRN,2020,
Brunei Darussalam,BRN,2019,
Brunei Darussalam,BRN,2018,2.62
Brunei Darussalam,BRN,2017,
Brunei Darussalam,BRN,2016,2.781818
Brunei Darussalam,BRN,2015,
Brunei Darussalam,BRN,2014,
Brunei Darussalam,BRN,2013,
Bulgaria,BGR,2025,
Bulgaria,BGR,2024,
Bulgaria,BGR,2023,
Bulgaria,BGR,2022,3.1
Bulgaria,BGR,2021,
Bulgaria,BGR,2020,
Bulgaria,BGR,2019,
Bulgaria,BGR,2018,2.94
Bulgaria,BGR,2017,
Bulgaria,BGR,2016,2.4
Bulgaria,BGR,2015,
Bulgaria,BGR,2014,2.75
Bulgaria,BGR,2013,
Burkina Faso,BFA,2025,
Burkina Faso,BFA,2024,
Burkina Faso,BFA,2023,
Burkina Faso,BFA,2022,2.0
Burkina Faso,BFA,2021,
Burkina Faso,BFA,2020,
Burkina Faso,BFA,2019,
Burkina Faso,BFA,2018,2.41
Burkina Faso,BFA,2017,
Burkina Faso,BFA,2016,2.551724
Burkina Faso,BFA,2015,
Burkina Faso,BFA,2014,2.5
Burkina Faso,BFA,2013,
Burundi,BDI,2025,
Burundi,BDI,2024,
Burundi,BDI,2023,
Burundi,BDI,2022,
Burundi,BDI,2021,
Burundi,BDI,2020,
Burundi,BDI,2019,
Burundi,BDI,2018,1.69
Burundi,BDI,2017,
Burundi,BDI,2016,2.016976
Burundi,BDI,2015,
Burundi,BDI,2014,2.6
Burundi,BDI,2013,
Cabo Verde,CPV,2025,
Cabo Verde,CPV,2024,
Cabo Verde,CPV,2023,
Cabo Verde,CPV,2022,
Cabo Verde,CPV,2021,
Cabo Verde,CPV,2020,
Cabo Verde,CPV,2019,
Cabo Verde,CPV,2018,
Cabo Verde,CPV,2017,
Cabo Verde,CPV,2016,
Cabo Verde,CPV,2015,
Cabo Verde,CPV,2014,
Cabo Verde,CPV,2013,
Cambodia,KHM,2025,
Cambodia,KHM,2024,
Cambodia,KHM,2023,
Cambodia,KHM,2022,2.2
Cambodia,KHM,2021,
Cambodia,KHM,2020,
Cambodia,KHM,2019,
Cambodia,KHM,2018,2.37
Cambodia,KHM,2017,
Cambodia,KHM,2016,2.615385
Cambodia,KHM,2015,
Cambodia,KHM,2014,2.666667
Cambodia,KHM,2013,
Cameroon,CMR,2025,
Cameroon,CMR,2024,
Cameroon,CMR,2023,
Cameroon,CMR,2022,2.1
Cameroon,CMR,2021,
Cameroon,CMR,2020,
Cameroon,CMR,2019,
Cameroon,CMR,2018,2.46
Cameroon,CMR,2017,
Cameroon,CMR,2016,2.090909
Cameroon,CMR,2015,
Cameroon,CMR,2014,1.857143
Cameroon,CMR,2013,
Canada,CAN,2025,
Canada,CAN,2024,
Canada,CAN,2023,
Canada,CAN,2022,4.0
Canada,CAN,2021,
Canada,CAN,2020,
Canada,CAN,2019,
Canada,CAN,2018,3.6
Canada,CAN,2017,
Canada,CAN,2016,3.952071
Canada,CAN,2015,
Canada,CAN,2014,3.608017
Canada,CAN,2013,
Cayman Islands,CYM,2025,
Cayman Islands,CYM,2024,
Cayman Islands,CYM,2023,
Cayman Islands,CYM,2022,
Cayman Islands,CYM,2021,
Cayman Islands,CYM,2020,
Cayman Islands,CYM,2019,
Cayman Islands,CYM,2018,
Cayman Islands,CYM,2017,
Cayman Islands,CYM,2016,
Cayman Islands,CYM,2015,
Cayman Islands,CYM,2014,
Cayman Islands,CYM,2013,
Central African Republic,CAF,2025,
Central African Republic,CAF,2024,
Central African Republic,CAF,2023,
Central African Republic,CAF,2022,2.4
Central African Republic,CAF,2021,
Central African Republic,CAF,2020,
Central African Republic,CAF,2019,
Central African Republic,CAF,2018,2.24
Central African Republic,CAF,2017,
Central African Republic,CAF,2016,
Central African Republic,CAF,2015,
Central African Republic,CAF,2014,2.470238
Central African Republic,CAF,2013,
Chad,TCD,2025,
Chad,TCD,2024,
Chad,TCD,2023,
Chad,TCD,2022,
Chad,TCD,2021,
Chad,TCD,2020,
Chad,TCD,2019,
Chad,TCD,2018,2.15
Chad,TCD,2017,
Chad,TCD,2016,2.077259
Chad,TCD,2015,
Chad,TCD,2014,2.462963
Chad,TCD,2013,
Channel Islands,CHI,2025,
Channel Islands,CHI,2024,
Channel Islands,CHI,2023,
Channel Islands,CHI,2022,
Channel Islands,CHI,2021,
Channel Islands,CHI,2020,
Channel Islands,CHI,2019,
Channel Islands,CHI,2018,
Channel Islands,CHI,2017,
Channel Islands,CHI,2016,
Channel Islands,CHI,2015,
Channel Islands,CHI,2014,
Channel Islands,CHI,2013,
Chile,CHL,2025,
Chile,CHL,2024,
Chile,CHL,2023,
Chile,CHL,2022,3.0
Chile,CHL,2021,
Chile,CHL,2020,
Chile,CHL,2019,
Chile,CHL,2018,3.27
Chile,CHL,2017,
Chile,CHL,2016,3.190476
Chile,CHL,2015,
Chile,CHL,2014,3.172736
Chile,CHL,2013,
China,CHN,2025,
China,CHN,2024,
China,CHN,2023,
China,CHN,2022,3.3
China,CHN,2021,
China,CHN,2020,
China,CHN,2019,
China,CHN,2018,3.29
China,CHN,2017,
China,CHN,2016,3.318883
China,CHN,2015,
China,CHN,2014,3.205138
China,CHN,2013,
Colombia,COL,2025,
Colombia,COL,2024,
Colombia,COL,2023,
Colombia,COL,2022,2.5
Colombia,COL,2021,
Colombia,COL,2020,
Colombia,COL,2019,
Colombia,COL,2018,2.61
Colombia,COL,2017,
Colombia,COL,2016,2.207971
Colombia,COL,2015,
Colombia,COL,2014,2.587416
Colombia,COL,2013,
Comoros,COM,2025,
Comoros,COM,2024,
Comoros,COM,2023,
Comoros,COM,2022,
Comoros,COM,2021,
Comoros,COM,2020,
Comoros,COM,2019,
Comoros,COM,2018,2.62
Comoros,COM,2017,
Comoros,COM,2016,2.632571
Comoros,COM,2015,
Comoros,COM,2014,2.579085
Comoros,COM,2013,
"Congo, Dem. Rep.",COD,2025,
"Congo, Dem. Rep.",COD,2024,
"Congo, Dem. Rep.",COD,2023,
"Congo, Dem. Rep.",COD,2022,2.3
"Congo, Dem. Rep.",COD,2021,
"Congo, Dem. Rep.",COD,2020,
"Congo, Dem. Rep.",COD,2019,
"Congo, Dem. Rep.",COD,2018,2.37
"Congo, Dem. Rep.",COD,2017,
"Congo, Dem. Rep.",COD,2016,2.223113
"Congo, Dem. Rep.",COD,2015,
"Congo, Dem. Rep.",COD,2014,1.77743
"Congo, Dem. Rep.",COD,2013,
"Congo, Rep.",COG,2025,
"Congo, Rep.",COG,2024,
"Congo, Rep.",COG,2023,
"Congo, Rep.",COG,2022,2.3
"Congo, Rep.",COG,2021,
"Congo, Rep.",COG,2020,
"Congo, Rep.",COG,2019,
"Congo, Rep.",COG,2018,2.27
"Congo, Rep.",COG,2017,
"Congo, Rep.",COG,2016,2.0
"Congo, Rep.",COG,2015,
"Congo, Rep.",COG,2014,1.5
"Congo, Rep.",COG,2013,
Costa Rica,CRI,2025,
Costa Rica,CRI,2024,
Costa Rica,CRI,2023,
Costa Rica,CRI,2022,2.8
Costa Rica,CRI,2021,
Costa Rica,CRI,2020,
Costa Rica,CRI,2019,
Costa Rica,CRI,2018,2.63
Costa Rica,CRI,2017,
Costa Rica,CRI,2016,2.325641
Costa Rica,CRI,2015,
Costa Rica,CRI,2014,2.389128
Costa Rica,CRI,2013,
Cote d'Ivoire,CIV,2025,
Cote d'Ivoire,CIV,2024,
Cote d'Ivoire,CIV,2023,
Cote d'Ivoire,CIV,2022,
Cote d'Ivoire,CIV,2021,
Cote d'Ivoire,CIV,2020,
Cote d'Ivoire,CIV,2019,
Cote d'Ivoire,CIV,2018,2.78
Cote d'Ivoire,CIV,2017,
Cote d'Ivoire,CIV,2016,2.666667
Cote d'Ivoire,CIV,2015,
Cote d'Ivoire,CIV,2014,2.33324
Cote d'Ivoire,CIV,2013,
Croatia,HRV,2025,
Croatia,HRV,2024,
Croatia,HRV,2023,
Croatia,HRV,2022,3.0
Croatia,HRV,2021,
Croatia,HRV,2020,
Croatia,HRV,2019,
Croatia,HRV,2018,2.98
Croatia,HRV,2017,
Croatia,HRV,2016,3.074242
Croatia,HRV,2015,
Croatia,HRV,2014,2.947368
Croatia,HRV,2013,
Cuba,CUB,2025,
Cuba,CUB,2024,
Cuba,CUB,2023,
Cuba,CUB,2022,2.0
Cuba,CUB,2021,
Cuba,CUB,2020,
Cuba,CUB,2019,
Cuba,CUB,2018,2.03
Cuba,CUB,2017,
Cuba,CUB,2016,2.375156
Cuba,CUB,2015,
Cuba,CUB,2014,2.170939
Cuba,CUB,2013,
Curacao,CUW,2025,
Curacao,CUW,2024,
Curacao,CUW,2023,
Curacao,CUW,2022,
Curacao,CUW,2021,
Curacao,CUW,2020,
Curacao,CUW,2019,
Curacao,CUW,2018,
Curacao,CUW,2017,
Curacao,CUW,2016,
Curacao,CUW,2015,
Curacao,CUW,2014,
Curacao,CUW,2013,
Cyprus,CYP,2025,
Cyprus,CYP,2024,
Cyprus,CYP,2023,
Cyprus,CYP,2022,2.9
Cyprus,CYP,2021,
Cyprus,CYP,2020,
Cyprus,CYP,2019,
Cyprus,CYP,2018,3.05
Cyprus,CYP,2017,
Cyprus,CYP,2016,3.111111
Cyprus,CYP,2015,
Cyprus,CYP,2014,2.877876
Cyprus,CYP,2013,
Czechia,CZE,2025,
Czechia,CZE,2024,
Czechia,CZE,2023,
Czechia,CZE,2022,3.0
Czechia,CZE,2021,
Czechia,CZE,2020,
Czechia,CZE,2019,
Czechia,CZE,2018,3.29
Czechia,CZE,2017,
Czechia,CZE,2016,3.580444
Czechia,CZE,2015,
Czechia,CZE,2014,3.238095
Czechia,CZE,2013,
Denmark,DNK,2025,
Denmark,DNK,2024,
Denmark,DNK,2023,
Denmark,DNK,2022,4.1
Denmark,DNK,2021,
Denmark,DNK,2020,
Denmark,DNK,2019,
Denmark,DNK,2018,3.92
Denmark,DNK,2017,
Denmark,DNK,2016,3.819922
Denmark,DNK,2015,
Denmark,DNK,2014,3.789988
Denmark,DNK,2013,
Djibouti,DJI,2025,
Djibouti,DJI,2024,
Djibouti,DJI,2023,
Djibouti,DJI,2022,2.6
Djibouti,DJI,2021,
Djibouti,DJI,2020,
Djibouti,DJI,2019,
Djibouti,DJI,2018,2.35
Djibouti,DJI,2017,
Djibouti,DJI,2016,2.374478
Djibouti,DJI,2015,
Djibouti,DJI,2014,2.2
Djibouti,DJI,2013,
Dominica,DMA,2025,
Dominica,DMA,2024,
Dominica,DMA,2023,
Dominica,DMA,2022,
Dominica,DMA,2021,
Dominica,DMA,2020,
Dominica,DMA,2019,
Dominica,DMA,2018,
Dominica,DMA,2017,
Dominica,DMA,2016,
Dominica,DMA,2015,
Dominica,DMA,2014,
Dominica,DMA,2013,
Dominican Republic,DOM,2025,
Dominican Republic,DOM,2024,
Dominican Republic,DOM,2023,
Dominican Republic,DOM,2022,2.6
Dominican Republic,DOM,2021,
Dominican Republic,DOM,2020,
Dominican Republic,DOM,2019,
Dominican Republic,DOM,2018,2.41
Dominican Republic,DOM,2017,
Dominican Republic,DOM,2016,2.387879
Dominican Republic,DOM,2015,
Dominican Republic,DOM,2014,2.584387
Dominican Republic,DOM,2013,
Ecuador,ECU,2025,
Ecuador,ECU,2024,
Ecuador,ECU,2023,
Ecuador,ECU,2022,
Ecuador,ECU,2021,
Ecuador,ECU,2020,
Ecuador,ECU,2019,
Ecuador,ECU,2018,2.8
Ecuador,ECU,2017,
Ecuador,ECU,2016,2.63938
Ecuador,ECU,2015,
Ecuador,ECU,2014,2.487281
Ecuador,ECU,2013,
"Egypt, Arab Rep.",EGY,2025,
"Egypt, Arab Rep.",EGY,2024,
"Egypt, Arab Rep.",EGY,2023,
"Egypt, Arab Rep.",EGY,2022,2.8
"Egypt, Arab Rep.",EGY,2021,
"Egypt, Arab Rep.",EGY,2020,
"Egypt, Arab Rep.",EGY,2019,
"Egypt, Arab Rep.",EGY,2018,2.6
"Egypt, Arab Rep.",EGY,2017,
"Egypt, Arab Rep.",EGY,2016,2.74962
"Egypt, Arab Rep.",EGY,2015,
"Egypt, Arab Rep.",EGY,2014,2.852413
"Egypt, Arab Rep.",EGY,2013,
El Salvador,SLV,2025,
El Salvador,SLV,2024,
El Salvador,SLV,2023,
El Salvador,SLV,2022,2.4
El Salvador,SLV,2021,
El Salvador,SLV,2020,
El Salvador,SLV,2019,
El Salvador,SLV,2018,2.3
El Salvador,SLV,2017,
El Salvador,SLV,2016,2.373656
El Salvador,SLV,2015,
El Salvador,SLV,2014,2.932304
El Salvador,SLV,2013,
Equatorial Guinea,GNQ,2025,
Equatorial Guinea,GNQ,2024,
Equatorial Guinea,GNQ,2023,
Equatorial Guinea,GNQ,2022,
Equatorial Guinea,GNQ,2021,
Equatorial Guinea,GNQ,2020,
Equatorial Guinea,GNQ,2019,
Equatorial Guinea,GNQ,2018,1.91
Equatorial Guinea,GNQ,2017,
Equatorial Guinea,GNQ,2016,1.875
Equatorial Guinea,GNQ,2015,
Equatorial Guinea,GNQ,2014,2.347222
Equatorial Guinea,GNQ,2013,
Eritrea,ERI,2025,
Eritrea,ERI,2024,
Eritrea,ERI,2023,
Eritrea,ERI,2022,
Eritrea,ERI,2021,
Eritrea,ERI,2020,
Eritrea,ERI,2019,
Eritrea,ERI,2018,2.13
Eritrea,ERI,2017,
Eritrea,ERI,2016,2.006993
Eritrea,ERI,2015,
Eritrea,ERI,2014,1.898889
Eritrea,ERI,2013,
Estonia,EST,2025,
Estonia,EST,2024,
Estonia,EST,2023,
Estonia,EST,2022,3.2
Estonia,EST,2021,
Estonia,EST,2020,
Estonia,EST,2019,
Estonia,EST,2018,3.32
Estonia,EST,2017,
Estonia,EST,2016,3.411825
Estonia,EST,2015,
Estonia,EST,2014,3.395238
Estonia,EST,2013,
Eswatini,SWZ,2025,
Eswatini,SWZ,2024,
Eswatini,SWZ,2023,
Eswatini,SWZ,2022,
Eswatini,SWZ,2021,
Eswatini,SWZ,2020,
Eswatini,SWZ,2019,
Eswatini,SWZ,2018,
Eswatini,SWZ,2017,
Eswatini,SWZ,2016,
Eswatini,SWZ,2015,
Eswatini,SWZ,2014,
Eswatini,SWZ,2013,
Ethiopia,ETH,2025,
Ethiopia,ETH,2024,
Ethiopia,ETH,2023,
Ethiopia,ETH,2022,
Ethiopia,ETH,2021,
Ethiopia,ETH,2020,
Ethiopia,ETH,2019,
Ethiopia,ETH,2018,
Ethiopia,ETH,2017,
Ethiopia,ETH,2016,2.598943
Ethiopia,ETH,2015,
Ethiopia,ETH,2014,2.420833
Ethiopia,ETH,2013,
Faroe Islands,FRO,2025,
Faroe Islands,FRO,2024,
Faroe Islands,FRO,2023,
Faroe Islands,FRO,2022,
Faroe Islands,FRO,2021,
Faroe Islands,FRO,2020,
Faroe Islands,FRO,2019,
Faroe Islands,FRO,2018,
Faroe Islands,FRO,2017,
Faroe Islands,FRO,2016,
Faroe Islands,FRO,2015,
Faroe Islands,FRO,2014,
Faroe Islands,FRO,2013,
Fiji,FJI,2025,
Fiji,FJI,2024,
Fiji,FJI,2023,
Fiji,FJI,2022,2.3
Fiji,FJI,2021,
Fiji,FJI,2020,
Fiji,FJI,2019,
Fiji,FJI,2018,2.41
Fiji,FJI,2017,
Fiji,FJI,2016,2.331843
Fiji,FJI,2015,
Fiji,FJI,2014,2.4
Fiji,FJI,2013,
Finland,FIN,2025,
Finland,FIN,2024,
Finland,FIN,2023,
Finland,FIN,2022,4.0
Finland,FIN,2021,
Finland,FIN,2020,
Finland,FIN,2019,
Finland,FIN,2018,3.82
Finland,FIN,2017,
Finland,FIN,2016,4.005364
Finland,FIN,2015,
Finland,FIN,2014,3.892006
Finland,FIN,2013,
France,FRA,2025,
France,FRA,2024,
France,FRA,2023,
France,FRA,2022,3.7
France,FRA,2021,
France,FRA,2020,
France,FRA,2019,
France,FRA,2018,3.59
France,FRA,2017,
France,FRA,2016,3.713518
France,FRA,2015,
France,FRA,2014,3.647901
France,FRA,2013,
French Polynesia,PYF,2025,
French Polynesia,PYF,2024,
French Polynesia,PYF,2023,
French Polynesia,PYF,2022,
French Polynesia,PYF,2021,
French Polynesia,PYF,2020,
French Polynesia,PYF,2019,
French Polynesia,PYF,2018,
French Polynesia,PYF,2017,
French Polynesia,PYF,2016,
French Polynesia,PYF,2015,
French Polynesia,PYF,2014,
French Polynesia,PYF,2013,
Gabon,GAB,2025,
Gabon,GAB,2024,
Gabon,GAB,2023,
Gabon,GAB,2022,2.0
Gabon,GAB,2021,
Gabon,GAB,2020,
Gabon,GAB,2019,
Gabon,GAB,2018,1.96
Gabon,GAB,2017,
Gabon,GAB,2016,2.069849
Gabon,GAB,2015,
Gabon,GAB,2014,2.0
Gabon,GAB,2013,
"Gambia, The",GMB,2025,
"Gambia, The",GMB,2024,
"Gambia, The",GMB,2023,
"Gambia, The",GMB,2022,1.8
"Gambia, The",GMB,2021,
"Gambia, The",GMB,2020,
"Gambia, The",GMB,2019,
"Gambia, The",GMB,2018,2.08
"Gambia, The",GMB,2017,
"Gambia, The",GMB,2016,
"Gambia, The",GMB,2015,
"Gambia, The",GMB,2014,2.058025
"Gambia, The",GMB,2013,
Georgia,GEO,2025,
Georgia,GEO,2024,
Georgia,GEO,2023,
Georgia,GEO,2022,2.6
Georgia,GEO,2021,
Georgia,GEO,2020,
Georgia,GEO,2019,
Georgia,GEO,2018,2.42
Georgia,GEO,2017,
Georgia,GEO,2016,2.258838
Georgia,GEO,2015,
Georgia,GEO,2014,2.210526
Georgia,GEO,2013,
Germany,DEU,2025,
Germany,DEU,2024,
Germany,DEU,2023,
Germany,DEU,2022,3.9
Germany,DEU,2021,
Germany,DEU,2020,
Germany,DEU,2019,
Germany,DEU,2018,4.09
Germany,DEU,2017,
Germany,DEU,2016,4.123067
Germany,DEU,2015,
Germany,DEU,2014,4.098098
Germany,DEU,2013,
Ghana,GHA,2025,
Ghana,GHA,2024,
Ghana,GHA,2023,
Ghana,GHA,2022,2.7
Ghana,GHA,2021,
Ghana,GHA,2020,
Ghana,GHA,2019,
Ghana,GHA,2018,2.45
Ghana,GHA,2017,
Ghana,GHA,2016,2.456894
Ghana,GHA,2015,
Ghana,GHA,2014,2.216488
Ghana,GHA,2013,
Gibraltar,GIB,2025,
Gibraltar,GIB,2024,
Gibraltar,GIB,2023,
Gibraltar,GIB,2022,
Gibraltar,GIB,2021,
Gibraltar,GIB,2020,
Gibraltar,GIB,2019,
Gibraltar,GIB,2018,
Gibraltar,GIB,2017,
Gibraltar,GIB,2016,
Gibraltar,GIB,2015,
Gibraltar,GIB,2014,
Gibraltar,GIB,2013,
Greece,GRC,2025,
Greece,GRC,2024,
Greece,GRC,2023,
Greece,GRC,2022,3.2
Greece,GRC,2021,
Greece,GRC,2020,
Greece,GRC,2019,
Greece,GRC,2018,2.84
Greece,GRC,2017,
Greece,GRC,2016,2.854825
Greece,GRC,2015,
Greece,GRC,2014,3.360818
Greece,GRC,2013,
Greenland,GRL,2025,
Greenland,GRL,2024,
Greenland,GRL,2023,
Greenland,GRL,2022,
Greenland,GRL,2021,
Greenland,GRL,2020,
Greenland,GRL,2019,
Greenland,GRL,2018,
Greenland,GRL,2017,
Greenland,GRL,2016,
Greenland,GRL,2015,
Greenland,GRL,2014,
Greenland,GRL,2013,
Grenada,GRD,2025,
Grenada,GRD,2024,
Grenada,GRD,2023,
Grenada,GRD,2022,2.6
Grenada,GRD,2021,
Grenada,GRD,2020,
Grenada,GRD,2019,
Grenada,GRD,2018,
Grenada,GRD,2017,
Grenada,GRD,2016,
Grenada,GRD,2015,
Grenada,GRD,2014,
Grenada,GRD,2013,
Guam,GUM,2025,
Guam,GUM,2024,
Guam,GUM,2023,
Guam,GUM,2022,
Guam,GUM,2021,
Guam,GUM,2020,
Guam,GUM,2019,
Guam,GUM,2018,
Guam,GUM,2017,
Guam,GUM,2016,
Guam,GUM,2015,
Guam,GUM,2014,
Guam,GUM,2013,
Guatemala,GTM,2025,
Guatemala,GTM,2024,
Guatemala,GTM,2023,
Guatemala,GTM,2022,2.3
Guatemala,GTM,2021,
Guatemala,GTM,2020,
Guatemala,GTM,2019,
Guatemala,GTM,2018,2.16
Guatemala,GTM,2017,
Guatemala,GTM,2016,2.471827
Guatemala,GTM,2015,
Guatemala,GTM,2014,2.75
Guatemala,GTM,2013,
Guinea,GIN,2025,
Guinea,GIN,2024,
Guinea,GIN,2023,
Guinea,GIN,2022,2.4
Guinea,GIN,2021,
Guinea,GIN,2020,
Guinea,GIN,2019,
Guinea,GIN,2018,2.45
Guinea,GIN,2017,
Guinea,GIN,2016,2.282051
Guinea,GIN,2015,
Guinea,GIN,2014,2.340447
Guinea,GIN,2013,
Guinea-Bissau,GNB,2025,
Guinea-Bissau,GNB,2024,
Guinea-Bissau,GNB,2023,
Guinea-Bissau,GNB,2022,2.7
Guinea-Bissau,GNB,2021,
Guinea-Bissau,GNB,2020,
Guinea-Bissau,GNB,2019,
Guinea-Bissau,GNB,2018,2.01
Guinea-Bissau,GNB,2017,
Guinea-Bissau,GNB,2016,2.444444
Guinea-Bissau,GNB,2015,
Guinea-Bissau,GNB,2014,2.428571
Guinea-Bissau,GNB,2013,
Guyana,GUY,2025,
Guyana,GUY,2024,
Guyana,GUY,2023,
Guyana,GUY,2022,2.3
Guyana,GUY,2021,
Guyana,GUY,2020,
Guyana,GUY,2019,
Guyana,GUY,2018,2.55
Guyana,GUY,2017,
Guyana,GUY,2016,2.396359
Guyana,GUY,2015,
Guyana,GUY,2014,2.457584
Guyana,GUY,2013,
Haiti,HTI,2025,
Haiti,HTI,2024,
Haiti,HTI,2023,
Haiti,HTI,2022,2.1
Haiti,HTI,2021,
Haiti,HTI,2020,
Haiti,HTI,2019,
Haiti,HTI,2018,2.03
Haiti,HTI,2017,
Haiti,HTI,2016,1.698904
Haiti,HTI,2015,
Haiti,HTI,2014,2.25
Haiti,HTI,2013,
Honduras,HND,2025,
Honduras,HND,2024,
Honduras,HND,2023,
Honduras,HND,2022,2.8
Honduras,HND,2021,
Honduras,HND,2020,
Honduras,HND,2019,
Honduras,HND,2018,2.24
Honduras,HND,2017,
Honduras,HND,2016,2.21235
Honduras,HND,2015,
Honduras,HND,2014,2.695652
Honduras,HND,2013,
"Hong Kong SAR, China",HKG,2025,
"Hong Kong SAR, China",HKG,2024,
"Hong Kong SAR, China",HKG,2023,
"Hong Kong SAR, China",HKG,2022,3.8
"Hong Kong SAR, China",HKG,2021,
"Hong Kong SAR, China",HKG,2020,
"Hong Kong SAR, China",HKG,2019,
"Hong Kong SAR, China",HKG,2018,3.81
"Hong Kong SAR, China",HKG,2017,
"Hong Kong SAR, China",HKG,2016,3.937721
"Hong Kong SAR, China",HKG,2015,
"Hong Kong SAR, China",HKG,2014,3.724201
"Hong Kong SAR, China",HKG,2013,
Hungary,HUN,2025,
Hungary,HUN,2024,
Hungary,HUN,2023,
Hungary,HUN,2022,2.7
Hungary,HUN,2021,
Hungary,HUN,2020,
Hungary,HUN,2019,
Hungary,HUN,2018,3.35
Hungary,HUN,2017,
Hungary,HUN,2016,3.016758
Hungary,HUN,2015,
Hungary,HUN,2014,2.970238
Hungary,HUN,2013,
Iceland,ISL,2025,
Iceland,ISL,2024,
Iceland,ISL,2023,
Iceland,ISL,2022,3.7
Iceland,ISL,2021,
Iceland,ISL,2020,
Iceland,ISL,2019,
Iceland,ISL,2018,2.77
Iceland,ISL,2017,
Iceland,ISL,2016,3.128526
Iceland,ISL,2015,
Iceland,ISL,2014,3.538461
Iceland,ISL,2013,
India,IND,2025,
India,IND,2024,
India,IND,2023,
India,IND,2022,3.0
India,IND,2021,
India,IND,2020,
India,IND,2019,
India,IND,2018,2.96
India,IND,2017,
India,IND,2016,3.17442
India,IND,2015,
India,IND,2014,2.717276
India,IND,2013,
Indonesia,IDN,2025,
Indonesia,IDN,2024,
Indonesia,IDN,2023,
Indonesia,IDN,2022,2.8
Indonesia,IDN,2021,
Indonesia,IDN,2020,
Indonesia,IDN,2019,
Indonesia,IDN,2018,2.67
Indonesia,IDN,2017,
Indonesia,IDN,2016,2.688429
Indonesia,IDN,2015,
Indonesia,IDN,2014,2.869565
Indonesia,IDN,2013,
"Iran, Islamic Rep.",IRN,2025,
"Iran, Islamic Rep.",IRN,2024,
"Iran, Islamic Rep.",IRN,2023,
"Iran, Islamic Rep.",IRN,2022,2.2
"Iran, Islamic Rep.",IRN,2021,
"Iran, Islamic Rep.",IRN,2020,
"Iran, Islamic Rep.",IRN,2019,
"Iran, Islamic Rep.",IRN,2018,2.62
"Iran, Islamic Rep.",IRN,2017,
"Iran, Islamic Rep.",IRN,2016,2.333333
"Iran, Islamic Rep.",IRN,2015,
"Iran, Islamic Rep.",IRN,2014,
"Iran, Islamic Rep.",IRN,2013,
Iraq,IRQ,2025,
Iraq,IRQ,2024,
Iraq,IRQ,2023,
Iraq,IRQ,2022,2.1
Iraq,IRQ,2021,
Iraq,IRQ,2020,
Iraq,IRQ,2019,
Iraq,IRQ,2018,1.84
Iraq,IRQ,2017,
Iraq,IRQ,2016,2.008735
Iraq,IRQ,2015,
Iraq,IRQ,2014,1.980646
Iraq,IRQ,2013,
Ireland,IRL,2025,
Ireland,IRL,2024,
Ireland,IRL,2023,
Ireland,IRL,2022,3.4
Ireland,IRL,2021,
Ireland,IRL,2020,
Ireland,IRL,2019,
Ireland,IRL,2018,3.36
Ireland,IRL,2017,
Ireland,IRL,2016,3.474252
Ireland,IRL,2015,
Ireland,IRL,2014,3.8
Ireland,IRL,2013,
Isle of Man,IMN,2025,
Isle of Man,IMN,2024,
Isle of Man,IMN,2023,
Isle of Man,IMN,2022,
Isle of Man,IMN,2021,
Isle of Man,IMN,2020,
Isle of Man,IMN,2019,
Isle of Man,IMN,2018,
Isle of Man,IMN,2017,
Isle of Man,IMN,2016,
Isle of Man,IMN,2015,
Isle of Man,IMN,2014,
Isle of Man,IMN,2013,
Israel,ISR,2025,
Israel,ISR,2024,
Israel,ISR,2023,
Israel,ISR,2022,3.4
Israel,ISR,2021,
Israel,ISR,2020,
Israel,ISR,2019,
Israel,ISR,2018,3.32
Israel,ISR,2017,
Israel,ISR,2016,3.5
Israel,ISR,2015,
Israel,ISR,2014,3.101191
Israel,ISR,2013,
Italy,ITA,2025,
Italy,ITA,2024,
Italy,ITA,2023,
Italy,ITA,2022,3.4
Italy,ITA,2021,
Italy,ITA,2020,
Italy,ITA,2019,
Italy,ITA,2018,3.47
Italy,ITA,2017,
Italy,ITA,2016,3.453031
Italy,ITA,2015,
Italy,ITA,2014,3.355694
Italy,ITA,2013,
Jamaica,JAM,2025,
Jamaica,JAM,2024,
Jamaica,JAM,2023,
Jamaica,JAM,2022,2.2
Jamaica,JAM,2021,
Jamaica,JAM,2020,
Jamaica,JAM,2019,
Jamaica,JAM,2018,2.42
Jamaica,JAM,2017,
Jamaica,JAM,2016,2.366146
Jamaica,JAM,2015,
Jamaica,JAM,2014,2.877505
Jamaica,JAM,2013,
Japan,JPN,2025,
Japan,JPN,2024,
Japan,JPN,2023,
Japan,JPN,2022,3.9
Japan,JPN,2021,
Japan,JPN,2020,
Japan,JPN,2019,
Japan,JPN,2018,3.99
Japan,JPN,2017,
Japan,JPN,2016,3.848448
Japan,JPN,2015,
Japan,JPN,2014,3.781139
Japan,JPN,2013,
Jordan,JOR,2025,
Jordan,JOR,2024,
Jordan,JOR,2023,
Jordan,JOR,2022,
Jordan,JOR,2021,
Jordan,JOR,2020,
Jordan,JOR,2019,
Jordan,JOR,2018,2.49
Jordan,JOR,2017,
Jordan,JOR,2016,2.552804
Jordan,JOR,2015,
Jordan,JOR,2014,2.596212
Jordan,JOR,2013,
Kazakhstan,KAZ,2025,
Kazakhstan,KAZ,2024,
Kazakhstan,KAZ,2023,
Kazakhstan,KAZ,2022,2.6
Kazakhstan,KAZ,2021,
Kazakhstan,KAZ,2020,
Kazakhstan,KAZ,2019,
Kazakhstan,KAZ,2018,2.66
Kazakhstan,KAZ,2017,
Kazakhstan,KAZ,2016,2.516254
Kazakhstan,KAZ,2015,
Kazakhstan,KAZ,2014,2.326113
Kazakhstan,KAZ,2013,
Kenya,KEN,2025,
Kenya,KEN,2024,
Kenya,KEN,2023,
Kenya,KEN,2022,
Kenya,KEN,2021,
Kenya,KEN,2020,
Kenya,KEN,2019,
Kenya,KEN,2018,2.65
Kenya,KEN,2017,
Kenya,KEN,2016,3.168623
Kenya,KEN,2015,
Kenya,KEN,2014,1.957639
Kenya,KEN,2013,
Kiribati,KIR,2025,
Kiribati,KIR,2024,
Kiribati,KIR,2023,
Kiribati,KIR,2022,
Kiribati,KIR,2021,
Kiribati,KIR,2020,
Kiribati,KIR,2019,
Kiribati,KIR,2018,
Kiribati,KIR,2017,
Kiribati,KIR,2016,
Kiribati,KIR,2015,
Kiribati,KIR,2014,
Kiribati,KIR,2013,
"Korea, Dem. People's Rep.",PRK,2025,
"Korea, Dem. People's Rep.",PRK,2024,
"Korea, Dem. People's Rep.",PRK,2023,
"Korea, Dem. People's Rep.",PRK,2022,
"Korea, Dem. People's Rep.",PRK,2021,
"Korea, Dem. People's Rep.",PRK,2020,
"Korea, Dem. People's Rep.",PRK,2019,
"Korea, Dem. People's Rep.",PRK,2018,
"Korea, Dem. People's Rep.",PRK,2017,
"Korea, Dem. People's Rep.",PRK,2016,
"Korea, Dem. People's Rep.",PRK,2015,
"Korea, Dem. People's Rep.",PRK,2014,
"Korea, Dem. People's Rep.",PRK,2013,
"Korea, Rep.",KOR,2025,
"Korea, Rep.",KOR,2024,
"Korea, Rep.",KOR,2023,
"Korea, Rep.",KOR,2022,3.9
"Korea, Rep.",KOR,2021,
"Korea, Rep.",KOR,2020,
"Korea, Rep.",KOR,2019,
"Korea, Rep.",KOR,2018,3.4
"Korea, Rep.",KOR,2017,
"Korea, Rep.",KOR,2016,3.453085
"Korea, Rep.",KOR,2015,
"Korea, Rep.",KOR,2014,3.471572
"Korea, Rep.",KOR,2013,
Kosovo,XKX,2025,
Kosovo,XKX,2024,
Kosovo,XKX,2023,
Kosovo,XKX,2022,
Kosovo,XKX,2021,
Kosovo,XKX,2020,
Kosovo,XKX,2019,
Kosovo,XKX,2018,
Kosovo,XKX,2017,
Kosovo,XKX,2016,
Kosovo,XKX,2015,
Kosovo,XKX,2014,
Kosovo,XKX,2013,
Kuwait,KWT,2025,
Kuwait,KWT,2024,
Kuwait,KWT,2023,
Kuwait,KWT,2022,3.2
Kuwait,KWT,2021,
Kuwait,KWT,2020,
Kuwait,KWT,2019,
Kuwait,KWT,2018,2.73
Kuwait,KWT,2017,
Kuwait,KWT,2016,2.833333
Kuwait,KWT,2015,
Kuwait,KWT,2014,2.694661
Kuwait,KWT,2013,
Kyrgyz Republic,KGZ,2025,
Kyrgyz Republic,KGZ,2024,
Kyrgyz Republic,KGZ,2023,
Kyrgyz Republic,KGZ,2022,2.2
Kyrgyz Republic,KGZ,2021,
Kyrgyz Republic,KGZ,2020,
Kyrgyz Republic,KGZ,2019,
Kyrgyz Republic,KGZ,2018,2.75
Kyrgyz Republic,KGZ,2017,
Kyrgyz Republic,KGZ,2016,1.8
Kyrgyz Republic,KGZ,2015,
Kyrgyz Republic,KGZ,2014,2.031776
Kyrgyz Republic,KGZ,2013,
Lao PDR,LAO,2025,
Lao PDR,LAO,2024,
Lao PDR,LAO,2023,
Lao PDR,LAO,2022,2.3
Lao PDR,LAO,2021,
Lao PDR,LAO,2020,
Lao PDR,LAO,2019,
Lao PDR,LAO,2018,2.61
Lao PDR,LAO,2017,
Lao PDR,LAO,2016,1.846154
Lao PDR,LAO,2015,
Lao PDR,LAO,2014,2.445139
Lao PDR,LAO,2013,
Latvia,LVA,2025,
Latvia,LVA,2024,
Latvia,LVA,2023,
Latvia,LVA,2022,3.3
Latvia,LVA,2021,
Latvia,LVA,2020,
Latvia,LVA,2019,
Latvia,LVA,2018,2.8
Latvia,LVA,2017,
Latvia,LVA,2016,3.110769
Latvia,LVA,2015,
Latvia,LVA,2014,3.221575
Latvia,LVA,2013,
Lebanon,LBN,2025,
Lebanon,LBN,2024,
Lebanon,LBN,2023,
Lebanon,LBN,2022,
Lebanon,LBN,2021,
Lebanon,LBN,2020,
Lebanon,LBN,2019,
Lebanon,LBN,2018,2.38
Lebanon,LBN,2017,
Lebanon,LBN,2016,2.727273
Lebanon,LBN,2015,
Lebanon,LBN,2014,2.294444
Lebanon,LBN,2013,
Lesotho,LSO,2025,
Lesotho,LSO,2024,
Lesotho,LSO,2023,
Lesotho,LSO,2022,
Lesotho,LSO,2021,
Lesotho,LSO,2020,
Lesotho,LSO,2019,
Lesotho,LSO,2018,2.36
Lesotho,LSO,2017,
Lesotho,LSO,2016,1.912907
Lesotho,LSO,2015,
Lesotho,LSO,2014,2.222222
Lesotho,LSO,2013,
Liberia,LBR,2025,
Liberia,LBR,2024,
Liberia,LBR,2023,
Liberia,LBR,2022,2.1
Liberia,LBR,2021,
Liberia,LBR,2020,
Liberia,LBR,2019,
Liberia,LBR,2018,1.91
Liberia,LBR,2017,
Liberia,LBR,2016,2.065724
Liberia,LBR,2015,
Liberia,LBR,2014,2.571429
Liberia,LBR,2013,
Libya,LBY,2025,
Libya,LBY,2024,
Libya,LBY,2023,
Libya,LBY,2022,1.9
Libya,LBY,2021,
Libya,LBY,2020,
Libya,LBY,2019,
Libya,LBY,2018,1.95
Libya,LBY,2017,
Libya,LBY,2016,1.884154
Libya,LBY,2015,
Libya,LBY,2014,2.411765
Libya,LBY,2013,
Liechtenstein,LIE,2025,
Liechtenstein,LIE,2024,
Liechtenstein,LIE,2023,
Liechtenstein,LIE,2022,
Liechtenstein,LIE,2021,
Liechtenstein,LIE,2020,
Liechtenstein,LIE,2019,
Liechtenstein,LIE,2018,
Liechtenstein,LIE,2017,
Liechtenstein,LIE,2016,
Liechtenstein,LIE,2015,
Liechtenstein,LIE,2014,
Liechtenstein,LIE,2013,
Lithuania,LTU,2025,
Lithuania,LTU,2024,
Lithuania,LTU,2023,
Lithuania,LTU,2022,3.2
Lithuania,LTU,2021,
Lithuania,LTU,2020,
Lithuania,LTU,2019,
Lithuania,LTU,2018,2.85
Lithuania,LTU,2017,
Lithuania,LTU,2016,3.415228
Lithuania,LTU,2015,
Lithuania,LTU,2014,3.044675
Lithuania,LTU,2013,
Luxembourg,LUX,2025,
Luxembourg,LUX,2024,
Luxembourg,LUX,2023,
Luxembourg,LUX,2022,3.6
Luxembourg,LUX,2021,
Luxembourg,LUX,2020,
Luxembourg,LUX,2019,
Luxembourg,LUX,2018,3.53
Luxembourg,LUX,2017,
Luxembourg,LUX,2016,3.9
Luxembourg,LUX,2015,
Luxembourg,LUX,2014,3.818182
Luxembourg,LUX,2013,
"Macao SAR, China",MAC,2025,
"Macao SAR, China",MAC,2024,
"Macao SAR, China",MAC,2023,
"Macao SAR, China",MAC,2022,
"Macao SAR, China",MAC,2021,
"Macao SAR, China",MAC,2020,
"Macao SAR, China",MAC,2019,
"Macao SAR, China",MAC,2018,
"Macao SAR, China",MAC,2017,
"Macao SAR, China",MAC,2016,
"Macao SAR, China",MAC,2015,
"Macao SAR, China",MAC,2014,
"Macao SAR, China",MAC,2013,
Madagascar,MDG,2025,
Madagascar,MDG,2024,
Madagascar,MDG,2023,
Madagascar,MDG,2022,1.8
Madagascar,MDG,2021,
Madagascar,MDG,2020,
Madagascar,MDG,2019,
Madagascar,MDG,2018,2.32
Madagascar,MDG,2017,
Madagascar,MDG,2016,2.331574
Madagascar,MDG,2015,
Madagascar,MDG,2014,2.056818
Madagascar,MDG,2013,
Malawi,MWI,2025,
Malawi,MWI,2024,
Malawi,MWI,2023,
Malawi,MWI,2022,
Malawi,MWI,2021,
Malawi,MWI,2020,
Malawi,MWI,2019,
Malawi,MWI,2018,2.43
Malawi,MWI,2017,
Malawi,MWI,2016,
Malawi,MWI,2015,
Malawi,MWI,2014,2.785714
Malawi,MWI,2013,
Malaysia,MYS,2025,
Malaysia,MYS,2024,
Malaysia,MYS,2023,
Malaysia,MYS,2022,3.3
Malaysia,MYS,2021,
Malaysia,MYS,2020,
Malaysia,MYS,2019,
Malaysia,MYS,2018,2.9
Malaysia,MYS,2017,
Malaysia,MYS,2016,3.167154
Malaysia,MYS,2015,
Malaysia,MYS,2014,3.36772
Malaysia,MYS,2013,
Maldives,MDV,2025,
Maldives,MDV,2024,
Maldives,MDV,2023,
Maldives,MDV,2022,
Maldives,MDV,2021,
Maldives,MDV,2020,
Maldives,MDV,2019,
Maldives,MDV,2018,2.4
Maldives,MDV,2017,
Maldives,MDV,2016,2.387452
Maldives,MDV,2015,
Maldives,MDV,2014,2.952863
Maldives,MDV,2013,
Mali,MLI,2025,
Mali,MLI,2024,
Mali,MLI,2023,
Mali,MLI,2022,2.6
Mali,MLI,2021,
Mali,MLI,2020,
Mali,MLI,2019,
Mali,MLI,2018,2.15
Mali,MLI,2017,
Mali,MLI,2016,2.446283
Mali,MLI,2015,
Mali,MLI,2014,2.083333
Mali,MLI,2013,
Malta,MLT,2025,
Malta,MLT,2024,
Malta,MLT,2023,
Malta,MLT,2022,3.4
Malta,MLT,2021,
Malta,MLT,2020,
Malta,MLT,2019,
Malta,MLT,2018,2.7
Malta,MLT,2017,
Malta,MLT,2016,2.780952
Malta,MLT,2015,
Malta,MLT,2014,3.0
Malta,MLT,2013,
Marshall Islands,MHL,2025,
Marshall Islands,MHL,2024,
Marshall Islands,MHL,2023,
Marshall Islands,MHL,2022,
Marshall Islands,MHL,2021,
Marshall Islands,MHL,2020,
Marshall Islands,MHL,2019,
Marshall Islands,MHL,2018,
Marshall Islands,MHL,2017,
Marshall Islands,MHL,2016,
Marshall Islands,MHL,2015,
Marshall Islands,MHL,2014,
Marshall Islands,MHL,2013,
Mauritania,MRT,2025,
Mauritania,MRT,2024,
Mauritania,MRT,2023,
Mauritania,MRT,2022,2.1
Mauritania,MRT,2021,
Mauritania,MRT,2020,
Mauritania,MRT,2019,
Mauritania,MRT,2018,2.2
Mauritania,MRT,2017,
Mauritania,MRT,2016,2.142857
Mauritania,MRT,2015,
Mauritania,MRT,2014,1.925
Mauritania,MRT,2013,
Mauritius,MUS,2025,
Mauritius,MUS,2024,
Mauritius,MUS,2023,
Mauritius,MUS,2022,2.4
Mauritius,MUS,2021,
Mauritius,MUS,2020,
Mauritius,MUS,2019,
Mauritius,MUS,2018,2.7
Mauritius,MUS,2017,
Mauritius,MUS,2016,
Mauritius,MUS,2015,
Mauritius,MUS,2014,2.25
Mauritius,MUS,2013,
Mexico,MEX,2025,
Mexico,MEX,2024,
Mexico,MEX,2023,
Mexico,MEX,2022,2.5
Mexico,MEX,2021,
Mexico,MEX,2020,
Mexico,MEX,2019,
Mexico,MEX,2018,2.77
Mexico,MEX,2017,
Mexico,MEX,2016,2.877615
Mexico,MEX,2015,
Mexico,MEX,2014,2.688755
Mexico,MEX,2013,
"Micronesia, Fed. Sts.",FSM,2025,
"Micronesia, Fed. Sts.",FSM,2024,
"Micronesia, Fed. Sts.",FSM,2023,
"Micronesia, Fed. Sts.",FSM,2022,
"Micronesia, Fed. Sts.",FSM,2021,
"Micronesia, Fed. Sts.",FSM,2020,
"Micronesia, Fed. Sts.",FSM,2019,
"Micronesia, Fed. Sts.",FSM,2018,
"Micronesia, Fed. Sts.",FSM,2017,
"Micronesia, Fed. Sts.",FSM,2016,
"Micronesia, Fed. Sts.",FSM,2015,
"Micronesia, Fed. Sts.",FSM,2014,
"Micronesia, Fed. Sts.",FSM,2013,
Moldova,MDA,2025,
Moldova,MDA,2024,
Moldova,MDA,2023,
Moldova,MDA,2022,1.9
Moldova,MDA,2021,
Moldova,MDA,2020,
Moldova,MDA,2019,
Moldova,MDA,2018,2.25
Moldova,MDA,2017,
Moldova,MDA,2016,2.39397
Moldova,MDA,2015,
Moldova,MDA,2014,2.461539
Moldova,MDA,2013,
Monaco,MCO,2025,
Monaco,MCO,2024,
Monaco,MCO,2023,
Monaco,MCO,2022,
Monaco,MCO,2021,
Monaco,MCO,2020,
Monaco,MCO,2019,
Monaco,MCO,2018,
Monaco,MCO,2017,
Monaco,MCO,2016,
Monaco,MCO,2015,
Monaco,MCO,2014,
Monaco,MCO,2013,
Mongolia,MNG,2025,
Mongolia,MNG,2024,
Mongolia,MNG,2023,
Mongolia,MNG,2022,2.5
Mongolia,MNG,2021,
Mongolia,MNG,2020,
Mongolia,MNG,2019,
Mongolia,MNG,2018,2.22
Mongolia,MNG,2017,
Mongolia,MNG,2016,2.392385
Mongolia,MNG,2015,
Mongolia,MNG,2014,2.2
Mongolia,MNG,2013,
Montenegro,MNE,2025,
Montenegro,MNE,2024,
Montenegro,MNE,2023,
Montenegro,MNE,2022,2.6
Montenegro,MNE,2021,
Montenegro,MNE,2020,
Montenegro,MNE,2019,
Montenegro,MNE,2018,2.56
Montenegro,MNE,2017,
Montenegro,MNE,2016,2.215074
Montenegro,MNE,2015,
Montenegro,MNE,2014,2.832234
Montenegro,MNE,2013,
Morocco,MAR,2025,
Morocco,MAR,2024,
Morocco,MAR,2023,
Morocco,MAR,2022,
Morocco,MAR,2021,
Morocco,MAR,2020,
Morocco,MAR,2019,
Morocco,MAR,2018,2.33
Morocco,MAR,2017,
Morocco,MAR,2016,2.222222
Morocco,MAR,2015,
Morocco,MAR,2014,
Morocco,MAR,2013,
Mozambique,MOZ,2025,
Mozambique,MOZ,2024,
Mozambique,MOZ,2023,
Mozambique,MOZ,2022,
Mozambique,MOZ,2021,
Mozambique,MOZ,2020,
Mozambique,MOZ,2019,
Mozambique,MOZ,2018,
Mozambique,MOZ,2017,
Mozambique,MOZ,2016,2.491724
Mozambique,MOZ,2015,
Mozambique,MOZ,2014,2.261218
Mozambique,MOZ,2013,
Myanmar,MMR,2025,
Myanmar,MMR,2024,
Myanmar,MMR,2023,
Myanmar,MMR,2022,
Myanmar,MMR,2021,
Myanmar,MMR,2020,
Myanmar,MMR,2019,
Myanmar,MMR,2018,2.17
Myanmar,MMR,2017,
Myanmar,MMR,2016,2.428571
Myanmar,MMR,2015,
Myanmar,MMR,2014,1.968452
Myanmar,MMR,2013,
Namibia,NAM,2025,
Namibia,NAM,2024,
Namibia,NAM,2023,
Namibia,NAM,2022,2.8
Namibia,NAM,2021,
Namibia,NAM,2020,
Namibia,NAM,2019,
Namibia,NAM,2018,
Namibia,NAM,2017,
Namibia,NAM,2016,2.647065
Namibia,NAM,2015,
Namibia,NAM,2014,2.272727
Namibia,NAM,2013,
Naoero,NRU,2025,
Naoero,NRU,2024,
Naoero,NRU,2023,
Naoero,NRU,2022,
Naoero,NRU,2021,
Naoero,NRU,2020,
Naoero,NRU,2019,
Naoero,NRU,2018,
Naoero,NRU,2017,
Naoero,NRU,2016,
Naoero,NRU,2015,
Naoero,NRU,2014,
Naoero,NRU,2013,
Nepal,NPL,2025,
Nepal,NPL,2024,
Nepal,NPL,2023,
Nepal,NPL,2022,
Nepal,NPL,2021,
Nepal,NPL,2020,
Nepal,NPL,2019,
Nepal,NPL,2018,2.29
Nepal,NPL,2017,
Nepal,NPL,2016,1.933333
Nepal,NPL,2015,
Nepal,NPL,2014,2.3125
Nepal,NPL,2013,
Netherlands,NLD,2025,
Netherlands,NLD,2024,
Netherlands,NLD,2023,
Netherlands,NLD,2022,3.9
Netherlands,NLD,2021,
Netherlands,NLD,2020,
Netherlands,NLD,2019,
Netherlands,NLD,2018,3.92
Netherlands,NLD,2017,
Netherlands,NLD,2016,4.122913
Netherlands,NLD,2015,
Netherlands,NLD,2014,3.963995
Netherlands,NLD,2013,
New Caledonia,NCL,2025,
New Caledonia,NCL,2024,
New Caledonia,NCL,2023,
New Caledonia,NCL,2022,
New Caledonia,NCL,2021,
New Caledonia,NCL,2020,
New Caledonia,NCL,2019,
New Caledonia,NCL,2018,
New Caledonia,NCL,2017,
New Caledonia,NCL,2016,
New Caledonia,NCL,2015,
New Caledonia,NCL,2014,
New Caledonia,NCL,2013,
New Zealand,NZL,2025,
New Zealand,NZL,2024,
New Zealand,NZL,2023,
New Zealand,NZL,2022,3.4
New Zealand,NZL,2021,
New Zealand,NZL,2020,
New Zealand,NZL,2019,
New Zealand,NZL,2018,3.71
New Zealand,NZL,2017,
New Zealand,NZL,2016,3.180074
New Zealand,NZL,2015,
New Zealand,NZL,2014,3.921443
New Zealand,NZL,2013,
Nicaragua,NIC,2025,
Nicaragua,NIC,2024,
Nicaragua,NIC,2023,
Nicaragua,NIC,2022,2.0
Nicaragua,NIC,2021,
Nicaragua,NIC,2020,
Nicaragua,NIC,2019,
Nicaragua,NIC,2018,
Nicaragua,NIC,2017,
Nicaragua,NIC,2016,2.480624
Nicaragua,NIC,2015,
Nicaragua,NIC,2014,2.663827
Nicaragua,NIC,2013,
Niger,NER,2025,
Niger,NER,2024,
Niger,NER,2023,
Niger,NER,2022,
Niger,NER,2021,
Niger,NER,2020,
Niger,NER,2019,
Niger,NER,2018,1.77
Niger,NER,2017,
Niger,NER,2016,2.587413
Niger,NER,2015,
Niger,NER,2014,2.485543
Niger,NER,2013,
Nigeria,NGA,2025,
Nigeria,NGA,2024,
Nigeria,NGA,2023,
Nigeria,NGA,2022,2.4
Nigeria,NGA,2021,
Nigeria,NGA,2020,
Nigeria,NGA,2019,
Nigeria,NGA,2018,1.97
Nigeria,NGA,2017,
Nigeria,NGA,2016,2.46198
Nigeria,NGA,2015,
Nigeria,NGA,2014,2.348629
Nigeria,NGA,2013,
North Macedonia,MKD,2025,
North Macedonia,MKD,2024,
North Macedonia,MKD,2023,
North Macedonia,MKD,2022,3.1
North Macedonia,MKD,2021,
North Macedonia,MKD,2020,
North Macedonia,MKD,2019,
North Macedonia,MKD,2018,2.45
North Macedonia,MKD,2017,
North Macedonia,MKD,2016,2.211555
North Macedonia,MKD,2015,
North Macedonia,MKD,2014,2.351616
North Macedonia,MKD,2013,
Northern Mariana Islands,MNP,2025,
Northern Mariana Islands,MNP,2024,
Northern Mariana Islands,MNP,2023,
Northern Mariana Islands,MNP,2022,
Northern Mariana Islands,MNP,2021,
Northern Mariana Islands,MNP,2020,
Northern Mariana Islands,MNP,2019,
Northern Mariana Islands,MNP,2018,
Northern Mariana Islands,MNP,2017,
Northern Mariana Islands,MNP,2016,
Northern Mariana Islands,MNP,2015,
Northern Mariana Islands,MNP,2014,
Northern Mariana Islands,MNP,2013,
Norway,NOR,2025,
Norway,NOR,2024,
Norway,NOR,2023,
Norway,NOR,2022,3.8
Norway,NOR,2021,
Norway,NOR,2020,
Norway,NOR,2019,
Norway,NOR,2018,3.52
Norway,NOR,2017,
Norway,NOR,2016,3.567236
Norway,NOR,2015,
Norway,NOR,2014,4.20779
Norway,NOR,2013,
Oman,OMN,2025,
Oman,OMN,2024,
Oman,OMN,2023,
Oman,OMN,2022,3.0
Oman,OMN,2021,
Oman,OMN,2020,
Oman,OMN,2019,
Oman,OMN,2018,2.87
Oman,OMN,2017,
Oman,OMN,2016,2.764706
Oman,OMN,2015,
Oman,OMN,2014,2.634615
Oman,OMN,2013,
Pakistan,PAK,2025,
Pakistan,PAK,2024,
Pakistan,PAK,2023,
Pakistan,PAK,2022,
Pakistan,PAK,2021,
Pakistan,PAK,2020,
Pakistan,PAK,2019,
Pakistan,PAK,2018,2.12
Pakistan,PAK,2017,
Pakistan,PAK,2016,2.66162
Pakistan,PAK,2015,
Pakistan,PAK,2014,2.842105
Pakistan,PAK,2013,
Palau,PLW,2025,
Palau,PLW,2024,
Palau,PLW,2023,
Palau,PLW,2022,
Palau,PLW,2021,
Palau,PLW,2020,
Palau,PLW,2019,
Palau,PLW,2018,
Palau,PLW,2017,
Palau,PLW,2016,
Palau,PLW,2015,
Palau,PLW,2014,
Palau,PLW,2013,
Panama,PAN,2025,
Panama,PAN,2024,
Panama,PAN,2023,
Panama,PAN,2022,3.0
Panama,PAN,2021,
Panama,PAN,2020,
Panama,PAN,2019,
Panama,PAN,2018,2.87
Panama,PAN,2017,
Panama,PAN,2016,3.133333
Panama,PAN,2015,
Panama,PAN,2014,3.149714
Panama,PAN,2013,
Papua New Guinea,PNG,2025,
Papua New Guinea,PNG,2024,
Papua New Guinea,PNG,2023,
Papua New Guinea,PNG,2022,2.4
Papua New Guinea,PNG,2021,
Papua New Guinea,PNG,2020,
Papua New Guinea,PNG,2019,
Papua New Guinea,PNG,2018,2.32
Papua New Guinea,PNG,2017,
Papua New Guinea,PNG,2016,2.55045
Papua New Guinea,PNG,2015,
Papua New Guinea,PNG,2014,2.4
Papua New Guinea,PNG,2013,
Paraguay,PRY,2025,
Paraguay,PRY,2024,
Paraguay,PRY,2023,
Paraguay,PRY,2022,2.4
Paraguay,PRY,2021,
Paraguay,PRY,2020,
Paraguay,PRY,2019,
Paraguay,PRY,2018,2.64
Paraguay,PRY,2017,
Paraguay,PRY,2016,2.384127
Paraguay,PRY,2015,
Paraguay,PRY,2014,2.493614
Paraguay,PRY,2013,
Peru,PER,2025,
Peru,PER,2024,
Peru,PER,2023,
Peru,PER,2022,2.6
Peru,PER,2021,
Peru,PER,2020,
Peru,PER,2019,
Peru,PER,2018,2.53
Peru,PER,2017,
Peru,PER,2016,2.755978
Peru,PER,2015,
Peru,PER,2014,2.46875
Peru,PER,2013,
Philippines,PHL,2025,
Philippines,PHL,2024,
Philippines,PHL,2023,
Philippines,PHL,2022,2.8
Philippines,PHL,2021,
Philippines,PHL,2020,
Philippines,PHL,2019,
Philippines,PHL,2018,2.53
Philippines,PHL,2017,
Philippines,PHL,2016,2.608477
Philippines,PHL,2015,
Philippines,PHL,2014,3.0
Philippines,PHL,2013,
Poland,POL,2025,
Poland,POL,2024,
Poland,POL,2023,
Poland,POL,2022,3.4
Poland,POL,2021,
Poland,POL,2020,
Poland,POL,2019,
Poland,POL,2018,3.25
Poland,POL,2017,
Poland,POL,2016,3.266692
Poland,POL,2015,
Poland,POL,2014,3.25534
Poland,POL,2013,
Portugal,PRT,2025,
Portugal,PRT,2024,
Portugal,PRT,2023,
Portugal,PRT,2022,3.2
Portugal,PRT,2021,
Portugal,PRT,2020,
Portugal,PRT,2019,
Portugal,PRT,2018,3.17
Portugal,PRT,2017,
Portugal,PRT,2016,3.37322
Portugal,PRT,2015,
Portugal,PRT,2014,3.263158
Portugal,PRT,2013,
Puerto Rico (US),PRI,2025,
Puerto Rico (US),PRI,2024,
Puerto Rico (US),PRI,2023,
Puerto Rico (US),PRI,2022,
Puerto Rico (US),PRI,2021,
Puerto Rico (US),PRI,2020,
Puerto Rico (US),PRI,2019,
Puerto Rico (US),PRI,2018,
Puerto Rico (US),PRI,2017,
Puerto Rico (US),PRI,2016,
Puerto Rico (US),PRI,2015,
Puerto Rico (US),PRI,2014,
Puerto Rico (US),PRI,2013,
Qatar,QAT,2025,
Qatar,QAT,2024,
Qatar,QAT,2023,
Qatar,QAT,2022,3.1
Qatar,QAT,2021,
Qatar,QAT,2020,
Qatar,QAT,2019,
Qatar,QAT,2018,3.0
Qatar,QAT,2017,
Qatar,QAT,2016,3.551227
Qatar,QAT,2015,
Qatar,QAT,2014,3.206818
Qatar,QAT,2013,
Romania,ROU,2025,
Romania,ROU,2024,
Romania,ROU,2023,
Romania,ROU,2022,2.7
Romania,ROU,2021,
Romania,ROU,2020,
Romania,ROU,2019,
Romania,ROU,2018,2.58
Romania,ROU,2017,
Romania,ROU,2016,3.0
Romania,ROU,2015,
Romania,ROU,2014,2.832622
Romania,ROU,2013,
Russian Federation,RUS,2025,
Russian Federation,RUS,2024,
Russian Federation,RUS,2023,
Russian Federation,RUS,2022,2.4
Russian Federation,RUS,2021,
Russian Federation,RUS,2020,
Russian Federation,RUS,2019,
Russian Federation,RUS,2018,2.42
Russian Federation,RUS,2017,
Russian Federation,RUS,2016,2.006429
Russian Federation,RUS,2015,
Russian Federation,RUS,2014,2.2
Russian Federation,RUS,2013,
Rwanda,RWA,2025,
Rwanda,RWA,2024,
Rwanda,RWA,2023,
Rwanda,RWA,2022,2.5
Rwanda,RWA,2021,
Rwanda,RWA,2020,
Rwanda,RWA,2019,
Rwanda,RWA,2018,2.67
Rwanda,RWA,2017,
Rwanda,RWA,2016,2.933449
Rwanda,RWA,2015,
Rwanda,RWA,2014,2.5
Rwanda,RWA,2013,
Samoa,WSM,2025,
Samoa,WSM,2024,
Samoa,WSM,2023,
Samoa,WSM,2022,
Samoa,WSM,2021,
Samoa,WSM,2020,
Samoa,WSM,2019,
Samoa,WSM,2018,
Samoa,WSM,2017,
Samoa,WSM,2016,
Samoa,WSM,2015,
Samoa,WSM,2014,
Samoa,WSM,2013,
San Marino,SMR,2025,
San Marino,SMR,2024,
San Marino,SMR,2023,
San Marino,SMR,2022,
San Marino,SMR,2021,
San Marino,SMR,2020,
San Marino,SMR,2019,
San Marino,SMR,2018,
San Marino,SMR,2017,
San Marino,SMR,2016,
San Marino,SMR,2015,
San Marino,SMR,2014,
San Marino,SMR,2013,
Sao Tome and Principe,STP,2025,
Sao Tome and Principe,STP,2024,
Sao Tome and Principe,STP,2023,
Sao Tome and Principe,STP,2022,
Sao Tome and Principe,STP,2021,
Sao Tome and Principe,STP,2020,
Sao Tome and Principe,STP,2019,
Sao Tome and Principe,STP,2018,2.71
Sao Tome and Principe,STP,2017,
Sao Tome and Principe,STP,2016,2.239876
Sao Tome and Principe,STP,2015,
Sao Tome and Principe,STP,2014,2.416667
Sao Tome and Principe,STP,2013,
Saudi Arabia,SAU,2025,
Saudi Arabia,SAU,2024,
Saudi Arabia,SAU,2023,
Saudi Arabia,SAU,2022,3.0
Saudi Arabia,SAU,2021,
Saudi Arabia,SAU,2020,
Saudi Arabia,SAU,2019,
Saudi Arabia,SAU,2018,2.66
Saudi Arabia,SAU,2017,
Saudi Arabia,SAU,2016,2.691371
Saudi Arabia,SAU,2015,
Saudi Arabia,SAU,2014,2.85644
Saudi Arabia,SAU,2013,
Senegal,SEN,2025,
Senegal,SEN,2024,
Senegal,SEN,2023,
Senegal,SEN,2022,
Senegal,SEN,2021,
Senegal,SEN,2020,
Senegal,SEN,2019,
Senegal,SEN,2018,2.17
Senegal,SEN,2017,
Senegal,SEN,2016,2.314744
Senegal,SEN,2015,
Senegal,SEN,2014,2.611111
Senegal,SEN,2013,
Serbia,SRB,2025,
Serbia,SRB,2024,
Serbia,SRB,2023,
Serbia,SRB,2022,2.2
Serbia,SRB,2021,
Serbia,SRB,2020,
Serbia,SRB,2019,
Serbia,SRB,2018,2.6
Serbia,SRB,2017,
Serbia,SRB,2016,2.5
Serbia,SRB,2015,
Serbia,SRB,2014,2.370655
Serbia,SRB,2013,
Seychelles,SYC,2025,
Seychelles,SYC,2024,
Seychelles,SYC,2023,
Seychelles,SYC,2022,
Seychelles,SYC,2021,
Seychelles,SYC,2020,
Seychelles,SYC,2019,
Seychelles,SYC,2018,
Seychelles,SYC,2017,
Seychelles,SYC,2016,
Seychelles,SYC,2015,
Seychelles,SYC,2014,
Seychelles,SYC,2013,
Sierra Leone,SLE,2025,
Sierra Leone,SLE,2024,
Sierra Leone,SLE,2023,
Sierra Leone,SLE,2022,
Sierra Leone,SLE,2021,
Sierra Leone,SLE,2020,
Sierra Leone,SLE,2019,
Sierra Leone,SLE,2018,1.82
Sierra Leone,SLE,2017,
Sierra Leone,SLE,2016,1.909091
Sierra Leone,SLE,2015,
Sierra Leone,SLE,2014,
Sierra Leone,SLE,2013,
Singapore,SGP,2025,
Singapore,SGP,2024,
Singapore,SGP,2023,
Singapore,SGP,2022,4.2
Singapore,SGP,2021,
Singapore,SGP,2020,
Singapore,SGP,2019,
Singapore,SGP,2018,3.89
Singapore,SGP,2017,
Singapore,SGP,2016,4.178941
Singapore,SGP,2015,
Singapore,SGP,2014,4.007115
Singapore,SGP,2013,
Sint Maarten (Dutch part),SXM,2025,
Sint Maarten (Dutch part),SXM,2024,
Sint Maarten (Dutch part),SXM,2023,
Sint Maarten (Dutch part),SXM,2022,
Sint Maarten (Dutch part),SXM,2021,
Sint Maarten (Dutch part),SXM,2020,
Sint Maarten (Dutch part),SXM,2019,
Sint Maarten (Dutch part),SXM,2018,
Sint Maarten (Dutch part),SXM,2017,
Sint Maarten (Dutch part),SXM,2016,
Sint Maarten (Dutch part),SXM,2015,
Sint Maarten (Dutch part),SXM,2014,
Sint Maarten (Dutch part),SXM,2013,
Slovak Republic,SVK,2025,
Slovak Republic,SVK,2024,
Slovak Republic,SVK,2023,
Slovak Republic,SVK,2022,3.2
Slovak Republic,SVK,2021,
Slovak Republic,SVK,2020,
Slovak Republic,SVK,2019,
Slovak Republic,SVK,2018,2.79
Slovak Republic,SVK,2017,
Slovak Republic,SVK,2016,3.277778
Slovak Republic,SVK,2015,
Slovak Republic,SVK,2014,2.888889
Slovak Republic,SVK,2013,
Slovenia,SVN,2025,
Slovenia,SVN,2024,
Slovenia,SVN,2023,
Slovenia,SVN,2022,3.4
Slovenia,SVN,2021,
Slovenia,SVN,2020,
Slovenia,SVN,2019,
Slovenia,SVN,2018,3.42
Slovenia,SVN,2017,
Slovenia,SVN,2016,2.882353
Slovenia,SVN,2015,
Slovenia,SVN,2014,3.113836
Slovenia,SVN,2013,
Solomon Islands,SLB,2025,
Solomon Islands,SLB,2024,
Solomon Islands,SLB,2023,
Solomon Islands,SLB,2022,2.4
Solomon Islands,SLB,2021,
Solomon Islands,SLB,2020,
Solomon Islands,SLB,2019,
Solomon Islands,SLB,2018,2.77
Solomon Islands,SLB,2017,
Solomon Islands,SLB,2016,2.6
Solomon Islands,SLB,2015,
Solomon Islands,SLB,2014,2.492677
Solomon Islands,SLB,2013,
"Somalia, Fed. Rep.",SOM,2025,
"Somalia, Fed. Rep.",SOM,2024,
"Somalia, Fed. Rep.",SOM,2023,
"Somalia, Fed. Rep.",SOM,2022,1.5
"Somalia, Fed. Rep.",SOM,2021,
"Somalia, Fed. Rep.",SOM,2020,
"Somalia, Fed. Rep.",SOM,2019,
"Somalia, Fed. Rep.",SOM,2018,2.0
"Somalia, Fed. Rep.",SOM,2017,
"Somalia, Fed. Rep.",SOM,2016,1.285714
"Somalia, Fed. Rep.",SOM,2015,
"Somalia, Fed. Rep.",SOM,2014,2.0
"Somalia, Fed. Rep.",SOM,2013,
South Africa,ZAF,2025,
South Africa,ZAF,2024,
South Africa,ZAF,2023,
South Africa,ZAF,2022,3.3
South Africa,ZAF,2021,
South Africa,ZAF,2020,
South Africa,ZAF,2019,
South Africa,ZAF,2018,3.17
South Africa,ZAF,2017,
South Africa,ZAF,2016,3.59546
South Africa,ZAF,2015,
South Africa,ZAF,2014,3.107811
South Africa,ZAF,2013,
South Sudan,SSD,2025,
South Sudan,SSD,2024,
South Sudan,SSD,2023,
South Sudan,SSD,2022,
South Sudan,SSD,2021,
South Sudan,SSD,2020,
South Sudan,SSD,2019,
South Sudan,SSD,2018,
South Sudan,SSD,2017,
South Sudan,SSD,2016,
South Sudan,SSD,2015,
South Sudan,SSD,2014,
South Sudan,SSD,2013,
Spain,ESP,2025,
Spain,ESP,2024,
Spain,ESP,2023,
Spain,ESP,2022,3.6
Spain,ESP,2021,
Spain,ESP,2020,
Spain,ESP,2019,
Spain,ESP,2018,3.62
Spain,ESP,2017,
Spain,ESP,2016,3.477058
Spain,ESP,2015,
Spain,ESP,2014,3.62747
Spain,ESP,2013,
Sri Lanka,LKA,2025,
Sri Lanka,LKA,2024,
Sri Lanka,LKA,2023,
Sri Lanka,LKA,2022,2.5
Sri Lanka,LKA,2021,
Sri Lanka,LKA,2020,
Sri Lanka,LKA,2019,
Sri Lanka,LKA,2018,2.58
Sri Lanka,LKA,2017,
Sri Lanka,LKA,2016,
Sri Lanka,LKA,2015,
Sri Lanka,LKA,2014,2.5625
Sri Lanka,LKA,2013,
St. Kitts and Nevis,KNA,2025,
St. Kitts and Nevis,KNA,2024,
St. Kitts and Nevis,KNA,2023,
St. Kitts and Nevis,KNA,2022,
St. Kitts and Nevis,KNA,2021,
St. Kitts and Nevis,KNA,2020,
St. Kitts and Nevis,KNA,2019,
St. Kitts and Nevis,KNA,2018,
St. Kitts and Nevis,KNA,2017,
St. Kitts and Nevis,KNA,2016,
St. Kitts and Nevis,KNA,2015,
St. Kitts and Nevis,KNA,2014,
St. Kitts and Nevis,KNA,2013,
St. Lucia,LCA,2025,
St. Lucia,LCA,2024,
St. Lucia,LCA,2023,
St. Lucia,LCA,2022,
St. Lucia,LCA,2021,
St. Lucia,LCA,2020,
St. Lucia,LCA,2019,
St. Lucia,LCA,2018,
St. Lucia,LCA,2017,
St. Lucia,LCA,2016,
St. Lucia,LCA,2015,
St. Lucia,LCA,2014,
St. Lucia,LCA,2013,
St. Martin (French part),MAF,2025,
St. Martin (French part),MAF,2024,
St. Martin (French part),MAF,2023,
St. Martin (French part),MAF,2022,
St. Martin (French part),MAF,2021,
St. Martin (French part),MAF,2020,
St. Martin (French part),MAF,2019,
St. Martin (French part),MAF,2018,
St. Martin (French part),MAF,2017,
St. Martin (French part),MAF,2016,
St. Martin (French part),MAF,2015,
St. Martin (French part),MAF,2014,
St. Martin (French part),MAF,2013,
St. Vincent and the Grenadines,VCT,2025,
St. Vincent and the Grenadines,VCT,2024,
St. Vincent and the Grenadines,VCT,2023,
St. Vincent and the Grenadines,VCT,2022,
St. Vincent and the Grenadines,VCT,2021,
St. Vincent and the Grenadines,VCT,2020,
St. Vincent and the Grenadines,VCT,2019,
St. Vincent and the Grenadines,VCT,2018,
St. Vincent and the Grenadines,VCT,2017,
St. Vincent and the Grenadines,VCT,2016,
St. Vincent and the Grenadines,VCT,2015,
St. Vincent and the Grenadines,VCT,2014,
St. Vincent and the Grenadines,VCT,2013,
Sudan,SDN,2025,
Sudan,SDN,2024,
Sudan,SDN,2023,
Sudan,SDN,2022,2.1
Sudan,SDN,2021,
Sudan,SDN,2020,
Sudan,SDN,2019,
Sudan,SDN,2018,2.14
Sudan,SDN,2017,
Sudan,SDN,2016,2.234106
Sudan,SDN,2015,
Sudan,SDN,2014,1.866542
Sudan,SDN,2013,
Suriname,SUR,2025,
Suriname,SUR,2024,
Suriname,SUR,2023,
Suriname,SUR,2022,
Suriname,SUR,2021,
Suriname,SUR,2020,
Suriname,SUR,2019,
Suriname,SUR,2018,
Suriname,SUR,2017,
Suriname,SUR,2016,
Suriname,SUR,2015,
Suriname,SUR,2014,
Suriname,SUR,2013,
Sweden,SWE,2025,
Sweden,SWE,2024,
Sweden,SWE,2023,
Sweden,SWE,2022,4.0
Sweden,SWE,2021,
Sweden,SWE,2020,
Sweden,SWE,2019,
Sweden,SWE,2018,4.05
Sweden,SWE,2017,
Sweden,SWE,2016,3.915508
Sweden,SWE,2015,
Sweden,SWE,2014,3.75
Sweden,SWE,2013,
Switzerland,CHE,2025,
Switzerland,CHE,2024,
Switzerland,CHE,2023,
Switzerland,CHE,2022,4.1
Switzerland,CHE,2021,
Switzerland,CHE,2020,
Switzerland,CHE,2019,
Switzerland,CHE,2018,3.63
Switzerland,CHE,2017,
Switzerland,CHE,2016,3.879906
Switzerland,CHE,2015,
Switzerland,CHE,2014,3.919063
Switzerland,CHE,2013,
Syrian Arab Republic,SYR,2025,
Syrian Arab Republic,SYR,2024,
Syrian Arab Republic,SYR,2023,
Syrian Arab Republic,SYR,2022,2.2
Syrian Arab Republic,SYR,2021,
Syrian Arab Republic,SYR,2020,
Syrian Arab Republic,SYR,2019,
Syrian Arab Republic,SYR,2018,1.82
Syrian Arab Republic,SYR,2017,
Syrian Arab Republic,SYR,2016,1.111111
Syrian Arab Republic,SYR,2015,
Syrian Arab Republic,SYR,2014,2.071006
Syrian Arab Republic,SYR,2013,
Tajikistan,TJK,2025,
Tajikistan,TJK,2024,
Tajikistan,TJK,2023,
Tajikistan,TJK,2022,2.2
Tajikistan,TJK,2021,
Tajikistan,TJK,2020,
Tajikistan,TJK,2019,
Tajikistan,TJK,2018,1.92
Tajikistan,TJK,2017,
Tajikistan,TJK,2016,1.933333
Tajikistan,TJK,2015,
Tajikistan,TJK,2014,2.352212
Tajikistan,TJK,2013,
Tanzania,TZA,2025,
Tanzania,TZA,2024,
Tanzania,TZA,2023,
Tanzania,TZA,2022,
Tanzania,TZA,2021,
Tanzania,TZA,2020,
Tanzania,TZA,2019,
Tanzania,TZA,2018,
Tanzania,TZA,2017,
Tanzania,TZA,2016,2.775661
Tanzania,TZA,2015,
Tanzania,TZA,2014,2.1875
Tanzania,TZA,2013,
Thailand,THA,2025,
Thailand,THA,2024,
Thailand,THA,2023,
Thailand,THA,2022,3.3
Thailand,THA,2021,
Thailand,THA,2020,
Thailand,THA,2019,
Thailand,THA,2018,3.14
Thailand,THA,2017,
Thailand,THA,2016,3.105066
Thailand,THA,2015,
Thailand,THA,2014,3.20915
Thailand,THA,2013,
Timor-Leste,TLS,2025,
Timor-Leste,TLS,2024,
Timor-Leste,TLS,2023,
Timor-Leste,TLS,2022,
Timor-Leste,TLS,2021,
Timor-Leste,TLS,2020,
Timor-Leste,TLS,2019,
Timor-Leste,TLS,2018,
Timor-Leste,TLS,2017,
Timor-Leste,TLS,2016,
Timor-Leste,TLS,2015,
Timor-Leste,TLS,2014,
Timor-Leste,TLS,2013,
Togo,TGO,2025,
Togo,TGO,2024,
Togo,TGO,2023,
Togo,TGO,2022,2.3
Togo,TGO,2021,
Togo,TGO,2020,
Togo,TGO,2019,
Togo,TGO,2018,2.31
Togo,TGO,2017,
Togo,TGO,2016,2.490787
Togo,TGO,2015,
Togo,TGO,2014,2.090909
Togo,TGO,2013,
Tonga,TON,2025,
Tonga,TON,2024,
Tonga,TON,2023,
Tonga,TON,2022,
Tonga,TON,2021,
Tonga,TON,2020,
Tonga,TON,2019,
Tonga,TON,2018,
Tonga,TON,2017,
Tonga,TON,2016,
Tonga,TON,2015,
Tonga,TON,2014,
Tonga,TON,2013,
Trinidad and Tobago,TTO,2025,
Trinidad and Tobago,TTO,2024,
Trinidad and Tobago,TTO,2023,
Trinidad and Tobago,TTO,2022,2.2
Trinidad and Tobago,TTO,2021,
Trinidad and Tobago,TTO,2020,
Trinidad and Tobago,TTO,2019,
Trinidad and Tobago,TTO,2018,2.42
Trinidad and Tobago,TTO,2017,
Trinidad and Tobago,TTO,2016,2.377717
Trinidad and Tobago,TTO,2015,
Trinidad and Tobago,TTO,2014,
Trinidad and Tobago,TTO,2013,
Tunisia,TUN,2025,
Tunisia,TUN,2024,
Tunisia,TUN,2023,
Tunisia,TUN,2022,
Tunisia,TUN,2021,
Tunisia,TUN,2020,
Tunisia,TUN,2019,
Tunisia,TUN,2018,2.38
Tunisia,TUN,2017,
Tunisia,TUN,2016,1.963889
Tunisia,TUN,2015,
Tunisia,TUN,2014,2.015987
Tunisia,TUN,2013,
Turkiye,TUR,2025,
Turkiye,TUR,2024,
Turkiye,TUR,2023,
Turkiye,TUR,2022,3.0
Turkiye,TUR,2021,
Turkiye,TUR,2020,
Turkiye,TUR,2019,
Turkiye,TUR,2018,2.71
Turkiye,TUR,2017,
Turkiye,TUR,2016,3.181555
Turkiye,TUR,2015,
Turkiye,TUR,2014,3.232654
Turkiye,TUR,2013,
Turkmenistan,TKM,2025,
Turkmenistan,TKM,2024,
Turkmenistan,TKM,2023,
Turkmenistan,TKM,2022,
Turkmenistan,TKM,2021,
Turkmenistan,TKM,2020,
Turkmenistan,TKM,2019,
Turkmenistan,TKM,2018,2.35
Turkmenistan,TKM,2017,
Turkmenistan,TKM,2016,2.0
Turkmenistan,TKM,2015,
Turkmenistan,TKM,2014,2.314429
Turkmenistan,TKM,2013,
Turks and Caicos Islands,TCA,2025,
Turks and Caicos Islands,TCA,2024,
Turks and Caicos Islands,TCA,2023,
Turks and Caicos Islands,TCA,2022,
Turks and Caicos Islands,TCA,2021,
Turks and Caicos Islands,TCA,2020,
Turks and Caicos Islands,TCA,2019,
Turks and Caicos Islands,TCA,2018,
Turks and Caicos Islands,TCA,2017,
Turks and Caicos Islands,TCA,2016,
Turks and Caicos Islands,TCA,2015,
Turks and Caicos Islands,TCA,2014,
Turks and Caicos Islands,TCA,2013,
Tuvalu,TUV,2025,
Tuvalu,TUV,2024,
Tuvalu,TUV,2023,
Tuvalu,TUV,2022,
Tuvalu,TUV,2021,
Tuvalu,TUV,2020,
Tuvalu,TUV,2019,
Tuvalu,TUV,2018,
Tuvalu,TUV,2017,
Tuvalu,TUV,2016,
Tuvalu,TUV,2015,
Tuvalu,TUV,2014,
Tuvalu,TUV,2013,
Uganda,UGA,2025,
Uganda,UGA,2024,
Uganda,UGA,2023,
Uganda,UGA,2022,
Uganda,UGA,2021,
Uganda,UGA,2020,
Uganda,UGA,2019,
Uganda,UGA,2018,2.61
Uganda,UGA,2017,
Uganda,UGA,2016,2.97229
Uganda,UGA,2015,
Uganda,UGA,2014,
Uganda,UGA,2013,
Ukraine,UKR,2025,
Ukraine,UKR,2024,
Ukraine,UKR,2023,
Ukraine,UKR,2022,2.4
Ukraine,UKR,2021,
Ukraine,UKR,2020,
Ukraine,UKR,2019,
Ukraine,UKR,2018,2.49
Ukraine,UKR,2017,
Ukraine,UKR,2016,2.303671
Ukraine,UKR,2015,
Ukraine,UKR,2014,2.690782
Ukraine,UKR,2013,
United Arab Emirates,ARE,2025,
United Arab Emirates,ARE,2024,
United Arab Emirates,ARE,2023,
United Arab Emirates,ARE,2022,3.7
United Arab Emirates,ARE,2021,
United Arab Emirates,ARE,2020,
United Arab Emirates,ARE,2019,
United Arab Emirates,ARE,2018,3.63
United Arab Emirates,ARE,2017,
United Arab Emirates,ARE,2016,3.835051
United Arab Emirates,ARE,2015,
United Arab Emirates,ARE,2014,3.41979
United Arab Emirates,ARE,2013,
United Kingdom,GBR,2025,
United Kingdom,GBR,2024,
United Kingdom,GBR,2023,
United Kingdom,GBR,2022,3.5
United Kingdom,GBR,2021,
United Kingdom,GBR,2020,
United Kingdom,GBR,2019,
United Kingdom,GBR,2018,3.77
United Kingdom,GBR,2017,
United Kingdom,GBR,2016,3.983798
United Kingdom,GBR,2015,
United Kingdom,GBR,2014,3.938881
United Kingdom,GBR,2013,
United States,USA,2025,
United States,USA,2024,
United States,USA,2023,
United States,USA,2022,3.7
United States,USA,2021,
United States,USA,2020,
United States,USA,2019,
United States,USA,2018,3.78
United States,USA,2017,
United States,USA,2016,3.752486
United States,USA,2015,
United States,USA,2014,3.728529
United States,USA,2013,
Uruguay,URY,2025,
Uruguay,URY,2024,
Uruguay,URY,2023,
Uruguay,URY,2022,2.9
Uruguay,URY,2021,
Uruguay,URY,2020,
Uruguay,URY,2019,
Uruguay,URY,2018,2.51
Uruguay,URY,2017,
Uruguay,URY,2016,2.781273
Uruguay,URY,2015,
Uruguay,URY,2014,2.388889
Uruguay,URY,2013,
Uzbekistan,UZB,2025,
Uzbekistan,UZB,2024,
Uzbekistan,UZB,2023,
Uzbekistan,UZB,2022,2.6
Uzbekistan,UZB,2021,
Uzbekistan,UZB,2020,
Uzbekistan,UZB,2019,
Uzbekistan,UZB,2018,2.1
Uzbekistan,UZB,2017,
Uzbekistan,UZB,2016,2.318974
Uzbekistan,UZB,2015,
Uzbekistan,UZB,2014,1.8
Uzbekistan,UZB,2013,
Vanuatu,VUT,2025,
Vanuatu,VUT,2024,
Vanuatu,VUT,2023,
Vanuatu,VUT,2022,
Vanuatu,VUT,2021,
Vanuatu,VUT,2020,
Vanuatu,VUT,2019,
Vanuatu,VUT,2018,
Vanuatu,VUT,2017,
Vanuatu,VUT,2016,
Vanuatu,VUT,2015,
Vanuatu,VUT,2014,
Vanuatu,VUT,2013,
"Venezuela, RB",VEN,2025,
"Venezuela, RB",VEN,2024,
"Venezuela, RB",VEN,2023,
"Venezuela, RB",VEN,2022,2.1
"Venezuela, RB",VEN,2021,
"Venezuela, RB",VEN,2020,
"Venezuela, RB",VEN,2019,
"Venezuela, RB",VEN,2018,1.79
"Venezuela, RB",VEN,2017,
"Venezuela, RB",VEN,2016,1.985438
"Venezuela, RB",VEN,2015,
"Venezuela, RB",VEN,2014,2.391304
"Venezuela, RB",VEN,2013,
Viet Nam,VNM,2025,
Viet Nam,VNM,2024,
Viet Nam,VNM,2023,
Viet Nam,VNM,2022,3.1
Viet Nam,VNM,2021,
Viet Nam,VNM,2020,
Viet Nam,VNM,2019,
Viet Nam,VNM,2018,2.95
Viet Nam,VNM,2017,
Viet Nam,VNM,2016,2.75055
Viet Nam,VNM,2015,
Viet Nam,VNM,2014,2.809177
Viet Nam,VNM,2013,
Virgin Islands (U.S.),VIR,2025,
Virgin Islands (U.S.),VIR,2024,
Virgin Islands (U.S.),VIR,2023,
Virgin Islands (U.S.),VIR,2022,
Virgin Islands (U.S.),VIR,2021,
Virgin Islands (U.S.),VIR,2020,
Virgin Islands (U.S.),VIR,2019,
Virgin Islands (U.S.),VIR,2018,
Virgin Islands (U.S.),VIR,2017,
Virgin Islands (U.S.),VIR,2016,
Virgin Islands (U.S.),VIR,2015,
Virgin Islands (U.S.),VIR,2014,
Virgin Islands (U.S.),VIR,2013,
West Bank and Gaza,PSE,2025,
West Bank and Gaza,PSE,2024,
West Bank and Gaza,PSE,2023,
West Bank and Gaza,PSE,2022,
West Bank and Gaza,PSE,2021,
West Bank and Gaza,PSE,2020,
West Bank and Gaza,PSE,2019,
West Bank and Gaza,PSE,2018,
West Bank and Gaza,PSE,2017,
West Bank and Gaza,PSE,2016,
West Bank and Gaza,PSE,2015,
West Bank and Gaza,PSE,2014,
West Bank and Gaza,PSE,2013,
"Yemen, Rep.",YEM,2025,
"Yemen, Rep.",YEM,2024,
"Yemen, Rep.",YEM,2023,
"Yemen, Rep.",YEM,2022,1.7
"Yemen, Rep.",YEM,2021,
"Yemen, Rep.",YEM,2020,
"Yemen, Rep.",YEM,2019,
"Yemen, Rep.",YEM,2018,2.4
"Yemen, Rep.",YEM,2017,
"Yemen, Rep.",YEM,2016,
"Yemen, Rep.",YEM,2015,
"Yemen, Rep.",YEM,2014,1.625
"Yemen, Rep.",YEM,2013,
Zambia,ZMB,2025,
Zambia,ZMB,2024,
Zambia,ZMB,2023,
Zambia,ZMB,2022,
Zambia,ZMB,2021,
Zambia,ZMB,2020,
Zambia,ZMB,2019,
Zambia,ZMB,2018,2.18
Zambia,ZMB,2017,
Zambia,ZMB,2016,2.246019
Zambia,ZMB,2015,
Zambia,ZMB,2014,2.539209
Zambia,ZMB,2013,
Zimbabwe,ZWE,2025,
Zimbabwe,ZWE,2024,
Zimbabwe,ZWE,2023,
Zimbabwe,ZWE,2022,2.2
Zimbabwe,ZWE,2021,
Zimbabwe,ZWE,2020,
Zimbabwe,ZWE,2019,
Zimbabwe,ZWE,2018,2.0
Zimbabwe,ZWE,2017,
Zimbabwe,ZWE,2016,1.995238
Zimbabwe,ZWE,2015,
Zimbabwe,ZWE,2014,1.888889
Zimbabwe,ZWE,2013,
