period,flow,reporterCode,partnerCode,primaryValue
2016,X,841,414,3295941825.0
2016,X,841,214,7750713458.0
2016,X,841,124,266701920354.0
2016,X,841,704,10098439060.0
2016,X,841,586,2107771529.0
2016,X,841,446,632019604.0
2016,X,841,144,367855266.0
2016,X,841,710,4599872063.0
2016,X,841,826,55188786399.0
2016,X,841,230,826095277.0
2016,X,841,757,22717474048.0
2016,X,841,404,397473455.0
2016,X,841,764,10500771977.0
2016,X,841,554,3567082022.0
2016,X,841,50,905730600.0
2016,X,841,276,49369909886.0
2016,X,841,12,2191261626.0
2016,X,841,344,34872648124.0
2016,X,841,616,3623452748.0
2016,X,841,784,22382490291.0
2016,X,841,818,3485903685.0
2016,X,841,410,42260903971.0
2016,X,841,702,26782281693.0
2016,X,841,528,39637944994.0
2016,X,841,288,831984010.0
2016,X,841,384,291255359.0
2016,X,841,360,6024280581.0
2016,X,841,604,7926940524.0
2016,X,841,36,22132931153.0
2016,X,841,356,21647174405.0
2016,X,841,608,8193675662.0
2016,X,841,376,13199390724.0
2016,X,841,392,63245045907.0
2016,X,841,24,1249758184.0
2016,X,841,834,157566012.0
2016,X,841,170,13047286078.0
2016,X,841,792,9354231999.0
2016,X,841,76,30193264309.0
2016,X,841,368,1266311141.0
2016,X,841,496,55261990.0
2016,X,841,218,4163585640.0
2016,X,841,251,32634010502.0
2016,X,841,192,241836581.0
2016,X,841,682,17993658268.0
2016,X,841,512,1803272983.0
2016,X,841,724,10401206965.0
2016,X,841,634,4926689354.0
2016,X,841,643,5831102662.0
2016,X,841,504,1932549861.0
2016,X,841,484,230228819654.0
2016,X,841,31,433527165.0
2016,X,841,364,172454308.0
2016,X,841,58,32096609342.0
2016,X,841,32,8526705607.000001
2016,X,841,458,11774071659.0
2016,X,841,152,12931529741.0
2016,X,841,156,115594770316.0
2016,X,841,380,16721742684.0
2016,X,356,344,13209853335.0
2016,X,356,458,4188651283.0
2016,X,356,288,712147993.0
2016,X,356,12,859760560.0
2016,X,356,36,2948411864.0
2016,X,356,604,682354308.0
2016,X,356,31,31627281.0
2016,X,356,392,3827283090.0
2016,X,356,586,1592581193.0
2016,X,356,764,2962383786.0
2016,X,356,757,1034168626.0
2016,X,356,643,1813884286.0
2016,X,356,144,4118253525.0
2016,X,356,704,5957676893.0
2016,X,356,156,8916073006.0
2016,X,356,710,3243164785.0
2016,X,356,496,9755791.0
2016,X,356,251,4867882906.0
2016,X,356,818,2089418984.0
2016,X,356,218,165236454.0
2016,X,356,58,5356387126.0
2016,X,356,376,2913649865.0
2016,X,356,608,1474264358.0
2016,X,356,528,4868487806.0
2016,X,356,360,3131502893.0
2016,X,356,124,1970163440.0
2016,X,356,192,39260152.0
2016,X,356,76,2300194964.0
2016,X,356,368,973692614.0
2016,X,356,404,2457901527.0
2016,X,356,834,1766864799.0
2016,X,356,276,7178090846.0
2016,X,356,32,510652665.0
2016,X,356,512,2577624332.0
2016,X,356,682,5045149374.0
2016,X,356,214,220990467.0
2016,X,356,170,767224748.0
2016,X,356,616,1140845802.0
2016,X,356,792,4473283093.0
2016,X,356,364,2412534981.0
2016,X,356,702,7354855183.0
2016,X,356,384,383257239.0
2016,X,356,826,8565159173.0
2016,X,356,841,41992468476.0
2016,X,356,380,4463936974.0
2016,X,356,634,769355409.0
2016,X,356,446,1764737.0
2016,X,356,50,5668792875.0
2016,X,356,152,652730218.0
2016,X,356,410,3465416576.0
2016,X,356,554,308684185.0
2016,X,356,24,139803373.0
2016,X,356,784,30041757736.0
2016,X,356,724,3359492733.0
2016,X,356,504,369009752.0
2016,X,356,414,1411588739.0
2016,X,356,484,3375325929.0
2016,X,356,230,830628658.0
2016,X,58,586,392317041.0
2016,X,58,702,1017375816.0
2016,X,58,214,59009691.0
2016,X,58,124,1578320638.0
2016,X,58,826,20610657335.0
2016,X,58,31,25257283.0
2016,X,58,604,144214665.0
2016,X,58,251,39710009576.0
2016,X,58,616,5800143161.0
2016,X,58,784,3534351974.0
2016,X,58,410,1175443433.0
2016,X,58,368,154986847.0
2016,X,58,404,117749848.0
2016,X,58,32,336588628.0
2016,X,58,364,396299501.0
2016,X,58,710,872051931.0
2016,X,58,724,6806863642.0
2016,X,58,634,201218926.0
2016,X,58,76,1847526070.0
2016,X,58,218,70439286.0
2016,X,58,152,344820853.0
2016,X,58,834,76360559.0
2016,X,58,12,668744364.0
2016,X,58,356,8547397630.999999
2016,X,58,704,394519582.0
2016,X,58,170,250030269.0
2016,X,58,682,1345687590.0
2016,X,58,50,175739282.0
2016,X,58,344,2184306658.0
2016,X,58,484,987202472.0
2016,X,58,792,3261890314.0
2016,X,58,528,30132542298.0
2016,X,58,384,202426223.0
2016,X,58,392,3081277055.0
2016,X,58,643,2403307090.0
2016,X,58,360,359495815.0
2016,X,58,496,9950389.0
2016,X,58,512,105064711.0
2016,X,58,504,636845118.0
2016,X,58,458,425942235.0
2016,X,58,288,152724891.0
2016,X,58,144,58161178.0
2016,X,58,818,770343532.0
2016,X,58,380,13115669743.0
2016,X,58,446,3333874.0
2016,X,58,192,37737826.0
2016,X,58,764,850869101.0
2016,X,58,24,156248981.0
2016,X,58,841,18053894733.0
2016,X,58,276,43149232993.0
2016,X,58,554,185491706.0
2016,X,58,376,2224640361.0
2016,X,58,757,4566878123.0
2016,X,58,608,302002516.0
2016,X,58,36,1364335166.0
2016,X,58,156,5861148588.0
2016,X,58,230,158037699.0
2016,X,58,414,180811240.0
2016,X,230,356,67653113.0
2016,X,230,792,27408634.0
2016,X,230,392,57391476.0
2016,X,230,12,786893.0
2016,X,230,276,130443761.0
2016,X,230,24,228611.0
2016,X,230,710,12558601.0
2016,X,230,512,425408.0
2016,X,230,528,17835730.0
2016,X,230,586,65474818.0
2016,X,230,368,2159743.0
2016,X,230,704,43105103.0
2016,X,230,484,1950330.0
2016,X,230,604,142537.0
2016,X,230,31,899.0
2016,X,230,144,2667611.0
2016,X,230,384,175048.0
2016,X,230,702,6629889.0
2016,X,230,834,334118.0
2016,X,230,682,153000450.0
2016,X,230,634,412284.0
2016,X,230,724,4856188.0
2016,X,230,764,5040534.0
2016,X,230,152,241765.0
2016,X,230,554,4461119.0
2016,X,230,251,32004644.0
2016,X,230,784,87568703.0
2016,X,230,458,5016012.0
2016,X,230,58,46490793.0
2016,X,230,757,112299726.0
2016,X,230,364,2222347.0
2016,X,230,170,15931.0
2016,X,230,288,172923.0
2016,X,230,36,17784584.0
2016,X,230,410,46753408.0
2016,X,230,643,12095006.0
2016,X,230,608,857824.0
2016,X,230,414,1014624.0
2016,X,230,380,51439288.0
2016,X,230,32,13066.0
2016,X,230,50,1922657.0
2016,X,230,616,418675.0
2016,X,230,76,450267.0
2016,X,230,504,432110.0
2016,X,230,344,21575225.0
2016,X,230,818,6408265.0
2016,X,230,404,29907559.0
2016,X,230,360,28189125.0
2016,X,230,376,64932898.0
2016,X,230,156,349391031.0
2016,X,230,124,12254279.0
2016,X,230,826,32912602.0
2016,X,230,841,177307084.0
2016,M,841,616,6142117679.0
2016,M,841,218,6493997005.0
2016,M,841,24,2976766381.0
2016,M,841,276,116259433241.0
2016,M,841,704,43747875466.0
2016,M,841,170,14435553847.0
2016,M,841,410,71887628102.0
2016,M,841,360,20126720294.0
2016,M,841,156,481310447998.0
2016,M,841,380,46607024610.0
2016,M,841,702,18061581094.0
2016,M,841,392,135071040323.00002
2016,M,841,484,296199943735.0
2016,M,841,608,10373585588.0
2016,M,841,512,1193351422.0
2016,M,841,214,4788622687.0
2016,M,841,76,27047003993.0
2016,M,841,58,17451672614.0
2016,M,841,230,247087098.0
2016,M,841,404,570507408.0
2016,M,841,757,36834114609.0
2016,M,841,710,6922227710.0
2016,M,841,604,6551437683.0
2016,M,841,634,1188793804.0
2016,M,841,376,22631629192.0
2016,M,841,124,282919218117.0
2016,M,841,458,37309226826.0
2016,M,841,528,16676762852.0
2016,M,841,826,55147156285.0
2016,M,841,554,4215797241.0000005
2016,M,841,356,47731926317.0
2016,M,841,364,90051429.0
2016,M,841,32,4911097074.0
2016,M,841,144,2905625304.0
2016,M,841,344,7546850190.0
2016,M,841,764,30464026299.0
2016,M,841,792,8493585558.0
2016,M,841,152,9545723021.0
2016,M,841,724,13964572350.0
2016,M,841,251,47766560286.0
2016,M,841,36,9556561771.0
2016,M,841,368,6319320868.0
2016,M,841,12,3418707042.0
2016,M,841,586,3617846998.0
2016,M,841,818,1561796549.0
2016,M,841,834,151572297.0
2016,M,841,384,1200548239.0
2016,M,841,414,3482834767.0
2016,M,841,446,121638905.0
2016,M,841,504,1059611246.0
2016,M,841,31,152590673.0
2016,M,841,288,335384845.0
2016,M,841,784,3556522763.0
2016,M,841,50,6119725526.0
2016,M,841,643,15292228487.0
2016,M,841,682,18009018899.0
2016,M,841,496,11523959.0
2016,M,356,757,14855313986.0
2016,M,356,841,20395235312.0
2016,M,356,214,637003392.0
2016,M,356,380,3840871062.0
2016,M,356,404,126408917.0
2016,M,356,764,5316377864.0
2016,M,356,288,1449129772.0
2016,M,356,682,18460868542.0
2016,M,356,834,830586828.0
2016,M,356,384,448529467.0
2016,M,356,218,213319279.0
2016,M,356,704,3105625007.0
2016,M,356,710,5092336127.0
2016,M,356,724,1725772610.0
2016,M,356,364,8253714500.0
2016,M,356,230,70202058.0
2016,M,356,24,2001936255.0
2016,M,356,124,3646860740.0
2016,M,356,36,8730657342.0
2016,M,356,818,1022565113.0
2016,M,356,484,2442138336.0
2016,M,356,643,4782004806.0
2016,M,356,586,461079164.0
2016,M,356,634,7479482182.0
2016,M,356,344,7119319088.0
2016,M,356,76,3614718434.0
2016,M,356,512,1300262866.0
2016,M,356,792,1129743122.0
2016,M,356,376,2076419895.0
2016,M,356,32,2591844533.0
2016,M,356,410,12214045788.0
2016,M,356,31,280718035.0
2016,M,356,826,3863790881.0
2016,M,356,392,9808530801.0
2016,M,356,156,60483103360.0
2016,M,356,458,8653350696.0
2016,M,356,368,9974378428.0
2016,M,356,12,578207721.0
2016,M,356,446,7678743.0
2016,M,356,192,1179204.0
2016,M,356,414,4034768367.0
2016,M,356,170,476320024.0
2016,M,356,360,12189258701.0
2016,M,356,276,11499371385.0
2016,M,356,251,3167272148.0
2016,M,356,784,19240913231.0
2016,M,356,554,508743960.0
2016,M,356,702,6719479269.0
2016,M,356,50,677098051.0
2016,M,356,504,840281104.0
2016,M,356,496,2353192.0
2016,M,356,152,1218361412.0
2016,M,356,144,632272591.0
2016,M,356,528,1781383543.0
2016,M,356,616,653938566.0
2016,M,356,58,7479921941.0
2016,M,356,604,989574824.0
2016,M,356,608,475843979.0
2016,M,58,36,521856103.0
2016,M,58,50,403670631.0
2016,M,58,376,1151369702.0
2016,M,58,380,10921207818.0
2016,M,58,214,20129662.0
2016,M,58,724,6631232709.0
2016,M,58,643,6631103309.0
2016,M,58,156,7415774414.0
2016,M,58,24,459584435.0
2016,M,58,368,16767061.000000002
2016,M,58,218,102107711.0
2016,M,58,528,54818258060.0
2016,M,58,392,7023361210.0
2016,M,58,124,2038655228.0
2016,M,58,512,3110700.0
2016,M,58,841,15657931911.0
2016,M,58,757,3119417316.0
2016,M,58,276,40906113994.0
2016,M,58,792,2704005917.0
2016,M,58,251,30034651936.0
2016,M,58,604,238380196.0
2016,M,58,192,25976982.0
2016,M,58,826,13128427051.0
2016,M,58,634,648348617.0
2016,M,58,504,234586654.0
2016,M,58,152,471350952.0
2016,M,58,170,112035777.0
2016,M,58,496,281867.0
2016,M,58,554,295293659.0
2016,M,58,458,744595322.0
2016,M,58,12,293335839.0
2016,M,58,144,160082124.0
2016,M,58,356,3261068956.0
2016,M,58,76,1785204948.0
2016,M,58,704,510702966.0
2016,M,58,608,213387215.0
2016,M,58,230,8407167.0
2016,M,58,360,434638311.0
2016,M,58,586,188405042.0
2016,M,58,484,2403339959.0
2016,M,58,384,278919289.0
2016,M,58,446,2256681.0
2016,M,58,344,800117236.0
2016,M,58,710,1932906827.0
2016,M,58,288,102433371.0
2016,M,58,764,1168187033.0
2016,M,58,682,1111241889.0
2016,M,58,410,1411122190.0
2016,M,58,616,3551398926.0
2016,M,58,784,2338804139.0
2016,M,58,834,137737159.0
2016,M,58,702,3652956147.0
2016,M,58,414,13994550.0
2016,M,58,364,63775795.0
2016,M,58,32,235176616.0
2016,M,58,818,130595817.0
2016,M,58,31,1988388.0
2016,M,58,404,15918876.0
2016,M,230,344,63289885.0
2016,M,230,32,4420635.0
2016,M,230,608,12338678.0
2016,M,230,192,34461.0
2016,M,230,458,293821627.0
2016,M,230,124,67122798.0
2016,M,230,356,1337400933.0
2016,M,230,818,178374299.0
2016,M,230,376,27299930.0
2016,M,230,834,4561830.0
2016,M,230,392,696736852.0
2016,M,230,702,22977876.0
2016,M,230,554,6271463.0
2016,M,230,36,15023715.0
2016,M,230,784,409497003.0
2016,M,230,384,361696.0
2016,M,230,156,5292145682.0
2016,M,230,414,905417035.0
2016,M,230,31,10625.0
2016,M,230,251,219601883.0
2016,M,230,504,200077773.0
2016,M,230,364,9817593.0
2016,M,230,380,771618075.0
2016,M,230,360,328945984.0
2016,M,230,496,42153.0
2016,M,230,24,30426.0
2016,M,230,604,6208003.0
2016,M,230,704,28178811.0
2016,M,230,50,6664216.0
2016,M,230,826,214814797.0
2016,M,230,410,193011178.0
2016,M,230,484,5885676.0
2016,M,230,276,377125901.0
2016,M,230,764,137007598.0
2016,M,230,170,1838487.0
2016,M,230,152,794653.0
2016,M,230,643,160096250.0
2016,M,230,616,105245120.0
2016,M,230,724,143974856.0
2016,M,230,76,69118039.0
2016,M,230,214,5742.0
2016,M,230,512,14212693.0
2016,M,230,792,597039052.0
2016,M,230,288,129747.99999999999
2016,M,230,757,60726713.0
2016,M,230,144,4708589.0
2016,M,230,58,232988615.0
2016,M,230,634,4066014.0
2016,M,230,218,848091.0
2016,M,230,368,30679.0
2016,M,230,12,29077.0
2016,M,230,682,372078794.0
2016,M,230,710,160895002.0
2016,M,230,586,36967951.0
2016,M,230,841,1651234017.0
2016,M,230,404,35320216.0
2016,M,230,528,188362473.0
2023,X,841,586,2075496758.0
2023,X,841,446,526059474.00000006
2023,X,841,554,4351765963.0
2023,X,841,218,7947678751.0
2023,X,841,251,45255934885.0
2023,X,841,50,2251990367.0
2023,X,841,496,168149140.0
2023,X,841,360,9943228470.0
2023,X,841,414,2918910849.0
2023,X,841,484,323227903905.0
2023,X,841,834,424880289.0
2023,X,841,144,366221886.0
2023,X,841,152,18723684800.0
2023,X,841,724,25000478724.0
2023,X,841,634,4658192457.0
2023,X,841,192,404375085.0
2023,X,841,616,10989843618.0
2023,X,841,344,27744741789.0
2023,X,841,410,64835853629.0
2023,X,841,784,24857035171.0
2023,X,841,528,82186249691.0
2023,X,841,288,850833145.0
2023,X,841,384,545430391.0
2023,X,841,36,33672030176.0
2023,X,841,170,17552368193.0
2023,X,841,604,12039068959.0
2023,X,841,356,40116453422.0
2023,X,841,643,597274158.0
2023,X,841,504,3752347492.0
2023,X,841,757,27872814193.0
2023,X,841,764,15653217465.0
2023,X,841,24,595278456.0
2023,X,841,392,76154045175.0
2023,X,841,376,14032404266.0
2023,X,841,608,9287844821.0
2023,X,841,276,76472551327.0
2023,X,841,76,44807817217.0
2023,X,841,792,14693841811.0
2023,X,841,368,2258506365.0
2023,X,841,12,1214448016.0
2023,X,841,380,28916814190.0
2023,X,841,124,352760090331.0
2023,X,841,156,147805519994.0
2023,X,841,230,1210864885.0
2023,X,841,458,19439249562.0
2023,X,841,364,59014461.0
2023,X,841,32,11441926315.0
2023,X,841,58,38827845470.0
2023,X,841,214,13062566546.0
2023,X,841,512,1862409322.0
2023,X,841,682,13872813909.0
2023,X,841,826,74054013691.0
2023,X,841,31,541549689.0
2023,X,841,710,7155082196.0
2023,X,841,818,4486971384.0
2023,X,841,404,493662097.0
2023,X,841,702,42433068231.0
2023,X,841,704,9811558938.0
2023,X,356,144,3578261704.0
2023,X,356,31,90576735.0
2023,X,356,724,4623263637.0
2023,X,356,12,750718214.0
2023,X,356,36,7721948109.0
2023,X,356,604,916313102.0
2023,X,356,764,5056577143.0
2023,X,356,643,4057640414.0
2023,X,356,586,523219519.0
2023,X,356,792,7574272316.0
2023,X,356,702,12035719268.0
2023,X,356,392,5084239594.0
2023,X,356,76,6664514200.0
2023,X,356,504,1112100110.0
2023,X,356,496,36521513.0
2023,X,356,608,1936035542.0
2023,X,356,58,7971887655.0
2023,X,356,376,6048680408.0
2023,X,356,528,23108491079.0
2023,X,356,360,7397899301.0
2023,X,356,192,89420440.0
2023,X,356,124,3758769306.0
2023,X,356,218,471307057.0
2023,X,356,251,7188438183.0
2023,X,356,818,3956061445.0
2023,X,356,834,4134349394.0
2023,X,356,404,3291835286.0
2023,X,356,368,3470878264.0
2023,X,356,826,12479605347.0
2023,X,356,156,16245421881.0
2023,X,356,484,5283663733.0
2023,X,356,364,1186576433.0
2023,X,356,616,2322029075.0
2023,X,356,682,10832202785.0
2023,X,356,170,1198486674.0
2023,X,356,214,328125020.0
2023,X,356,32,996312739.0
2023,X,356,512,4479588091.0
2023,X,356,704,5651505606.0
2023,X,356,634,1652083595.0
2023,X,356,446,978126.0
2023,X,356,380,8398556039.000001
2023,X,356,841,75805285420.0
2023,X,356,554,509529015.0
2023,X,356,24,634338452.0
2023,X,356,784,33021240264.0
2023,X,356,152,1169609710.0
2023,X,356,50,11252649443.0
2023,X,356,410,6285118862.0
2023,X,356,276,9667108804.0
2023,X,356,288,999357534.0
2023,X,356,710,8019745296.0
2023,X,356,458,6677685686.0
2023,X,356,344,8730767793.0
2023,X,356,384,719830944.0
2023,X,356,230,479098462.0
2023,X,356,414,1777227061.0
2023,X,356,757,1381205361.0
2023,X,58,392,4343908142.0
2023,X,58,496,26880573.0
2023,X,58,76,2639166380.0
2023,X,58,504,1172880510.0
2023,X,58,24,226595335.0
2023,X,58,458,829517568.0
2023,X,58,512,133876946.0
2023,X,58,144,80766968.0
2023,X,58,384,809041818.0
2023,X,58,826,23389321676.0
2023,X,58,31,56646926.0
2023,X,58,360,704620950.0
2023,X,58,50,229826320.0
2023,X,58,218,111007197.0
2023,X,58,704,866638706.0
2023,X,58,152,504076276.0
2023,X,58,834,94576496.0
2023,X,58,12,544105740.0
2023,X,58,682,2182429030.0
2023,X,58,170,489737415.0
2023,X,58,356,4827461380.0
2023,X,58,528,52930806106.0
2023,X,58,792,5179478475.0
2023,X,58,484,2129135804.0
2023,X,58,344,1669726905.0
2023,X,58,32,810147016.0
2023,X,58,404,200577514.0
2023,X,58,818,1354759145.0
2023,X,58,124,2987616485.0
2023,X,58,724,11107566499.0
2023,X,58,634,266304783.0
2023,X,58,604,221196866.0
2023,X,58,251,49739420139.0
2023,X,58,616,10286520620.0
2023,X,58,784,3920029887.0
2023,X,58,410,2000447831.0
2023,X,58,192,24948353.0
2023,X,58,368,303987885.0
2023,X,58,288,564916494.0
2023,X,58,380,18216520387.0
2023,X,58,446,8090383.0
2023,X,58,364,249963792.0
2023,X,58,414,254266496.0
2023,X,58,586,489620761.0
2023,X,58,710,1330461655.0
2023,X,58,214,164975907.0
2023,X,58,376,1884992244.0
2023,X,58,554,271281145.0
2023,X,58,764,826601878.0
2023,X,58,841,27717334741.0
2023,X,58,276,64055169590.0
2023,X,58,608,449028717.0
2023,X,58,36,1912707205.0
2023,X,58,230,191299129.0
2023,X,58,156,6804179160.0
2023,X,58,757,5004580481.0
2023,X,58,702,1450939261.0
2023,X,58,643,2085501424.0
2023,X,230,368,791680.0
2023,X,230,484,410950.0
2023,X,230,764,7107772.0
2023,X,230,12,258762.99999999997
2023,X,230,608,28133.0
2023,X,230,414,5761724.0
2023,X,230,643,12934261.0
2023,X,230,682,297920263.0
2023,X,230,214,287932.0
2023,X,230,554,3362647.0
2023,X,230,276,135401570.0
2023,X,230,31,4687.0
2023,X,230,380,56645400.0
2023,X,230,512,9973162.0
2023,X,230,152,72132.0
2023,X,230,724,11535269.0
2023,X,230,634,7855742.0
2023,X,230,251,34816848.0
2023,X,230,784,163901913.0
2023,X,230,702,73469218.0
2023,X,230,834,180447.0
2023,X,230,826,41452026.0
2023,X,230,36,25954945.0
2023,X,230,496,32720.0
2023,X,230,288,371829.0
2023,X,230,458,10832993.0
2023,X,230,818,8711748.0
2023,X,230,170,13872.0
2023,X,230,792,46367427.0
2023,X,230,704,47887435.0
2023,X,230,58,92309495.0
2023,X,230,410,116131396.0
2023,X,230,710,9976808.0
2023,X,230,24,100306.0
2023,X,230,616,4546263.0
2023,X,230,50,3022636.0
2023,X,230,32,52713.0
2023,X,230,360,23449869.0
2023,X,230,76,2317464.0
2023,X,230,504,2738381.0
2023,X,230,528,218711708.0
2023,X,230,344,21640052.0
2023,X,230,404,64898245.0
2023,X,230,156,131648666.99999999
2023,X,230,124,24774181.0
2023,X,230,841,276456880.0
2023,X,230,356,139250497.0
2023,X,230,376,104006742.0
2023,X,230,144,380514.0
2023,X,230,384,282116.0
2023,X,230,392,104119342.0
2023,X,230,364,1317348.0
2023,X,230,757,4407541.0
2023,X,230,586,35918565.0
2023,M,841,12,3150865569.0
2023,M,841,251,58921666947.0
2023,M,841,608,13686902717.0
2023,M,841,528,39317066639.0
2023,M,841,356,87278828255.0
2023,M,841,364,2268851.0
2023,M,841,554,5794945077.0
2023,M,841,792,16519765151.0
2023,M,841,152,16623260047.0
2023,M,841,404,918514732.0
2023,M,841,376,21162969462.0
2023,M,841,704,118940051668.0
2023,M,841,170,16957922660.999998
2023,M,841,764,58684932837.0
2023,M,841,834,197933931.0
2023,M,841,384,1003403678.0
2023,M,841,446,138194264.0
2023,M,841,504,1771818775.0
2023,M,841,414,1780807032.0
2023,M,841,218,9220415665.0
2023,M,841,616,13627601974.0
2023,M,841,24,1205191072.0
2023,M,841,392,151580564290.0
2023,M,841,276,162959184239.0
2023,M,841,76,40998269163.0
2023,M,841,214,7276804714.0
2023,M,841,58,23501005342.0
2023,M,841,757,52815436548.0
2023,M,841,230,515606151.0
2023,M,841,604,9300683387.0
2023,M,841,512,1759461496.0
2023,M,841,634,2130464035.9999998
2023,M,841,710,14165883620.0
2023,M,841,124,429604898391.0
2023,M,841,32,6730253742.0
2023,M,841,144,2976099550.0
2023,M,841,344,4257940062.0
2023,M,841,826,64776969519.0
2023,M,841,458,47328326350.0
2023,M,841,586,5186861342.0
2023,M,841,818,2540759944.0
2023,M,841,496,31127786.0
2023,M,841,50,8668700578.0
2023,M,841,784,6870278305.0
2023,M,841,192,4110636.9999999995
2023,M,841,31,71612893.0
2023,M,841,288,1738323080.0
2023,M,841,643,4902440527.0
2023,M,841,682,16509357169.0
2023,M,841,36,15313112630.0
2023,M,841,724,24076696476.0
2023,M,841,360,28101210465.0
2023,M,841,410,119716388241.0
2023,M,841,156,448017376384.0
2023,M,841,380,75171409613.0
2023,M,841,702,40710216640.0
2023,M,841,484,480050580531.0
2023,M,841,368,8941520927.0
2023,M,356,12,687359647.0
2023,M,356,834,1728921652.0
2023,M,356,484,4100446593.0
2023,M,356,414,9104248497.0
2023,M,356,841,42116442590.0
2023,M,356,360,24033807359.0
2023,M,356,446,7787862.0
2023,M,356,156,121967409581.0
2023,M,356,368,29842816838.0
2023,M,356,376,1711734507.0
2023,M,356,792,3145234309.0
2023,M,356,76,6469573724.0
2023,M,356,710,11360294391.0
2023,M,356,634,12986816439.0
2023,M,356,586,7694923.0
2023,M,356,344,3645307870.0
2023,M,356,392,18752547723.0
2023,M,356,24,3907982649.0
2023,M,356,124,7145926647.0
2023,M,356,36,18546162563.0
2023,M,356,757,18599429262.0
2023,M,356,214,441158677.0
2023,M,356,230,94198257.0
2023,M,356,643,67070988517.0
2023,M,356,512,4378712629.0
2023,M,356,826,6749741516.0
2023,M,356,31,280954761.0
2023,M,356,410,19640138847.0
2023,M,356,704,9643313897.0
2023,M,356,504,1391184906.0
2023,M,356,818,1458960449.0
2023,M,356,144,893328278.0
2023,M,356,218,1043867144.0
2023,M,356,384,391500451.0
2023,M,356,288,1306991094.0
2023,M,356,682,34643621702.0
2023,M,356,380,6834308487.0
2023,M,356,404,115455953.0
2023,M,356,764,10698465114.0
2023,M,356,702,6934788476.0
2023,M,356,50,1893118973.0
2023,M,356,784,37540701839.0
2023,M,356,554,392255198.0
2023,M,356,276,18118667041.0
2023,M,356,251,6599137883.0
2023,M,356,364,1018195506.0
2023,M,356,724,3035316039.0
2023,M,356,528,2414881141.0
2023,M,356,616,1669453315.0
2023,M,356,58,3686508365.0
2023,M,356,192,4512174.0
2023,M,356,152,1487346194.0
2023,M,356,496,987865.0
2023,M,356,170,2995266888.0
2023,M,356,604,2778923593.0
2023,M,356,32,2954283302.0
2023,M,356,608,1530151337.0
2023,M,356,458,12555909049.0
2023,M,58,826,14577130029.0
2023,M,58,757,10424911204.0
2023,M,58,31,44131508.0
2023,M,58,76,1589248934.0
2023,M,58,704,893370340.0
2023,M,58,608,153146662.0
2023,M,58,230,23603251.0
2023,M,58,192,25146024.0
2023,M,58,604,186169979.0
2023,M,58,376,767659393.0
2023,M,58,554,221529578.0
2023,M,58,24,624778904.0
2023,M,58,156,14237893000.0
2023,M,58,36,1163855310.0
2023,M,58,218,82125792.0
2023,M,58,841,27982351665.0
2023,M,58,512,15751468.0
2023,M,58,792,3359296192.0
2023,M,58,251,48084916330.0
2023,M,58,276,52014855349.0
2023,M,58,344,233901420.0
2023,M,58,214,56655095.0
2023,M,58,404,24523989.0
2023,M,58,380,16228438109.0
2023,M,58,360,657075077.0
2023,M,58,586,232970223.0
2023,M,58,484,2709903305.0
2023,M,58,384,272305079.0
2023,M,58,446,3556936.0
2023,M,58,818,203858287.0
2023,M,58,50,415839432.0
2023,M,58,458,1329727520.0
2023,M,58,170,208172471.0
2023,M,58,496,363229.0
2023,M,58,152,485706208.0
2023,M,58,504,613558975.0
2023,M,58,12,738765089.0
2023,M,58,144,154448273.0
2023,M,58,356,4376368456.0
2023,M,58,392,8901792473.0
2023,M,58,710,1840543420.0
2023,M,58,288,125059109.0
2023,M,58,368,81269408.0
2023,M,58,682,1468430817.0
2023,M,58,764,924571835.0
2023,M,58,32,226739604.0
2023,M,58,643,3726232369.0
2023,M,58,124,3125478884.0
2023,M,58,528,87949009750.0
2023,M,58,410,3201042728.0
2023,M,58,724,10006748612.0
2023,M,58,616,7403971678.0
2023,M,58,364,27996377.0
2023,M,58,414,219594671.0
2023,M,58,834,67521944.0
2023,M,58,702,2334720460.0
2023,M,58,784,1518651356.0
2023,M,58,634,2928913720.0
2023,M,230,554,6134697.0
2023,M,230,392,381941035.0
2023,M,230,156,5572385941.0
2023,M,230,458,264094628.00000003
2023,M,230,192,39107.0
2023,M,230,792,619977254.0
2023,M,230,512,149622122.0
2023,M,230,834,4821277.0
2023,M,230,702,34719295.0
2023,M,230,50,4241462.0
2023,M,230,826,362511628.0
2023,M,230,784,471919468.0
2023,M,230,144,4209800.0
2023,M,230,384,2225461.0
2023,M,230,251,200085247.0
2023,M,230,504,676621793.0
2023,M,230,214,184503.0
2023,M,230,36,7675132.0
2023,M,230,608,12943903.0
2023,M,230,32,2749729.0
2023,M,230,616,42972912.0
2023,M,230,724,62596794.0
2023,M,230,76,40473350.0
2023,M,230,276,175500677.0
2023,M,230,764,107143407.0
2023,M,230,484,17562980.0
2023,M,230,170,1944595.0
2023,M,230,152,1876373.0
2023,M,230,643,18780666.0
2023,M,230,414,1327406436.0
2023,M,230,446,2621.0
2023,M,230,410,178147347.0
2023,M,230,604,888850.0
2023,M,230,24,63610.0
2023,M,230,704,46644219.0
2023,M,230,376,16368605.0
2023,M,230,818,454682448.0
2023,M,230,124,42739326.0
2023,M,230,356,1637773810.0
2023,M,230,757,16843015.0
2023,M,230,288,400382.0
2023,M,230,58,141228990.0
2023,M,230,368,17759290.0
2023,M,230,218,123599.0
2023,M,230,634,6827321.0
2023,M,230,841,1080898788.0
2023,M,230,344,70977563.0
2023,M,230,404,79501564.0
2023,M,230,528,99873750.0
2023,M,230,710,153143113.0
2023,M,230,12,458678.0
2023,M,230,682,1129206595.0
2023,M,230,586,46997296.0
2023,M,230,360,331469683.0
2023,M,230,380,249006403.0
2023,M,230,364,1644755.0
